Country,Title,Type,Category,Frequency,Owner (group),Publisher,Ad Sales,Location / Note,Circulation,Country,Vertical,Audience,B2B/B2C,Reach,Format,Native fit,Tags,URL,URL_status
NO,Adresseavisen,Avis,Regional,Daglig,Polaris Media,Adresseavisen AS,Polaris Media Salg / SMS (samarbeid),Trondheim,75584,NO,News (Regional),Regional consumer,B2C,Regional,Print + Digital,Medium,circulation-reported,https://www.adressa.no,VERIFIED
NO,Aftenbladet Bryne,Avis,Lokal,Flere ganger ukentlig,Schibsted,Jærbladet AS,Schibsted Marketing Services (SMS),Jæren,,NO,News (Local),Regional consumer,B2C,Local,Print + Digital,Medium,,https://www.aftenbladet.no,VERIFIED
NO,Aftenposten,Avis,Abonnementsavis riks,Daglig,Schibsted,Aftenposten AS,Schibsted Marketing Services (SMS),Oslo,252448,NO,News (National),General consumer,B2C,National,Print + Digital,High,"circulation-reported, high-circulation",https://www.aftenposten.no,VERIFIED
NO,Agderposten,Avis,Regional,Daglig,Polaris Media,Agderposten AS,Polaris Media Salg / SMS (samarbeid),Arendal,19633,NO,News (Regional),Regional consumer,B2C,Regional,Print + Digital,Medium,circulation-reported,https://www.agderposten.no,VERIFIED
NO,Akers Avis Groruddalen,Avis,Regional,Ukentlig,Amedia,Akers Avis AS,Amedia Salg,Oslo,,NO,News (Regional),Regional consumer,B2C,Regional,Print + Digital,Medium,,https://www.groruddalen.no,VERIFIED
NO,Akershus Amtstidende,Avis,Regional,Daglig,Amedia,Amta AS,Amedia Salg,Drøbak,,NO,News (Regional),Regional consumer,B2C,Regional,Print + Digital,Medium,,https://amta.no,VERIFIED
NO,Alvdal midt i væla,Avis,Lokal,Ukentlig,Selvstendig,Alvdal MIV,Direkte hos utgiver,Alvdal,,NO,News (Local),Regional consumer,B2C,Local,Print + Digital,Medium,,https://www.alvdalmiv.no,VERIFIED
NO,Andøyposten,Avis,Lokal,2x ukentlig,Selvstendig,Andøyposten AS,Direkte hos utgiver,Andøy,,NO,News (Local),Regional consumer,B2C,Local,Print + Digital,Medium,,https://www.andoyposten.no,VERIFIED
NO,Arbeidets Rett,Avis,Regional,Flere ganger ukentlig,Polaris Media,Arbeidets Rett AS,Polaris Media Salg / SMS (samarbeid),Røros,,NO,News (Regional),Regional consumer,B2C,Regional,Print + Digital,Medium,,https://www.retten.no,VERIFIED
NO,Arendals Tidende,Avis,Lokal,Ukentlig,Selvstendig,Arendals Tidende AS,Direkte hos utgiver,Arendal,,NO,News (Local),Regional consumer,B2C,Local,Print + Digital,Medium,,https://www.arendalstidende.no,VERIFIED
NO,Askøyværingen,Avis,Lokal,2x ukentlig,Polaris Media,Askøyværingen AS,Polaris Media Salg / SMS (samarbeid),Askøy (51% Polaris),,NO,News (Local),Regional consumer,B2C,Local,Print + Digital,Medium,,https://www.av-avis.no,VERIFIED
NO,Aura Avis,Avis,Lokal,Flere ganger ukentlig,Amedia,Aura Avis AS,Amedia Salg,Sunndal,,NO,News (Local),Regional consumer,B2C,Local,Print + Digital,Medium,,https://auraavis.no,VERIFIED
NO,Aust Agder Blad,Avis,Lokal,Flere ganger ukentlig,Amedia,Aust Agder Blad AS,Amedia Salg,Risør,,NO,News (Local),Regional consumer,B2C,Local,Print + Digital,Medium,,https://www.austagderblad.no,VERIFIED
NO,Avisa Hemnes,Avis,Lokal,Ukentlig,Selvstendig,Avisa Hemnes,Direkte hos utgiver,Hemnes,,NO,News (Local),Regional consumer,B2C,Local,Print + Digital,Medium,,https://www.avisa-hemnes.no,VERIFIED
NO,Avisa Lofoten,Avis,Lokal,Ukentlig,Selvstendig,Avisa Lofoten AS,Direkte hos utgiver,Lofoten,,NO,News (Local),Regional consumer,B2C,Local,Print + Digital,Medium,,https://www.lofotnytt.no,LIKELY_OK
NO,Avisa Nordland,Avis,Regional,Daglig,Amedia,Avisa Nordland AS,Amedia Salg,Bodø,21820,NO,News (Regional),Regional consumer,B2C,Regional,Print + Digital,Medium,circulation-reported,https://www.an.no,VERIFIED
NO,Avisa Oslo,Avis,Regional,Digital,Amedia,Avisa Oslo AS,Amedia Salg,Oslo,,NO,News (Regional),Regional consumer,B2C,Regional,Digital,Medium,,https://avisaoslo.no,VERIFIED
NO,Bergens Tidende,Avis,Regional,Daglig,Schibsted,Bergens Tidende AS,Schibsted Marketing Services (SMS),Bergen,89533,NO,News (Regional),Regional consumer,B2C,Regional,Print + Digital,Medium,circulation-reported,https://www.bt.no,VERIFIED
NO,Bergensavisen (BA),Avis,Regional,Daglig,Amedia,BA Media AS,Amedia Salg,Bergen,27815,NO,News (Regional),Regional consumer,B2C,Regional,Print + Digital,Medium,circulation-reported,https://www.ba.no,VERIFIED
NO,Birkenes-Avisa,Avis,Lokal,Ukentlig,Selvstendig,Birkenes-Avisa,Direkte hos utgiver,Birkenes,,NO,News (Local),Regional consumer,B2C,Local,Print + Digital,Medium,,https://birkenes-avisa.no,VERIFIED
NO,Bladet (Malvik),Avis,Lokal,Flere ganger ukentlig,Polaris Media,Bladet AS,Polaris Media Salg / SMS (samarbeid),Malvik,,NO,News (Local),Regional consumer,B2C,Local,Print + Digital,Medium,,https://www.bladet.no,VERIFIED
NO,Bladet Vesterålen,Avis,Regional,Daglig,Selvstendig,Bladet Vesterålen AS,Direkte hos utgiver,Sortland,,NO,News (Regional),Regional consumer,B2C,Regional,Print + Digital,Medium,,https://blv.no,VERIFIED
NO,Brønnøysunds Avis,Avis,Regional,Daglig,Amedia,Brønnøysunds Avis AS,Amedia Salg,Brønnøysund,,NO,News (Regional),Regional consumer,B2C,Regional,Print + Digital,Medium,,https://www.banett.no,VERIFIED
NO,Budstikka,Avis,Regional,Daglig,Selvstendig,Asker og Bærums Budstikke ASA,Direkte hos utgiver,Asker/Bærum,22762,NO,News (Regional),Regional consumer,B2C,Regional,Print + Digital,Medium,circulation-reported,https://budstikka.no,VERIFIED
NO,Bygdabladet Randaberg og Rennesøy,Avis,Lokal,Ukentlig,Selvstendig,Bygdabladet AS,Direkte hos utgiver,Randaberg,,NO,News (Local),Regional consumer,B2C,Local,Print + Digital,Medium,,https://www.bygdabladet.no,VERIFIED
NO,Bygdanytt,Avis,Lokal,Flere ganger ukentlig,Polaris Media,Bygdanytt AS,Polaris Media Salg / SMS (samarbeid),Indre Arna (51% Polaris/49% Schibsted),,NO,News (Local),Regional consumer,B2C,Local,Print + Digital,Medium,,https://www.bygdanytt.no,VERIFIED
NO,Bygdebladet,Avis,Lokal,Ukentlig,Selvstendig,Bygdebladet AS,Direkte hos utgiver,Strand/Hjelmeland,,NO,News (Local),Regional consumer,B2C,Local,Print + Digital,Medium,,https://bygdebladet.no,VERIFIED
NO,Bygdeposten,Avis,Lokal,Flere ganger ukentlig,Amedia,Bygdeposten AS,Amedia Salg,Vikersund,6744,NO,News (Local),Regional consumer,B2C,Local,Print + Digital,Medium,circulation-reported,https://bygdeposten.no,VERIFIED
NO,Bø Blad,Avis,Lokal,Ukentlig,Selvstendig,Bø Blad,Direkte hos utgiver,Bø i Telemark,,NO,News (Local),Regional consumer,B2C,Local,Print + Digital,Medium,,https://www.boblad.no,VERIFIED
NO,Bømlo-Nytt,Avis,Lokal,Flere ganger ukentlig,Selvstendig,Bømlo-Nytt AS,Direkte hos utgiver,Bømlo,,NO,News (Local),Regional consumer,B2C,Local,Print + Digital,Medium,,https://www.bomlo-nytt.no,VERIFIED
NO,Dag og Tid,Avis,Politikk/kultur,Ukentlig,Selvstendig,Dag og Tid AS,Direkte hos utgiver,Nynorsk,13758,NO,Politics & Current Affairs,General consumer,B2C,National,Print + Digital,High,circulation-reported,https://www.dagogtid.no,VERIFIED
NO,Dagbladet,Avis,Tabloid riks,Daglig,Aller Media,Dagbladet AS,Aller Media Annonsesalg,Oslo,110092,NO,News (National Tabloid),Mass market consumer,B2C,National,Print + Digital,High,"circulation-reported, high-circulation",https://www.dagbladet.no,VERIFIED
NO,Dagen,Avis,Kristen riks,Daglig,Selvstendig,Dagen Mediér AS,Direkte hos utgiver,Konservativt kristen,15611,NO,Religion,Religious (Christian),B2C,National,Print + Digital,Medium,"circulation-reported, conservative",https://www.dagen.no,VERIFIED
NO,Dagens Næringsliv,Avis,Næringsliv riks,Daglig,NHST Media Group,DN AS,NHST Media Salg,Næringsliv,94094,NO,Business & Finance,General consumer,B2C,National,Print + Digital,High,circulation-reported,https://www.dn.no,VERIFIED
NO,Dagsavisen,Avis,Riks,Daglig,Mentor Medier,Stiftelsen Dagsavisen,Mentor Medier Salg,Sosialdemokratisk,20787,NO,News (National),General consumer,B2C,National,Print + Digital,Medium,"circulation-reported, social-democratic",https://www.dagsavisen.no,VERIFIED
NO,Dalane Tidende,Avis,Regional,2x ukentlig,Schibsted,Dalane Tidende AS,Schibsted Marketing Services (SMS),Egersund,,NO,News (Regional),Regional consumer,B2C,Regional,Print + Digital,Medium,,https://dalanetidende.no,VERIFIED
NO,Document,Avis,Politikk,Digital,Selvstendig,Document Forlag,Direkte hos utgiver,Konservativ,,NO,Politics & Current Affairs,General consumer,B2C,National,Digital,High,conservative,https://www.document.no,VERIFIED
NO,Drammens Tidende,Avis,Regional,Daglig,Amedia,Drammens Tidende AS,Amedia Salg,Drammen,27373,NO,News (Regional),Regional consumer,B2C,Regional,Print + Digital,Medium,circulation-reported,https://drammenstidende.no,VERIFIED
NO,Drangedalsposten,Avis,Lokal,Ukentlig,Selvstendig,Drangedalsposten AS,Direkte hos utgiver,Drangedal,,NO,News (Local),Regional consumer,B2C,Local,Print + Digital,Medium,,https://drangedalsposten.no,VERIFIED
NO,Driva,Avis,Lokal,2x ukentlig,Selvstendig,Driva-Trykk AS,Direkte hos utgiver,Sunndal/Surnadal,,NO,News (Local),Regional consumer,B2C,Local,Print + Digital,Medium,,https://www.driva.no,VERIFIED
NO,Dølen,Avis,Lokal,Ukentlig,Selvstendig,Dølen AS,Direkte hos utgiver,Vinstra,,NO,News (Local),Regional consumer,B2C,Local,Print + Digital,Medium,,https://www.dolen.no,VERIFIED
NO,E24,Avis,Næringsliv digital,Digital,Schibsted,E24 AS,Schibsted Marketing Services (SMS),Næringsliv,,NO,News (General),General consumer,B2C,National,Digital,High,,https://e24.no,VERIFIED
NO,Eidsvoll Ullensaker Blad,Avis,Regional,Flere ganger ukentlig,Amedia,EUB AS,Amedia Salg,Eidsvoll,,NO,News (Regional),Regional consumer,B2C,Regional,Print + Digital,Medium,,https://www.eub.no,VERIFIED
NO,Eikerbladet,Avis,Lokal,Ukentlig,Amedia,Eikerbladet AS,Amedia Salg,Hokksund,,NO,News (Local),Regional consumer,B2C,Local,Print + Digital,Medium,,https://eikerbladet.no,VERIFIED
NO,Enebakk Avis,Avis,Lokal,Ukentlig,Selvstendig,Enebakk Avis AS,Direkte hos utgiver,Enebakk,,NO,News (Local),Regional consumer,B2C,Local,Print + Digital,Medium,,https://enebakkavis.no,VERIFIED
NO,Europower,Avis,Energi,Periodisk,NHST Media Group,NHST Media AS,NHST Media Salg,Energimarked,,NO,B2B – Energy & Utilities,Energy industry pros,B2B,National,Print + Digital,High,,https://www.europower.no,VERIFIED
NO,Faktisk.no,Avis,Faktasjekk,Digital,Selvstendig,Aftenposten/VG/NRK/Dagbladet/TV 2,Direkte hos utgiver,Faktasjekk,,NO,News (General),General consumer,B2C,National,Digital,Medium,,https://www.faktisk.no,VERIFIED
NO,Fanaposten,Avis,Lokal,2x ukentlig,Selvstendig,Fanaposten AS,Direkte hos utgiver,Fana,,NO,News (Local),Regional consumer,B2C,Local,Print + Digital,Medium,,https://fanaposten.no,VERIFIED
NO,Filter Nyheter,Avis,Undersøkende,Digital,Selvstendig,Filter AS,Direkte hos utgiver,Undersøkende,,NO,News (General),General consumer,B2C,National,Digital,Medium,,https://www.filternyheter.no,VERIFIED
NO,Finansavisen,Avis,Næringsliv riks,Daglig,Hegnar Media,Hegnar Media AS,Hegnar Media Salg,Finans,30870,NO,News (National),Affluent 35+ (luxury),B2C,National,Print + Digital,Medium,circulation-reported,https://www.finansavisen.no,VERIFIED
NO,Finnmark Dagblad,Avis,Regional,Daglig,Amedia,Finnmark Dagblad AS,Amedia Salg,Hammerfest,7727,NO,News (Regional),Regional consumer,B2C,Regional,Print + Digital,Medium,circulation-reported,https://finnmarkdagblad.no,VERIFIED
NO,Finnmarken,Avis,Regional,Daglig,Amedia,Finnmarken AS,Amedia Salg,Vadsø,6411,NO,News (Regional),Regional consumer,B2C,Regional,Print + Digital,Medium,circulation-reported,https://finnmarken.no,VERIFIED
NO,Finnmarksposten,Avis,Lokal,Flere ganger ukentlig,Amedia,Finnmarksposten AS,Amedia Salg,Honningsvåg,,NO,News (Local),Regional consumer,B2C,Local,Print + Digital,Medium,,https://finnmarksposten.no,VERIFIED
NO,Firda,Avis,Regional,Daglig,Amedia,Firda AS,Amedia Salg,Førde,11298,NO,News (Regional),Regional consumer,B2C,Regional,Print + Digital,Medium,circulation-reported,https://firda.no,VERIFIED
NO,Firda Tidend,Avis,Lokal,2x ukentlig,Selvstendig,Avisdrift Gloppen AS,Direkte hos utgiver,Sandane,,NO,News (Local),Regional consumer,B2C,Local,Print + Digital,Medium,,https://www.firdatidend.no,VERIFIED
NO,Firdaposten,Avis,Lokal,2x ukentlig,Amedia,Firdaposten AS,Amedia Salg,Florø,,NO,News (Local),Regional consumer,B2C,Local,Print + Digital,Medium,,https://firdaposten.no,VERIFIED
NO,Fiskeribladet,Avis,Fiskeri,3x ukentlig,NHST Media Group,NHST Media AS,A2 Media AS,Fiskeri,8500,NO,B2B – Maritime,Fishery industry pros,B2B,National,Print + Digital,High,circulation-reported,https://www.fiskeribladet.no,VERIFIED
NO,Fjell-Ljom,Avis,Lokal,Ukentlig,Selvstendig,Fjell-Ljom AS,Direkte hos utgiver,Røros,,NO,Outdoor & Adventure,Outdoor enthusiasts,B2C,Local,Print + Digital,Medium,,https://www.fjell-ljom.no,VERIFIED
NO,Fjordabladet,Avis,Lokal,2x ukentlig,Selvstendig,Fjordabladet AS,Direkte hos utgiver,Nordfjordeid,3172,NO,News (Local),Regional consumer,B2C,Local,Print + Digital,Medium,circulation-reported,https://www.fjordabladet.no,VERIFIED
NO,Fjordenes Tidende,Avis,Lokal,2x ukentlig,Amedia,Fjordenes Tidende AS,Amedia Salg,Måløy,4635,NO,News (Local),Regional consumer,B2C,Local,Print + Digital,Medium,circulation-reported,https://www.fjt.no,VERIFIED
NO,Fjordingen,Avis,Lokal,2x ukentlig,Amedia,Fjordingen AS,Amedia Salg,Stryn,3902,NO,News (Local),Regional consumer,B2C,Local,Print + Digital,Medium,circulation-reported,https://www.fjordingen.no,VERIFIED
NO,Fjuken,Avis,Lokal,Ukentlig,Selvstendig,Skjåk Mediautvikling AS,Direkte hos utgiver,Bismo,,NO,News (Local),Regional consumer,B2C,Local,Print + Digital,Medium,,https://www.fjuken.no,VERIFIED
NO,FlatangerNytt,Avis,Lokal,Månedlig,Selvstendig,Flatanger Nytt,Direkte hos utgiver,Flatanger,,NO,News (Local),Regional consumer,B2C,Local,Print + Digital,Medium,,https://www.flatangernytt.no,VERIFIED
NO,Forskning.no,Avis,Vitenskap,Digital,Selvstendig,UH-sektor,Direkte hos utgiver,Populærvitenskap,,NO,Science,General consumer,B2C,National,Digital,High,,https://www.forskning.no,VERIFIED
NO,Fosna-Folket,Avis,Lokal,Flere ganger ukentlig,Polaris Media,Fosna-Folket AS,Polaris Media Salg / SMS (samarbeid),Brekstad,,NO,News (Local),Regional consumer,B2C,Local,Print + Digital,Medium,,https://www.fosna-folket.no,VERIFIED
NO,Framtid i nord,Avis,Regional,2x ukentlig,Amedia,Framtid i nord AS,Amedia Salg,Olderdalen,,NO,News (Regional),Regional consumer,B2C,Regional,Print + Digital,Medium,,https://www.framtidinord.no,VERIFIED
NO,Fredriksstad Blad,Avis,Regional,Daglig,Amedia,Fredriksstad Blad AS,Amedia Salg,Fredrikstad,23058,NO,News (Regional),Regional consumer,B2C,Regional,Print + Digital,Medium,circulation-reported,https://www.f-b.no,VERIFIED
NO,Fremover,Avis,Regional,Daglig,Amedia,Fremover AS,Amedia Salg,Narvik,7542,NO,News (Regional),Regional consumer,B2C,Regional,Print + Digital,Medium,circulation-reported,https://www.fremover.no,VERIFIED
NO,Friheten,Avis,Politikk,Ukentlig,Selvstendig,Norges Kommunistiske Parti,Direkte hos utgiver,Kommunistisk,,NO,Politics & Current Affairs,General consumer,B2C,National,Print + Digital,High,socialist,https://www.friheten.no,VERIFIED
NO,Frolendingen,Avis,Lokal,Ukentlig,Selvstendig,Frolendingen,Direkte hos utgiver,Froland,,NO,News (Local),Regional consumer,B2C,Local,Print + Digital,Medium,,https://www.frolendingen.no,VERIFIED
NO,Frostingen,Avis,Lokal,Ukentlig,Selvstendig,Frostingen,Direkte hos utgiver,Frosta,,NO,News (Local),Regional consumer,B2C,Local,Print + Digital,Medium,,https://frostingen.no,VERIFIED
NO,Fædrelandsvennen,Avis,Regional,Daglig,Polaris Media,Fædrelandsvennen AS,Polaris Media Salg / SMS (samarbeid),Kristiansand,37261,NO,News (Regional),Regional consumer,B2C,Regional,Print + Digital,Medium,circulation-reported,https://www.fvn.no,VERIFIED
NO,geita.no,Avis,Lokal,Digital,Selvstendig,geita.no,Direkte hos utgiver,Bjerkreim,,NO,News (Local),Regional consumer,B2C,Local,Digital,Medium,,https://www.geita.no,VERIFIED
NO,Gjesdalbuen,Avis,Lokal,Ukentlig,Selvstendig,Gjesdalbuen AS,Direkte hos utgiver,Gjesdal,,NO,News (Local),Regional consumer,B2C,Local,Print + Digital,Medium,,https://gjesdalbuen.no,VERIFIED
NO,Glåmdalen,Avis,Regional,Daglig,Amedia,Glåmdalen AS,Amedia Salg,Kongsvinger,14307,NO,News (Regional),Regional consumer,B2C,Regional,Print + Digital,Medium,circulation-reported,https://glamdalen.no,VERIFIED
NO,Grannar,Avis,Lokal,Flere ganger ukentlig,Selvstendig,Grannar AS,Direkte hos utgiver,Ølen,,NO,News (Local),Regional consumer,B2C,Local,Print + Digital,Medium,,https://www.grannar.no,VERIFIED
NO,Grenda,Avis,Lokal,Ukentlig,Selvstendig,Grenda AS,Direkte hos utgiver,Rosendal,,NO,News (Local),Regional consumer,B2C,Local,Print + Digital,Medium,,https://www.grenda.no,VERIFIED
NO,Grimstad Adressetidende,Avis,Lokal,Flere ganger ukentlig,Amedia,Grimstad Adressetidende AS,Amedia Salg,Grimstad,,NO,News (Local),Regional consumer,B2C,Local,Print + Digital,Medium,,https://www.gat.no,VERIFIED
NO,Gudbrandsdølen Dagningen,Avis,Regional,Daglig,Amedia,GD AS,Amedia Salg,Lillehammer,22685,NO,News (Regional),Regional consumer,B2C,Regional,Print + Digital,Medium,circulation-reported,https://www.gudbrandsdolen.no,VERIFIED
NO,Hadeland,Avis,Regional,Flere ganger ukentlig,Amedia,Hadeland AS,Amedia Salg,Brandbu,7115,NO,News (Regional),Regional consumer,B2C,Regional,Print + Digital,Medium,circulation-reported,https://hadeland.no,VERIFIED
NO,Halden Arbeiderblad,Avis,Regional,Daglig,Amedia,Halden Arbeiderblad AS,Amedia Salg,Halden,8252,NO,News (Regional),Regional consumer,B2C,Regional,Print + Digital,Medium,circulation-reported,https://haldenarbeiderblad.no,VERIFIED
NO,Hallingdølen,Avis,Regional,Flere ganger ukentlig,Selvstendig,Hallingdølen AS,Direkte hos utgiver,Ål,10755,NO,News (Regional),Regional consumer,B2C,Regional,Print + Digital,Medium,circulation-reported,https://www.hallingdolen.no,VERIFIED
NO,Hamar Arbeiderblad,Avis,Regional,Daglig,Amedia,Hamar Arbeiderblad AS,Amedia Salg,Hamar,20027,NO,News (Regional),Regional consumer,B2C,Regional,Print + Digital,Medium,circulation-reported,https://hamararbeiderblad.no,VERIFIED
NO,Hammerfestingen,Avis,Lokal,Ukentlig,Selvstendig,Hammerfestingen,Direkte hos utgiver,Hammerfest,,NO,News (Local),Regional consumer,B2C,Local,Print + Digital,Medium,,https://hammerfestingen.no,VERIFIED
NO,Haramsnytt,Avis,Lokal,Ukentlig,Selvstendig,Haramsnytt,Direkte hos utgiver,Haram,,NO,News (Local),Regional consumer,B2C,Local,Print + Digital,Medium,,https://www.haramsnytt.no,VERIFIED
NO,Hardanger Folkeblad,Avis,Regional,Flere ganger ukentlig,Amedia,Hardanger Folkeblad AS,Amedia Salg,Odda,5303,NO,News (Regional),Regional consumer,B2C,Regional,Print + Digital,Medium,circulation-reported,https://www.hf.no,VERIFIED
NO,Harstad Tidende,Avis,Regional,Daglig,Polaris Media,Harstad Tidende AS,Polaris Media Salg / SMS (samarbeid),Harstad,8893,NO,News (Regional),Regional consumer,B2C,Regional,Print + Digital,Medium,circulation-reported,https://www.ht.no,VERIFIED
NO,Haugesunds Avis,Avis,Regional,Daglig,Amedia,Haugesunds Avis AS,Amedia Salg,Haugesund,21187,NO,News (Regional),Regional consumer,B2C,Regional,Print + Digital,Medium,circulation-reported,https://haugesunds-avis.no,VERIFIED
NO,Helgelands Blad,Avis,Regional,Flere ganger ukentlig,Amedia,Helgelands Blad AS,Amedia Salg,Sandnessjøen,,NO,News (Regional),Regional consumer,B2C,Regional,Print + Digital,Medium,,https://helgelandsblad.no,VERIFIED
NO,Helgelendingen,Avis,Regional,Daglig,Amedia,Helgelendingen AS,Amedia Salg,Mosjøen,,NO,News (Regional),Regional consumer,B2C,Regional,Print + Digital,Medium,,https://www.helg.no,VERIFIED
NO,Hitra-Frøya,Avis,Lokal,Flere ganger ukentlig,Polaris Media,Hitra-Frøya AS,Polaris Media Salg / SMS (samarbeid),Hitra,,NO,News (Local),Regional consumer,B2C,Local,Print + Digital,Medium,,https://www.hitra-froya.no,VERIFIED
NO,Hordaland,Avis,Regional,Flere ganger ukentlig,Selvstendig,Hordaland AS,Direkte hos utgiver,Voss,,NO,News (Regional),Regional consumer,B2C,Regional,Print + Digital,Medium,,,LIKELY_OK
NO,Hordaland Folkeblad,Avis,Lokal,Flere ganger ukentlig,Amedia,Hordaland Folkeblad AS,Amedia Salg,Norheimsund,,NO,News (Local),Regional consumer,B2C,Local,Print + Digital,Medium,,https://www.hfb.no,LIKELY_OK
NO,iHarstad,Avis,Lokal,Digital,Polaris Media,Polaris Media Nord,Polaris Media Salg / SMS (samarbeid),Harstad,,NO,News (Local),Regional consumer,B2C,Local,Digital,Medium,,https://iharstad.no,VERIFIED
NO,iLevanger,Avis,Lokal,Digital,Polaris Media,Polaris Media Trønder,Polaris Media Salg / SMS (samarbeid),Levanger,,NO,News (Local),Regional consumer,B2C,Local,Digital,Medium,,https://ilevanger.no,VERIFIED
NO,Inderøyningen,Avis,Lokal,Ukentlig,Selvstendig,Inderøyningen,Direkte hos utgiver,Inderøy,,NO,News (Local),Regional consumer,B2C,Local,Print + Digital,Medium,,https://inderoyningen.no,VERIFIED
NO,Indre Akershus Blad,Avis,Regional,Flere ganger ukentlig,Amedia,Indre Akershus Blad AS,Amedia Salg,Bjørkelangen,,NO,News (Regional),Regional consumer,B2C,Regional,Print + Digital,Medium,,https://indre.no,VERIFIED
NO,Innherred,Avis,Regional,Flere ganger ukentlig,Polaris Media,Polaris Media Trønder,Polaris Media Salg / SMS (samarbeid),Verdal/Levanger,,NO,News (Regional),Regional consumer,B2C,Regional,Print + Digital,Medium,,https://www.innherred.no,VERIFIED
NO,Intrafish,Avis,Fiskeri,Digital,NHST Media Group,NHST Media AS,NHST Media Salg,Fiskeri internasjonal,,NO,B2B – Maritime,Fishery industry pros (international),B2B,National,Digital,High,,https://www.intrafish.no,VERIFIED
NO,iTromsø,Avis,Regional,Daglig,Polaris Media,Polaris Media Nord,Polaris Media Salg / SMS (samarbeid),Tromsø,8590,NO,News (Regional),Regional consumer,B2C,Regional,Print + Digital,Medium,circulation-reported,https://www.itromso.no,VERIFIED
NO,Jarlsberg Avis,Avis,Lokal,Flere ganger ukentlig,Amedia,Jarlsberg AS,Amedia Salg,Holmestrand,,NO,News (Local),Regional consumer,B2C,Local,Print + Digital,Medium,,https://www.jarlsberg.no,LIKELY_OK
NO,Jærbladet,Avis,Regional,Flere ganger ukentlig,Schibsted,Jærbladet AS,Schibsted Marketing Services (SMS),Bryne,12971,NO,News (Regional),Regional consumer,B2C,Regional,Print + Digital,Medium,circulation-reported,https://www.jbl.no,VERIFIED
NO,Kanalen,Avis,Lokal,Ukentlig,Selvstendig,Kanalen AS,Direkte hos utgiver,Ulefoss,,NO,News (Local),Regional consumer,B2C,Local,Print + Digital,Medium,,https://www.kanalen.no,VERIFIED
NO,Karmøynytt,Avis,Lokal,Digital,Selvstendig,Karmøynytt,Direkte hos utgiver,Karmøy,,NO,News (Local),Regional consumer,B2C,Local,Digital,Medium,,https://karmoynytt.no,VERIFIED
NO,Khrono,Avis,UH-sektor,Digital,Selvstendig,OsloMet,Direkte hos utgiver,Universitet og høgskole,,NO,News (Higher Education),Higher education community,B2B,National,Digital,High,,https://www.khrono.no,VERIFIED
NO,Khrono Forskning,Avis,UH-sektor,Digital,Selvstendig,OsloMet,Direkte hos utgiver,Forskning,,NO,News (Higher Education),Researchers,B2B,National,Digital,High,,https://www.khrono.no,VERIFIED
NO,Klar Tale,Avis,Lettlest,Ukentlig,Selvstendig,Stiftelsen Klar Tale,Direkte hos utgiver,Lettlest,,NO,News (General),General consumer,B2C,National,Print + Digital,Medium,,https://www.klartale.no,VERIFIED
NO,Klassekampen,Avis,Politikk riks,Daglig,Selvstendig,Klassekampen AS,Direkte hos utgiver,Sosialistisk,33265,NO,Politics & Current Affairs,General consumer,B2C,National,Print + Digital,High,circulation-reported,https://www.klassekampen.no,VERIFIED
NO,Klæbuposten,Avis,Lokal,Ukentlig,Selvstendig,Klæbuposten,Direkte hos utgiver,Klæbu,,NO,News (Local),Regional consumer,B2C,Local,Print + Digital,Medium,,https://www.klebuposten.no,VERIFIED
NO,Kragerø Blad Vestmar,Avis,Lokal,Flere ganger ukentlig,Amedia,Kragerø Blad AS,Amedia Salg,Kragerø,,NO,News (Local),Regional consumer,B2C,Local,Print + Digital,Medium,,https://www.kv.no,VERIFIED
NO,Kronstadposten,Avis,Lokal,Ukentlig,Selvstendig,Kronstadposten,Direkte hos utgiver,Bergen,,NO,News (Local),Regional consumer,B2C,Local,Print + Digital,Medium,,https://www.kronstadposten.no,LIKELY_OK
NO,Kulingen,Avis,Lokal,Ukentlig,Selvstendig,Kulingen,Direkte hos utgiver,Træna,,NO,News (Local),Regional consumer,B2C,Local,Print + Digital,Medium,,https://www.kulingen.no,VERIFIED
NO,Kvinnheringen,Avis,Lokal,Flere ganger ukentlig,Amedia,Kvinnheringen AS,Amedia Salg,Husnes,,NO,News (Local),Regional consumer,B2C,Local,Print + Digital,Medium,,https://www.kvinnheringen.no,VERIFIED
NO,Kyst og Fjord,Avis,Regional,Ukentlig,Selvstendig,Kyst og Fjord AS,Direkte hos utgiver,Kjøllefjord,,NO,News (Regional),Regional consumer,B2C,Regional,Print + Digital,Medium,,https://www.kystogfjord.no,VERIFIED
NO,Laagendalsposten,Avis,Regional,Flere ganger ukentlig,Amedia,Laagendalsposten AS,Amedia Salg,Kongsberg,9159,NO,News (Regional),Regional consumer,B2C,Regional,Print + Digital,Medium,circulation-reported,https://laagendalsposten.no,VERIFIED
NO,Lierposten,Avis,Lokal,Ukentlig,Amedia,Lierposten AS,Amedia Salg,Lier,,NO,News (Local),Regional consumer,B2C,Local,Print + Digital,Medium,,https://lierposten.no,VERIFIED
NO,Lillesands-Posten,Avis,Lokal,Flere ganger ukentlig,Selvstendig,Lillesands-Posten AS,Direkte hos utgiver,Lillesand,,NO,News (Local),Regional consumer,B2C,Local,Print + Digital,Medium,,https://www.lp.no,VERIFIED
NO,Lindesnes,Avis,Regional,Flere ganger ukentlig,Schibsted,Lindesnes Avis AS,Schibsted Marketing Services (SMS),Mandal,6110,NO,News (Regional),Regional consumer,B2C,Regional,Print + Digital,Medium,circulation-reported,https://www.l-a.no,VERIFIED
NO,Lindesnes Avis Nord,Avis,Lokal,Ukentlig,Schibsted,Lindesnes Avis AS,Schibsted Marketing Services (SMS),Lyngdal/Audnedal,,NO,News (Local),Regional consumer,B2C,Local,Print + Digital,Medium,,https://www.l-a.no,VERIFIED
NO,Lister (Farsunds Avis),Avis,Regional,Daglig,Schibsted,Farsunds Avis AS,Schibsted Marketing Services (SMS),Farsund,6042,NO,News (Regional),Regional consumer,B2C,Regional,Print + Digital,Medium,circulation-reported,https://www.lister24.no,VERIFIED
NO,Lofot-Tidende,Avis,Lokal,Flere ganger ukentlig,Amedia,Lofot-Tidende AS,Amedia Salg,Leknes,,NO,News (Local),Regional consumer,B2C,Local,Print + Digital,Medium,,https://www.lofot-tidende.no,VERIFIED
NO,Lofotposten,Avis,Regional,Daglig,Amedia,Lofotposten AS,Amedia Salg,Svolvær,7010,NO,News (Regional),Regional consumer,B2C,Regional,Print + Digital,Medium,circulation-reported,https://lofotposten.no,VERIFIED
NO,Lokalavisa Nordsalten,Avis,Lokal,Ukentlig,Selvstendig,Lokalavisa Nordsalten,Direkte hos utgiver,Innhavet,,NO,News (Local),Regional consumer,B2C,Local,Print + Digital,Medium,,https://www.nordsalten.no,VERIFIED
NO,Lokalavisa Trysil Engerdal,Avis,Lokal,Ukentlig,Selvstendig,LA Trysil Engerdal,Direkte hos utgiver,Trysil,,NO,News (Local),Regional consumer,B2C,Local,Print + Digital,Medium,,https://www.østlendingen.no,UNVERIFIED
NO,Lyngdals Avis,Avis,Lokal,Ukentlig,Selvstendig,Lyngdals Avis,Direkte hos utgiver,Lyngdal,,NO,News (Local),Regional consumer,B2C,Local,Print + Digital,Medium,,https://www.lyngdalsavis.no,VERIFIED
NO,Marsteinen,Avis,Lokal,Ukentlig,Selvstendig,Marsteinen,Direkte hos utgiver,Storebø,,NO,News (Local),Regional consumer,B2C,Local,Print + Digital,Medium,,https://www.marsteinen.no,VERIFIED
NO,Meråkerposten,Avis,Lokal,Ukentlig,Selvstendig,Meråkerposten,Direkte hos utgiver,Meråker,,NO,News (Local),Regional consumer,B2C,Local,Print + Digital,Medium,,https://merakerposten.no,VERIFIED
NO,Midsundingen,Avis,Lokal,Ukentlig,Selvstendig,Midsundingen,Direkte hos utgiver,Midsund,,NO,News (Local),Regional consumer,B2C,Local,Print + Digital,Medium,,https://midsundingen.no,VERIFIED
NO,Mitt Kongsvinger,Avis,Lokal,Digital,Selvstendig,Mitt Kongsvinger,Direkte hos utgiver,Kongsvinger,,NO,News (Local),Regional consumer,B2C,Local,Digital,Medium,,https://www.mittkongsvinger.no,VERIFIED
NO,MN24,Avis,Regional,Digital,Polaris Media,Polaris Media Midt-Norge,Polaris Media Salg / SMS (samarbeid),Midt-Norge,,NO,News (Regional),Regional consumer,B2C,Regional,Digital,Medium,,https://www.mn24.no,VERIFIED
NO,Morgenbladet,Avis,Politikk/kultur,Ukentlig,Mentor Medier,Morgenbladet AS,Mentor Medier Salg,Konservativt/kultur,31994,NO,Politics & Current Affairs,General consumer,B2C,National,Print + Digital,High,"circulation-reported, conservative",https://www.morgenbladet.no,VERIFIED
NO,Moss Avis,Avis,Regional,Daglig,Amedia,Moss Avis AS,Amedia Salg,Moss,14236,NO,News (Regional),Regional consumer,B2C,Regional,Print + Digital,Medium,circulation-reported,https://mossavis.no,VERIFIED
NO,Møre,Avis,Lokal,Flere ganger ukentlig,Selvstendig,Møre AS,Direkte hos utgiver,Volda,,NO,News (Local),Regional consumer,B2C,Local,Print + Digital,Medium,,https://www.mre.no,VERIFIED
NO,Møre-Nytt,Avis,Lokal,2x ukentlig,Polaris Media,Møre-Nytt AS,Polaris Media Salg / SMS (samarbeid),Ørsta,,NO,News (Local),Regional consumer,B2C,Local,Print + Digital,Medium,,https://www.morenytt.no,VERIFIED
NO,Namdalsavisa,Avis,Regional,Daglig,Amedia,Namdalsavisa AS,Amedia Salg,Namsos,11181,NO,News (Regional),Regional consumer,B2C,Regional,Print + Digital,Medium,circulation-reported,https://namdalsavisa.no,VERIFIED
NO,Nationen,Avis,Landbruk riks,Daglig,Tun Media,Tun Media AS,Tun Media Annonse,Distrikt og landbruk,17275,NO,B2B – Agriculture,Farmers,B2B,National,Print + Digital,High,circulation-reported,https://nationen.no,VERIFIED
NO,Nettavisen,Avis,Riks digital,Digital,Amedia,Nettavisen AS,Amedia Salg,Kun nett,,NO,News (National),General consumer,B2C,National,Digital,High,,https://nettavisen.no,VERIFIED
NO,Nettavisen Økonomi,Avis,Riks,Digital,Amedia,Nettavisen AS,Amedia Salg,Økonomi-vertikal,,NO,News (National),General consumer,B2C,National,Digital,High,,https://www.nettavisen.no/okonomi,VERIFIED
NO,Nidaros,Avis,Regional,Digital,Amedia,Nidaros AS,Amedia Salg,Trondheim,,NO,News (Regional),Regional consumer,B2C,Regional,Digital,Medium,,https://nidaros.no,VERIFIED
NO,Norddalen,Avis,Lokal,Ukentlig,Amedia,Norddalen AS,Amedia Salg,Otta,,NO,News (Local),Regional consumer,B2C,Local,Print + Digital,Medium,,https://norddalen.no,VERIFIED
NO,Nordhordland,Avis,Regional,Flere ganger ukentlig,Amedia,Nordhordland AS,Amedia Salg,Knarvik,,NO,News (Regional),Regional consumer,B2C,Regional,Print + Digital,Medium,,https://nordhordland.no,VERIFIED
NO,Nordlys,Avis,Regional,Daglig,Amedia,Nordlys AS,Amedia Salg,Tromsø,25736,NO,News (Regional),Regional consumer,B2C,Regional,Print + Digital,Medium,circulation-reported,https://www.nordlys.no,VERIFIED
NO,Nordre Aker Budstikke,Avis,Lokal,Digital,Selvstendig,Nordre Aker Budstikke,Direkte hos utgiver,Oslo,,NO,News (Local),Regional consumer,B2C,Local,Digital,Medium,,https://nordreakerbudstikke.no,VERIFIED
NO,Nordstrands Blad,Avis,Lokal,Ukentlig,Amedia,Nordstrands Blad AS,Amedia Salg,Oslo,,NO,News (Local),Regional consumer,B2C,Local,Print + Digital,Medium,,https://www.noblad.no,LIKELY_OK
NO,Norge IDAG,Avis,Kristen riks,Ukentlig,Selvstendig,Norge IDAG AS,Direkte hos utgiver,Konservativt kristen,10902,NO,Religion,Religious (Christian),B2C,National,Print + Digital,Medium,"circulation-reported, conservative",https://www.idag.no,VERIFIED
NO,Ny Tid,Avis,Politikk/kultur,Månedlig,Selvstendig,Ny Tid AS,Direkte hos utgiver,Sosialistisk,,NO,Politics & Current Affairs,General consumer,B2C,National,Print + Digital,High,,https://www.nytid.no,VERIFIED
NO,Nye Troms,Avis,Regional,2x ukentlig,Amedia,Nye Troms AS,Amedia Salg,Moen,,NO,News (Regional),Regional consumer,B2C,Regional,Print + Digital,Medium,,https://nye-troms.no/,LIKELY_OK
NO,Nyss,Avis,Lokal,Flere ganger ukentlig,Selvstendig,Nyss AS,Direkte hos utgiver,Sør-Odal,,NO,News (Local),Regional consumer,B2C,Local,Print + Digital,Medium,,https://www.nyss.no,VERIFIED
NO,Oppland Arbeiderblad,Avis,Regional,Daglig,Amedia,Oppland Arbeiderblad AS,Amedia Salg,Gjøvik,20442,NO,News (Regional),Regional consumer,B2C,Regional,Print + Digital,Medium,circulation-reported,https://www.oppland-arbeiderblad.no,VERIFIED
NO,Os og Fusaposten,Avis,Lokal,Flere ganger ukentlig,Amedia,Os og Fusaposten AS,Amedia Salg,Os,,NO,News (Local),Regional consumer,B2C,Local,Print + Digital,Medium,,https://www.midtsiden.no,VERIFIED
NO,Porsgrunns Dagblad,Avis,Regional,Daglig,Amedia,PD AS,Amedia Salg,Porsgrunn,5441,NO,News (Regional),Regional consumer,B2C,Regional,Print + Digital,Medium,circulation-reported,https://www.pd.no,VERIFIED
NO,Rakkestad Avis,Avis,Lokal,Flere ganger ukentlig,Amedia,Rakkestad Avis AS,Amedia Salg,Rakkestad,,NO,News (Local),Regional consumer,B2C,Local,Print + Digital,Medium,,https://www.rakkestad-avis.no,UNVERIFIED
NO,Rana Blad,Avis,Regional,Daglig,Amedia,Rana Blad AS,Amedia Salg,Mo i Rana,8914,NO,News (Regional),Regional consumer,B2C,Regional,Print + Digital,Medium,circulation-reported,https://ranablad.no,VERIFIED
NO,Randaberg24,Avis,Lokal,Digital,Polaris Media,Randaberg24 AS,Polaris Media Salg / SMS (samarbeid),Randaberg (51% Polaris),,NO,News (Local),Regional consumer,B2C,Local,Digital,Medium,,https://www.randaberg24.no,VERIFIED
NO,Raumnes,Avis,Lokal,Flere ganger ukentlig,Amedia,Raumnes AS,Amedia Salg,Årnes,,NO,News (Local),Regional consumer,B2C,Local,Print + Digital,Medium,,https://raumnes.no,VERIFIED
NO,Recharge,Avis,Fornybar,Daglig,NHST Media Group,NHST Media AS,NHST Media Salg,Engelskspråklig fornybar,,NO,B2B – Energy & Utilities,Renewable energy pros (international),B2B,International,Print + Digital,High,,https://www.rechargenews.com,VERIFIED
NO,Resett,Avis,Politikk,Digital,Selvstendig,Resett AS,Direkte hos utgiver,Konservativ,,NO,Politics & Current Affairs,General consumer,B2C,National,Digital,High,conservative,https://www.resett.no,VERIFIED
NO,Ringerikes Blad,Avis,Regional,Flere ganger ukentlig,Amedia,Ringerikes Blad AS,Amedia Salg,Hønefoss,11318,NO,News (Regional),Regional consumer,B2C,Regional,Print + Digital,Medium,circulation-reported,https://ringerikesblad.no,VERIFIED
NO,Ringsaker Blad,Avis,Regional,Flere ganger ukentlig,Amedia,Ringsaker Blad AS,Amedia Salg,Brumunddal,8358,NO,News (Regional),Regional consumer,B2C,Regional,Print + Digital,Medium,circulation-reported,https://ringsaker-blad.no,VERIFIED
NO,Rjukan Arbeiderblad,Avis,Lokal,Flere ganger ukentlig,Amedia,Rjukan Arbeiderblad AS,Amedia Salg,Rjukan,,NO,News (Local),Regional consumer,B2C,Local,Print + Digital,Medium,,https://www.ra.no,VERIFIED
NO,Romerikes Blad,Avis,Regional,Daglig,Amedia,Romerikes Blad AS,Amedia Salg,Lillestrøm,33148,NO,News (Regional),Regional consumer,B2C,Regional,Print + Digital,Medium,circulation-reported,https://rb.no,VERIFIED
NO,Romsdals Budstikke,Avis,Regional,Daglig,Polaris Media,Romsdals Budstikke AS,Polaris Media Salg / SMS (samarbeid),Molde,17127,NO,News (Regional),Regional consumer,B2C,Regional,Print + Digital,Medium,circulation-reported,https://www.rbnett.no,VERIFIED
NO,Ruijan Kaiku,Avis,Kvensk,Månedlig,Selvstendig,Ruijan Kaiku AS,Direkte hos utgiver,Kvensk språk,,NO,News (General),General consumer,B2C,National,Print + Digital,Medium,,https://www.ruijan-kaiku.no,VERIFIED
NO,Ryfylke,Avis,Lokal,Flere ganger ukentlig,Selvstendig,Ryfylke AS,Direkte hos utgiver,Sauda,,NO,News (Local),Regional consumer,B2C,Local,Print + Digital,Medium,,https://www.ryfylke.net,VERIFIED
NO,Røyken og Hurums Avis,Avis,Lokal,Flere ganger ukentlig,Amedia,RHA AS,Amedia Salg,Slemmestad,,NO,News (Local),Regional consumer,B2C,Local,Print + Digital,Medium,,https://www.rha.no,VERIFIED
NO,Sagene Avis,Avis,Lokal,Ukentlig,Selvstendig,Sagene Avis,Direkte hos utgiver,Oslo,,NO,News (Local),Regional consumer,B2C,Local,Print + Digital,Medium,,https://sageneavis.no,VERIFIED
NO,Saltenposten,Avis,Regional,2x ukentlig,Amedia,Saltenposten AS,Amedia Salg,Fauske,,NO,News (Regional),Regional consumer,B2C,Regional,Print + Digital,Medium,,https://www.saltenposten.no,VERIFIED
NO,Samningen,Avis,Lokal,Ukentlig,Selvstendig,Samningen,Direkte hos utgiver,Samnanger,,NO,News (Local),Regional consumer,B2C,Local,Print + Digital,Medium,,https://www.samningen.no,VERIFIED
NO,Sande Avis,Avis,Lokal,Ukentlig,Amedia,Sande Avis AS,Amedia Salg,Sande,,NO,News (Local),Regional consumer,B2C,Local,Print + Digital,Medium,,https://www.sande-avis.no,LIKELY_OK
NO,Sandefjords Blad,Avis,Regional,Daglig,Schibsted,Sandefjords Blad AS,Schibsted Marketing Services (SMS),Sandefjord,12896,NO,News (Regional),Regional consumer,B2C,Regional,Print + Digital,Medium,circulation-reported,https://www.sb.no,VERIFIED
NO,Sandefjords Blad (Amedia),Avis,Lokal,Daglig,Schibsted,Sandefjords Blad,Schibsted Marketing Services (SMS),Schibsted-eid,,NO,News (Local),Regional consumer,B2C,Local,Print + Digital,Medium,,https://www.sb.no,VERIFIED
NO,Sandnesposten,Avis,Regional,Flere ganger ukentlig,Schibsted,Sandnesposten AS,Schibsted Marketing Services (SMS),Sandnes,9574,NO,News (Regional),Regional consumer,B2C,Regional,Print + Digital,Medium,circulation-reported,https://sandnesposten.no,VERIFIED
NO,Sarpsborg Arbeiderblad,Avis,Regional,Daglig,Amedia,Sarpsborg Arbeiderblad AS,Amedia Salg,Sarpsborg,12759,NO,News (Regional),Regional consumer,B2C,Regional,Print + Digital,Medium,circulation-reported,https://sarpsborgarbeiderblad.no,VERIFIED
NO,Selbyggen,Avis,Lokal,Ukentlig,Polaris Media,Selbyggen AS,Polaris Media Salg / SMS (samarbeid),Selbu,,NO,News (Local),Regional consumer,B2C,Local,Print + Digital,Medium,,https://www.selbyggen.no,VERIFIED
NO,Setesdølen,Avis,Regional,Flere ganger ukentlig,Selvstendig,Setesdølen AS,Direkte hos utgiver,Bygland,,NO,News (Regional),Regional consumer,B2C,Regional,Print + Digital,Medium,,https://www.setesdolen.no,VERIFIED
NO,Shifter,Avis,Tech/startup,Digital,Aller Media,Shifter AS,Aller Media Annonsesalg,Tech og oppstart,,NO,Tech & Gadgets,Tech entrepreneurs,B2B,National,Digital,High,,https://www.shifter.no,VERIFIED
NO,Smaalenenes Avis,Avis,Regional,Flere ganger ukentlig,Amedia,Smaalenenes Avis AS,Amedia Salg,Askim,12050,NO,News (Regional),Regional consumer,B2C,Regional,Print + Digital,Medium,circulation-reported,https://www.smaalenene.no,VERIFIED
NO,Snåsningen,Avis,Lokal,Ukentlig,Selvstendig,Snåsningen,Direkte hos utgiver,Snåsa,,NO,News (Local),Regional consumer,B2C,Local,Print + Digital,Medium,,https://snasningen.no,VERIFIED
NO,Sogn Avis,Avis,Regional,Daglig,Amedia,Sogn Avis AS,Amedia Salg,Leikanger,9613,NO,News (Regional),Regional consumer,B2C,Regional,Print + Digital,Medium,circulation-reported,https://sognavis.no,VERIFIED
NO,Solabladet,Avis,Lokal,Ukentlig,Schibsted,Solabladet AS,Schibsted Marketing Services (SMS),Sola,,NO,News (Local),Regional consumer,B2C,Local,Print + Digital,Medium,,https://solabladet.no,VERIFIED
NO,SolungAvisa,Avis,Lokal,Ukentlig,Selvstendig,SolungAvisa,Direkte hos utgiver,Flisa,,NO,News (Local),Regional consumer,B2C,Local,Print + Digital,Medium,,https://solungavisa.no,VERIFIED
NO,Stangeavisa,Avis,Lokal,Ukentlig,Selvstendig,Stangeavisa,Direkte hos utgiver,Stange,,NO,News (Local),Regional consumer,B2C,Local,Print + Digital,Medium,,https://stangeavisa.no,VERIFIED
NO,Stavanger Aftenblad,Avis,Regional,Daglig,Schibsted,Stavanger Aftenblad ASA,Schibsted Marketing Services (SMS),Stavanger,63973,NO,News (Regional),Regional consumer,B2C,Regional,Print + Digital,Medium,circulation-reported,https://www.aftenbladet.no,VERIFIED
NO,Steigan.no,Avis,Politikk,Digital,Selvstendig,Steigan AS,Direkte hos utgiver,Venstreorientert,,NO,Politics & Current Affairs,General consumer,B2C,National,Digital,High,centre-left,https://www.steigan.no,VERIFIED
NO,Steinkjer-Avisa,Avis,Lokal,Ukentlig,Selvstendig,Steinkjer-Avisa,Direkte hos utgiver,Steinkjer,,NO,News (Local),Regional consumer,B2C,Local,Print + Digital,Medium,,https://steinkjeravisa.no,VERIFIED
NO,Steinkjer24,Avis,Lokal,Digital,Polaris Media,Polaris Media Trønder,Polaris Media Salg / SMS (samarbeid),Steinkjer,,NO,News (Local),Regional consumer,B2C,Local,Digital,Medium,,https://www.steinkjer24.no,VERIFIED
NO,Stjørdals-Nytt,Avis,Lokal,Ukentlig,Selvstendig,Stjørdals-Nytt,Direkte hos utgiver,Stjørdal,,NO,News (Local),Regional consumer,B2C,Local,Print + Digital,Medium,,https://stjordalsnytt.no,UNVERIFIED
NO,Stord24,Avis,Lokal,Digital,Selvstendig,Stord24,Direkte hos utgiver,Stord,,NO,News (Local),Regional consumer,B2C,Local,Digital,Medium,,https://www.stord24.no,VERIFIED
NO,Storfjordnytt,Avis,Lokal,Ukentlig,Selvstendig,Storfjordnytt,Direkte hos utgiver,Sjøvegan,,NO,News (Local),Regional consumer,B2C,Local,Print + Digital,Medium,,https://www.storfjordnytt.no,VERIFIED
NO,Strandbuen,Avis,Lokal,2x ukentlig,Selvstendig,Strandbuen AS,Direkte hos utgiver,Jørpeland,,NO,News (Local),Regional consumer,B2C,Local,Print + Digital,Medium,,https://strandbuen.no,VERIFIED
NO,Strilen,Avis,Regional,Flere ganger ukentlig,Polaris Media,Strilen AS,Polaris Media Salg / SMS (samarbeid),Knarvik (51% Polaris),5519,NO,News (Regional),Regional consumer,B2C,Regional,Print + Digital,Medium,circulation-reported,https://www.strilen.no,VERIFIED
NO,Subjekt,Avis,Kultur,Digital,Selvstendig,Subjekt AS,Direkte hos utgiver,Kultur,,NO,Arts & Culture,General consumer,B2C,National,Digital,High,,https://subjekt.no,VERIFIED
NO,Sulaposten,Avis,Lokal,Ukentlig,Polaris Media,Sulaposten AS,Polaris Media Salg / SMS (samarbeid),Sula,,NO,News (Local),Regional consumer,B2C,Local,Print + Digital,Medium,,https://www.sulaposten.no,VERIFIED
NO,Suldalsposten,Avis,Lokal,Ukentlig,Selvstendig,Suldalsposten,Direkte hos utgiver,Sand,,NO,News (Local),Regional consumer,B2C,Local,Print + Digital,Medium,,https://www.suldalsposten.no,VERIFIED
NO,Sunnhordland,Avis,Regional,Daglig,Polaris Media,Bladet Sunnhordland AS,Polaris Media Salg / SMS (samarbeid),Leirvik,7032,NO,News (Regional),Regional consumer,B2C,Regional,Print + Digital,Medium,circulation-reported,https://www.sunnhordland.no,VERIFIED
NO,Sunnmørsposten,Avis,Regional,Daglig,Polaris Media,Sunnmørsposten AS,Polaris Media Salg / SMS (samarbeid),Ålesund,27025,NO,News (Regional),Regional consumer,B2C,Regional,Print + Digital,Medium,circulation-reported,https://www.smp.no,VERIFIED
NO,Svalbardposten,Avis,Regional,Ukentlig,Selvstendig,Stiftelsen Svalbardposten,Direkte hos utgiver,Longyearbyen,1919,NO,News (Regional),Regional consumer,B2C,Regional,Print + Digital,Medium,circulation-reported,https://www.svalbardposten.no,VERIFIED
NO,Svelviksposten,Avis,Lokal,Ukentlig,Amedia,Svelviksposten AS,Amedia Salg,Svelvik,,NO,News (Local),Regional consumer,B2C,Local,Print + Digital,Medium,,https://svelviksposten.no,VERIFIED
NO,Sydvesten,Avis,Lokal,Ukentlig,Selvstendig,Sydvesten,Direkte hos utgiver,Sotra,,NO,News (Local),Regional consumer,B2C,Local,Print + Digital,Medium,,https://www.sydvesten.no,VERIFIED
NO,Synste Møre,Avis,Lokal,Ukentlig,Selvstendig,Synste Møre,Direkte hos utgiver,Vanylven,,NO,News (Local),Regional consumer,B2C,Local,Print + Digital,Medium,,https://www.synste.no,VERIFIED
NO,Ságat,Avis,Samisk,Flere ganger ukentlig,Selvstendig,Sagat AS,Direkte hos utgiver,Lakselv,3138,NO,News (General),General consumer,B2C,National,Print + Digital,Medium,circulation-reported,https://www.sagat.no,VERIFIED
NO,Sør-Trøndelag,Avis,Regional,Flere ganger ukentlig,Polaris Media,Sør-Trøndelag AS,Polaris Media Salg / SMS (samarbeid),Orkanger,,NO,News (Regional),Regional consumer,B2C,Regional,Print + Digital,Medium,,https://www.s-t.no,VERIFIED
NO,Sør-Varanger Avis,Avis,Regional,Flere ganger ukentlig,Selvstendig,Sør-Varanger Avis AS,Direkte hos utgiver,Kirkenes,,NO,News (Regional),Regional consumer,B2C,Regional,Print + Digital,Medium,,https://www.sva.no,VERIFIED
NO,Søvesten,Avis,Lokal,Ukentlig,Selvstendig,Søvesten,Direkte hos utgiver,Sokndal,,NO,News (Local),Regional consumer,B2C,Local,Print + Digital,Medium,,https://www.sovesten.no,VERIFIED
NO,Telemarksavisa,Avis,Regional,Daglig,Amedia,Telemarksavisa AS,Amedia Salg,Skien,23700,NO,News (Regional),Regional consumer,B2C,Regional,Print + Digital,Medium,circulation-reported,https://www.ta.no,VERIFIED
NO,Telen,Avis,Regional,Flere ganger ukentlig,Amedia,Telen AS,Amedia Salg,Notodden,,NO,News (Regional),Regional consumer,B2C,Regional,Print + Digital,Medium,,https://telen.no,VERIFIED
NO,Tidens Krav,Avis,Regional,Daglig,Amedia,Tidens Krav AS,Amedia Salg,Kristiansund,12385,NO,News (Regional),Regional consumer,B2C,Regional,Print + Digital,Medium,circulation-reported,https://tidenskrav.no,VERIFIED
NO,Totens Blad,Avis,Lokal,Ukentlig,Selvstendig,Totens Blad,Direkte hos utgiver,Skreia,,NO,News (Local),Regional consumer,B2C,Local,Print + Digital,Medium,,https://www.totens-blad.no,VERIFIED
NO,Tradewinds,Avis,Maritim,Daglig,NHST Media Group,NHST Media AS,NHST Media Salg,Engelskspråklig maritim,,NO,B2B – Maritime,Shipping & maritime pros (international),B2B,International,Print + Digital,High,,https://tradewinds.no,VERIFIED
NO,Troms Folkeblad,Avis,Regional,Daglig,Amedia,Troms Folkeblad AS,Amedia Salg,Finnsnes,,NO,News (Regional),Regional consumer,B2C,Regional,Print + Digital,Medium,,https://www.folkebladet.no,VERIFIED
NO,Trønder-Avisa,Avis,Regional,Daglig,Polaris Media,Trønder-Avisa AS,Polaris Media Salg / SMS (samarbeid),Steinkjer,19912,NO,News (Regional),Regional consumer,B2C,Regional,Print + Digital,Medium,circulation-reported,https://www.t-a.no,VERIFIED
NO,Trønderbladet,Avis,Lokal,Flere ganger ukentlig,Polaris Media,Trønderbladet AS,Polaris Media Salg / SMS (samarbeid),Melhus,,NO,News (Local),Regional consumer,B2C,Local,Print + Digital,Medium,,https://www.tronderbladet.no,VERIFIED
NO,Tvedestrandsposten,Avis,Lokal,Flere ganger ukentlig,Amedia,Tvedestrandsposten AS,Amedia Salg,Tvedestrand,,NO,News (Local),Regional consumer,B2C,Local,Print + Digital,Medium,,https://tvedestrandsposten.no,VERIFIED
NO,Tysnes,Avis,Lokal,Ukentlig,Selvstendig,Tysnes,Direkte hos utgiver,Tysnes,,NO,News (Local),Regional consumer,B2C,Local,Print + Digital,Medium,,https://www.tysnesbladet.no,VERIFIED
NO,Tysvær Bygdeblad,Avis,Lokal,Ukentlig,Selvstendig,Tysvær Bygdeblad,Direkte hos utgiver,Tysvær,,NO,News (Local),Regional consumer,B2C,Local,Print + Digital,Medium,,https://tysver-bygdeblad.no,VERIFIED
NO,Tønsbergs Blad,Avis,Regional,Daglig,Amedia,Tønsbergs Blad AS,Amedia Salg,Tønsberg,22957,NO,News (Regional),Regional consumer,B2C,Regional,Print + Digital,Medium,circulation-reported,https://www.tb.no,VERIFIED
NO,Ullern Avis / Akersposten,Avis,Lokal,Ukentlig,Selvstendig,Ullern Avis,Direkte hos utgiver,Oslo,,NO,News (Local),Regional consumer,B2C,Local,Print + Digital,Medium,,https://www.akersposten.no,VERIFIED
NO,Upstream,Avis,Olje/gass,Daglig,NHST Media Group,NHST Media AS,NHST Media Salg,Engelskspråklig,,NO,B2B – Energy & Utilities,Oil & gas industry pros (international),B2B,International,Print + Digital,High,,https://www.upstreamonline.com,VERIFIED
NO,Vaksdalposten,Avis,Lokal,Ukentlig,Selvstendig,Vaksdalposten,Direkte hos utgiver,Dale,,NO,News (Local),Regional consumer,B2C,Local,Print + Digital,Medium,,https://www.vaksdalposten.no,VERIFIED
NO,Valdres,Avis,Regional,Flere ganger ukentlig,Amedia,Valdres AS,Amedia Salg,Fagernes,9449,NO,News (Regional),Regional consumer,B2C,Regional,Print + Digital,Medium,circulation-reported,https://www.valdres.no,VERIFIED
NO,Varden,Avis,Regional,Daglig,Polaris Media,Varden AS,Polaris Media Salg / SMS (samarbeid),Skien,17199,NO,News (Regional),Regional consumer,B2C,Regional,Print + Digital,Medium,circulation-reported,https://www.varden.no,VERIFIED
NO,Varingen,Avis,Lokal,Flere ganger ukentlig,Amedia,Varingen AS,Amedia Salg,Nittedal,5586,NO,News (Local),Regional consumer,B2C,Local,Print + Digital,Medium,circulation-reported,https://varingen.no,VERIFIED
NO,Vennesla Tidende,Avis,Lokal,Flere ganger ukentlig,Selvstendig,Vennesla Tidende,Direkte hos utgiver,Vennesla,,NO,News (Local),Regional consumer,B2C,Local,Print + Digital,Medium,,https://www.venneslatidende.no,VERIFIED
NO,Verdens Gang (VG),Avis,Tabloid riks,Daglig,Schibsted,VG AS,Schibsted Marketing Services (SMS),Norges største avis,308469,NO,News (National Tabloid),Mass market consumer,B2C,National,Print + Digital,High,"circulation-reported, high-circulation",https://www.vg.no,VERIFIED
NO,Vest-Telemark Blad,Avis,Regional,2x ukentlig,Amedia,VTB AS,Amedia Salg,Kviteseid,5731,NO,News (Regional),Regional consumer,B2C,Regional,Print + Digital,Medium,circulation-reported,https://www.vtb.no,VERIFIED
NO,Vestavind,Avis,Lokal,Ukentlig,Selvstendig,Vestavind,Direkte hos utgiver,Eikelandsosen,,NO,News (Local),Regional consumer,B2C,Local,Print + Digital,Medium,,https://www.vestavind-sveio.no,VERIFIED
NO,Vestby Avis,Avis,Lokal,Ukentlig,Amedia,Vestby Avis AS,Amedia Salg,Vestby,,NO,News (Local),Regional consumer,B2C,Local,Print + Digital,Medium,,https://vestbyavis.no,VERIFIED
NO,Vesteraalens Avis,Avis,Lokal,2x ukentlig,Selvstendig,Vesterålens Avis AS,Direkte hos utgiver,Stokmarknes,,NO,News (Local),Regional consumer,B2C,Local,Print + Digital,Medium,,https://www.vol.no,VERIFIED
NO,Vesterålen Online,Avis,Regional,Digital,Amedia,Amedia VOL,Amedia Salg,Vesterålen,,NO,News (Regional),Regional consumer,B2C,Regional,Digital,Medium,,https://www.vol.no,VERIFIED
NO,Vestlandsnytt,Avis,Regional,Flere ganger ukentlig,Polaris Media,Vestlandsnytt AS,Polaris Media Salg / SMS (samarbeid),Fosnavåg,4628,NO,News (Regional),Regional consumer,B2C,Regional,Print + Digital,Medium,circulation-reported,https://www.vestlandsnytt.no,VERIFIED
NO,Vestnesavisa,Avis,Lokal,Ukentlig,Selvstendig,Vestnesavisa,Direkte hos utgiver,Vestnes,,NO,News (Local),Regional consumer,B2C,Local,Print + Digital,Medium,,https://www.vestnesavisa.no,VERIFIED
NO,Vestnytt,Avis,Regional,2x ukentlig,Polaris Media,Vestnytt AS,Polaris Media Salg / SMS (samarbeid),Straume (51% Polaris),,NO,News (Regional),Regional consumer,B2C,Regional,Print + Digital,Medium,,https://www.vestnytt.no,VERIFIED
NO,Vigga,Avis,Lokal,Ukentlig,Amedia,Vigga AS,Amedia Salg,Dombås,,NO,News (Local),Regional consumer,B2C,Local,Print + Digital,Medium,,https://www.vigga.no,VERIFIED
NO,Vikebladet Vestposten,Avis,Lokal,Flere ganger ukentlig,Polaris Media,Vikebladet AS,Polaris Media Salg / SMS (samarbeid),Ulsteinvik,,NO,News (Local),Regional consumer,B2C,Local,Print + Digital,Medium,,https://www.vikebladet.no,VERIFIED
NO,Våganavisa,Avis,Lokal,Ukentlig,Selvstendig,Våganavisa,Direkte hos utgiver,Vågan,,NO,News (Local),Regional consumer,B2C,Local,Print + Digital,Medium,,https://www.vaganavisa.no,VERIFIED
NO,Vårt Land,Avis,Kristen riks,Daglig,Mentor Medier,Vårt Land AS,Mentor Medier Salg,Kristen,21823,NO,Religion,Religious (Christian),B2C,National,Print + Digital,Medium,circulation-reported,https://vartland.no,VERIFIED
NO,VårtOslo,Avis,Regional,Digital,Selvstendig,VårtOslo,Direkte hos utgiver,Oslo,,NO,News (Regional),Regional consumer,B2C,Regional,Digital,Medium,,https://www.vartoslo.no,VERIFIED
NO,Ytre Sogn Avis,Avis,Lokal,Ukentlig,Selvstendig,Ytre Sogn Avis,Direkte hos utgiver,Høyanger,,NO,News (Local),Regional consumer,B2C,Local,Print + Digital,Medium,,https://www.ytresogn.no,VERIFIED
NO,Ytringen Avis,Avis,Lokal,Flere ganger ukentlig,Amedia,Ytringen Avis,Amedia Salg,Kolvereid,,NO,News (Local),Regional consumer,B2C,Local,Print + Digital,Medium,,https://www.ytringen.no,VERIFIED
NO,Ávvir,Avis,Samisk,5x ukentlig,Selvstendig,Ávvir AS,Direkte hos utgiver,Karasjok/Kautokeino,1422,NO,News (General),General consumer,B2C,National,Print + Digital,Medium,circulation-reported,https://www.avvir.no,VERIFIED
NO,Åndalsnes Avis,Avis,Lokal,Flere ganger ukentlig,Selvstendig,Åndalsnes Avis,Direkte hos utgiver,Åndalsnes,,NO,News (Local),Regional consumer,B2C,Local,Print + Digital,Medium,,https://www.andalsnes-avis.no,VERIFIED
NO,Ås Avis,Avis,Lokal,Ukentlig,Selvstendig,Ås Avis,Direkte hos utgiver,Ås,,NO,News (Local),Regional consumer,B2C,Local,Print + Digital,Medium,,https://www.asavis.no,VERIFIED
NO,Åsane Tidende,Avis,Lokal,Ukentlig,Selvstendig,Åsane Tidende,Direkte hos utgiver,Bergen,,NO,News (Local),Regional consumer,B2C,Local,Print + Digital,Medium,,https://aatid.no,VERIFIED
NO,Østhavet,Avis,Lokal,Ukentlig,Selvstendig,Østhavet,Direkte hos utgiver,Vardø,,NO,News (Local),Regional consumer,B2C,Local,Print + Digital,Medium,,https://www.osthavet.no,VERIFIED
NO,Østlandets Blad,Avis,Regional,Flere ganger ukentlig,Amedia,Østlandets Blad AS,Amedia Salg,Ski,10084,NO,News (Regional),Regional consumer,B2C,Regional,Print + Digital,Medium,circulation-reported,https://www.oblad.no,VERIFIED
NO,Østlands-Posten,Avis,Regional,Daglig,Amedia,Østlands-Posten AS,Amedia Salg,Larvik,12215,NO,News (Regional),Regional consumer,B2C,Regional,Print + Digital,Medium,circulation-reported,https://op.no,VERIFIED
NO,Østlendingen,Avis,Regional,Daglig,Amedia,Østlendingen AS,Amedia Salg,Elverum,15477,NO,News (Regional),Regional consumer,B2C,Regional,Print + Digital,Medium,circulation-reported,https://ostlendingen.no,VERIFIED
NO,Øy-Blikk,Avis,Lokal,Ukentlig,Selvstendig,Øy-Blikk,Direkte hos utgiver,Brattvåg,,NO,News (Local),Regional consumer,B2C,Local,Print + Digital,Medium,,https://www.oyblikk.no,VERIFIED
NO,Øyene,Avis,Lokal,Flere ganger ukentlig,Amedia,Øyene AS,Amedia Salg,Tjøme,,NO,News (Local),Regional consumer,B2C,Local,Print + Digital,Medium,,https://oyene.no,VERIFIED
NO,Øyposten,Avis,Lokal,Ukentlig,Polaris Media,Øyposten AS,Polaris Media Salg / SMS (samarbeid),Finnøy (51% Polaris),,NO,News (Local),Regional consumer,B2C,Local,Print + Digital,Medium,,https://www.oyposten.no,VERIFIED
NO,Argument,Studentavis,Studentmagasin,Periodisk,Selvstendig,UiO,Direkte hos utgiver,Oslo HF-fakultetet,,NO,Education – Student Press,General consumer,B2C,National,Print + Digital,Medium,student-press,https://argument.org,LIKELY_OK
NO,Bivröst,Studentavis,Studentavis,Periodisk,Selvstendig,UiT Narvik,Direkte hos utgiver,Narvik,,NO,Education – Student Press,General consumer,B2C,National,Print + Digital,Medium,student-press,https://bivrost.no,LIKELY_OK
NO,Forskerforum Student,Studentavis,Studentmagasin,Digital,Selvstendig,Forskerforbundet,Direkte hos utgiver,Student/UH,,NO,B2B – Education,Teachers & educators,B2B,National,Digital,High,student-press,https://www.forskerforum.no,VERIFIED
NO,Index,Studentavis,Studentmagasin,Periodisk,Selvstendig,UiO Informatikk,Direkte hos utgiver,Oslo,,NO,Education – Student Press,General consumer,B2C,National,Print + Digital,Medium,student-press,https://k7bulletin.no,UNVERIFIED
NO,Inside,Studentavis,Studentavis,Periodisk,Selvstendig,BI,Direkte hos utgiver,"Oslo, BI",,NO,Education – Student Press,General consumer,B2C,National,Print + Digital,Medium,student-press,https://www.dn.no,VERIFIED
NO,Inspira,Studentavis,Vit. tidsskrift student,Periodisk,Cappelen Damm Akademisk,NSFLOS,Cappelen Damm Akademisk,Anestesi/operasjon/intensiv,,NO,Education – Student Press,General consumer,B2C,National,Print + Digital,Medium,student-press,https://www.cappelendammakademisk.no,LIKELY_OK
NO,K7 Bulletin,Studentavis,Studentavis,Periodisk,Selvstendig,NHH,Direkte hos utgiver,"Bergen, handelshøgskolen",,NO,Education – Student Press,General consumer,B2C,National,Print + Digital,Medium,student-press,https://www.k7bulletin.no,VERIFIED
NO,Oslostudenten,Studentavis,Studentavis,Digital,Selvstendig,Oslo studenter,Direkte hos utgiver,Oslo,,NO,Education – Student Press,General consumer,B2C,National,Digital,Medium,student-press,https://www.universitas.no,UNVERIFIED
NO,STOFF magasin,Studentavis,Studentmagasin,Periodisk,Selvstendig,UiB / SiB,Direkte hos utgiver,Bergen,,NO,Education – Student Press,General consumer,B2C,National,Print + Digital,Medium,student-press,https://www.stoffmagasin.no,VERIFIED
NO,Studentavisa Hugin,Studentavis,Studentavis,Periodisk,Selvstendig,UiS,Direkte hos utgiver,Stavanger,,NO,Education – Student Press,General consumer,B2C,National,Print + Digital,Medium,student-press,https://www.hugin.no,UNVERIFIED
NO,Studentmagasinet Campus,Studentavis,Studentmagasin,Periodisk,Selvstendig,Diverse,Direkte hos utgiver,Diverse,,NO,Education – Student Press,General consumer,B2C,National,Print + Digital,Medium,student-press,https://campusoslo.no,VERIFIED
NO,Studentnytt,Studentavis,Studentavis,Periodisk,Selvstendig,HiVe,Direkte hos utgiver,Vestfold,,NO,Education – Student Press,General consumer,B2C,National,Print + Digital,Medium,student-press,https://www.studvest.no,UNVERIFIED
NO,Studvest,Studentavis,Studentavis,Ukentlig,Selvstendig,Velferdstinget Vest,Direkte hos utgiver,"Bergen, 1945",,NO,Education – Student Press,General consumer,B2C,National,Print + Digital,Medium,student-press,https://www.studvest.no,VERIFIED
NO,Sugepumpen,Studentavis,Studentavis,Periodisk,Selvstendig,NTNU,Direkte hos utgiver,"Trondheim, kjemi",,NO,Education – Student Press,General consumer,B2C,National,Print + Digital,Medium,student-press,https://www.facebook.com/sugepumpen,UNVERIFIED
NO,Synapsen,Studentavis,Studentavis,Periodisk,Selvstendig,NTNU,Direkte hos utgiver,"Trondheim, nevro",,NO,Education – Student Press,General consumer,B2C,National,Print + Digital,Medium,student-press,https://www.uib.no,UNVERIFIED
NO,Tidsskriftet A,Studentavis,Studentavis,Periodisk,Selvstendig,Arkitektstudentenes Broderskab,Direkte hos utgiver,NTNU arkitektur,,NO,Education – Student Press,General consumer,B2C,National,Print + Digital,Medium,student-press,https://tidsskrifteta.no,UNVERIFIED
NO,Tuntreet,Studentavis,Studentavis,Periodisk,Selvstendig,Studentsamfunnet i Ås,Direkte hos utgiver,"Ås, 1946",,NO,Education – Student Press,General consumer,B2C,National,Print + Digital,Medium,student-press,https://www.tuntreet.no,LIKELY_OK
NO,Under Dusken,Studentavis,Studentavis,Hver 3. uke,Selvstendig,Mediastud / NTNU,Direkte hos utgiver,"Trondheim, 1914",,NO,Education – Student Press,General consumer,B2C,National,Print + Digital,Medium,student-press,https://www.studentmediene.no,VERIFIED
NO,Unikum,Studentavis,Studentavis,Periodisk,Selvstendig,UiA,Direkte hos utgiver,Kristiansand/Grimstad,,NO,Education – Student Press,General consumer,B2C,National,Print + Digital,Medium,student-press,https://www.unikum.net,VERIFIED
NO,Universitas,Studentavis,Studentavis,Ukentlig,Selvstendig,Universitetet i Oslo / SiO,Direkte hos utgiver,"Oslo, 1946",,NO,Education – Student Press,General consumer,B2C,National,Print + Digital,Medium,student-press,https://www.universitas.no,VERIFIED
NO,Utropia,Studentavis,Studentavis,Periodisk,Selvstendig,Norges arktiske studentsamskipnad,Direkte hos utgiver,"Tromsø, 1975",,NO,Education – Student Press,General consumer,B2C,National,Print + Digital,Medium,student-press,https://www.utropia.no,VERIFIED
NO,Ventus magasin,Studentavis,Studentmagasin,Periodisk,Selvstendig,Nord universitet,Direkte hos utgiver,Bodø,,NO,Education – Student Press,General consumer,B2C,National,Print + Digital,Medium,student-press,https://www.ventus.no,UNVERIFIED
NO,Yggdrasil,Studentavis,Studentavis,Periodisk,Selvstendig,Studentsamskipnaden i Molde,Direkte hos utgiver,Molde,,NO,Education – Student Press,General consumer,B2C,National,Print + Digital,Medium,student-press,https://www.yggdrasil.no,UNVERIFIED
NO,=Oslo,Magasin/ukeblad,Gatemagasin,Månedlig,Selvstendig,=Oslo / Erlik,Direkte hos utgiver,Gatemagasin Oslo,,NO,Politics & Current Affairs,Engaged urban readers,B2C,National,Print + Digital,Low,,https://erlik.no,VERIFIED
NO,A-magasinet,Magasin/ukeblad,Aktualitet,Ukentlig,Schibsted,Aftenposten,Schibsted Marketing Services (SMS),Aftenpostens helgemagasin,,NO,Affluent Lifestyle,Affluent Oslo readers,B2C,National,Print + Digital,High,,https://www.aftenposten.no/amagasinet,VERIFIED
NO,Aftenposten Helg,Magasin/ukeblad,Aktualitet,Ukentlig,Schibsted,Aftenposten,Schibsted Marketing Services (SMS),Helgemagasin,,NO,Affluent Lifestyle,Affluent Oslo readers,B2C,National,Print + Digital,High,,https://www.aftenposten.no,VERIFIED
NO,Aftenposten Historie,Magasin/ukeblad,Historie,Månedlig,Schibsted,Aftenposten,Schibsted Marketing Services (SMS),Historie,,NO,History,General consumer,B2C,National,Print + Digital,High,,https://www.aftenposten.no/historie,VERIFIED
NO,Aftenposten Innsikt,Magasin/ukeblad,Internasjonal politikk,Månedlig,Schibsted,Aftenposten,Schibsted Marketing Services (SMS),Internasjonal,,NO,Politics & Current Affairs,General consumer,B2C,National,Print + Digital,High,,https://www.aftenposteninnsikt.no,VERIFIED
NO,Aftenposten Junior,Magasin/ukeblad,Barn,Ukentlig,Schibsted,Aftenposten,Schibsted Marketing Services (SMS),Barn,,NO,Children & Kids,General consumer,B2C,National,Print + Digital,Medium,,https://www.aftenpostenjunior.no,VERIFIED
NO,Aftenposten K,Magasin/ukeblad,Livsstil,Periodisk,Schibsted,Aftenposten,Schibsted Marketing Services (SMS),Helgemagasin,,NO,Affluent Lifestyle,Affluent Oslo readers,B2C,National,Print + Digital,High,,https://www.aftenposten.no,VERIFIED
NO,Aftenposten Oppvekst,Magasin/ukeblad,Familie,Periodisk,Schibsted,Aftenposten,Schibsted Marketing Services (SMS),Oppvekst,,NO,Family & Parenting,Families with children,B2C,National,Print + Digital,Medium,,https://www.aftenposten.no,VERIFIED
NO,Aftenposten Vitenskap,Magasin/ukeblad,Vitenskap,Månedlig,Schibsted,Aftenposten,Schibsted Marketing Services (SMS),Vitenskap,,NO,Science,General consumer,B2C,National,Print + Digital,High,,https://www.aftenposten.no/viten,VERIFIED
NO,Agenda Magasin,Magasin/ukeblad,Politikk,Periodisk,Selvstendig,Tankesmien Agenda,Direkte hos utgiver,Sosialdemokratisk,,NO,Politics & Current Affairs,General consumer,B2C,National,Print + Digital,High,social-democratic,https://agendamagasin.no,VERIFIED
NO,Aktiv Trening,Magasin/ukeblad,Trening,Månedlig,Bonnier,Bonnier Publications,HS Media AS,Trening,,NO,Health & Fitness,General consumer,B2C,National,Print + Digital,High,,https://www.aktivtrening.com,VERIFIED
NO,Aktiv Trening for Kvinner,Magasin/ukeblad,Trening,Periodisk,Bonnier,Bonnier Publications,Bonnier Publications Norge,Trening,,NO,Health & Fitness,General consumer,B2C,National,Print + Digital,High,,https://www.aktivtrening.com,VERIFIED
NO,Aktuell Rapport,Magasin/ukeblad,Voksen,Periodisk,Selvstendig,Aktuell Rapport,Direkte hos utgiver,Voksen,,NO,Adult,Adult readers,B2C,National,Print + Digital,Medium,,https://aktuellrapport.no,VERIFIED
NO,Allers,Magasin/ukeblad,Familie/livsstil,Ukentlig,Aller Media,Aller,HS Media AS,Familieblad,60000,NO,Celebrity & Gossip,Celebrity & royal followers,B2C,National,Print + Digital,Medium,circulation-reported,https://www.allers.no,LIKELY_OK
NO,Alt for damene,Magasin/ukeblad,Kvinne/livsstil,Ukentlig,Aller Media,Aller,Aller Media Annonsesalg,Kvinneblad,,NO,Women's Lifestyle,Women 25-54,B2C,National,Print + Digital,Medium,,https://www.aller.no,UNVERIFIED
NO,Alt om Fiske,Magasin/ukeblad,Sport,Periodisk,Selvstendig,Alt om Fiske,Direkte hos utgiver,Sportsfiske,,NO,Hunting & Fishing,Outdoor enthusiasts (hunting/fishing),B2C,National,Print + Digital,Medium,,https://www.altomfiske.no,VERIFIED
NO,Amcar,Magasin/ukeblad,Motor,Periodisk,Selvstendig,Amcar Norge,Direkte hos utgiver,Amerikanske biler,,NO,Auto & Motor,General consumer,B2C,National,Print + Digital,High,,https://www.amcar.no,VERIFIED
NO,Aperitif,Magasin/ukeblad,Mat/vin,Periodisk,Selvstendig,Aperitif,Direkte hos utgiver,Mat/vin,,NO,Food & Drink,General consumer,B2C,National,Print + Digital,High,,https://www.aperitif.no,VERIFIED
NO,Appell,Magasin/ukeblad,Misjon,Periodisk,Selvstendig,Norsk Luthersk Misjonssamband,Direkte hos utgiver,"Misjon, 30 000",,NO,Religion,Religious (missionary),B2C,National,Print + Digital,Low,,https://www.appell.no,VERIFIED
NO,Argument (Oslo),Magasin/ukeblad,Politikk,Periodisk,Selvstendig,UiO,Direkte hos utgiver,Politikk/idé,,NO,Politics & Current Affairs,Politically engaged,B2C,National,Print + Digital,Medium,,https://argumentnett.no,UNVERIFIED
NO,Argument K,Magasin/ukeblad,Kvinne,Periodisk,Selvstendig,Argument,Direkte hos utgiver,Kvinneblad,,NO,Women's Lifestyle,Women 25-54,B2C,National,Print + Digital,High,,https://kunsthogskolen.no,UNVERIFIED
NO,Asfalt,Magasin/ukeblad,Gatemagasin,Periodisk,Selvstendig,Asfalt,Direkte hos utgiver,Stavanger,,NO,Politics & Current Affairs,Engaged urban readers,B2C,National,Print + Digital,Low,,https://asfalt.no,UNVERIFIED
NO,Auto Motor & Sport,Magasin/ukeblad,Motor,Månedlig,Bonnier,Bonnier Publications,Bonnier Publications Norge,Bil,,NO,Auto & Motor,General consumer,B2C,National,Print + Digital,High,,https://www.automotorsport.no,VERIFIED
NO,Autofil,Magasin/ukeblad,Motor,Månedlig,Egmont Publishing,Egmont,Egmont Publishing Annonse,Bil,,NO,Auto & Motor,General consumer,B2C,National,Print + Digital,High,,https://www.autofil.no,LIKELY_OK
NO,Babyverden Mag,Magasin/ukeblad,Familie/baby,Periodisk,Selvstendig,Babyverden,Direkte hos utgiver,Småbarn,,NO,Family & Parenting,Families with children,B2C,National,Print + Digital,Medium,,https://www.babyverden.no,VERIFIED
NO,Bake,Magasin/ukeblad,Mat,Periodisk,Selvstendig,Bake,Direkte hos utgiver,Baking,,NO,Food & Drink,General consumer,B2C,National,Print + Digital,Medium,,https://www.bakemag.no,UNVERIFIED
NO,Bedre Helse,Magasin/ukeblad,Helse,Periodisk,Egmont Publishing,Egmont,Egmont Publishing Annonse,Forbruker helse,,NO,Health & Fitness,General consumer,B2C,National,Print + Digital,High,,https://www.bedrehelse.no,VERIFIED
NO,Bergens historiske forening årbok,Magasin/ukeblad,Lokalhistorie,Årlig,Selvstendig,BHF,Direkte hos utgiver,Bergen historie,,NO,History,General consumer,B2C,National,Print + Digital,Medium,,https://www.bhfs.no,VERIFIED
NO,Bike,Magasin/ukeblad,Sport,Periodisk,Selvstendig,Bike Norge,Direkte hos utgiver,Sykkel,,NO,Sports,General consumer,B2C,National,Print + Digital,Medium,,https://www.bike.no,VERIFIED
NO,Bil,Magasin/ukeblad,Motor,Månedlig,Egmont Publishing,Egmont,Egmont Publishing Annonse,Bil,,NO,Auto & Motor,General consumer,B2C,National,Print + Digital,High,,https://www.bil.no,LIKELY_OK
NO,Birkebeiner'n,Magasin/ukeblad,Sport,Periodisk,Selvstendig,Birkebeineren,Direkte hos utgiver,Skirenn,,NO,Sports,General consumer,B2C,National,Print + Digital,Medium,,https://www.birkebeiner.no,VERIFIED
NO,Bistandsaktuelt,Magasin/ukeblad,Internasjonal,Periodisk,Selvstendig,Norad,Direkte hos utgiver,Bistand,,NO,Politics & Current Affairs,Development sector engaged,B2C,National,Print + Digital,Medium,,https://www.bistandsaktuelt.no,VERIFIED
NO,Blikk,Magasin/ukeblad,LHBT+,Månedlig,Selvstendig,Stiftelsen Blikk,Direkte hos utgiver,LHBT+ magasin,,NO,LGBTQ+,LGBTQ+ community,B2C,National,Print + Digital,Medium,,https://blikk.no,VERIFIED
NO,Bo Bedre,Magasin/ukeblad,Bolig,Månedlig,Bonnier,Bonnier Publications,Bonnier Publications Norge,Interiør,33000,NO,Home & Interior,General consumer,B2C,National,Print + Digital,High,circulation-reported,https://www.bo-bedre.no,VERIFIED
NO,Bo Bygg og Bolig,Magasin/ukeblad,Bolig,Periodisk,Selvstendig,Bo Bygg og Bolig,Direkte hos utgiver,Bygging,,NO,Home & Interior,General consumer,B2C,National,Print + Digital,High,,https://www.byggogbolig.no,LIKELY_OK
NO,Bo Magasin,Magasin/ukeblad,Bolig,Periodisk,Selvstendig,Bo Magasin,Direkte hos utgiver,Bolig,,NO,Home & Interior,General consumer,B2C,National,Print + Digital,High,,https://www.bonytt.no,VERIFIED
NO,Bokvennen,Magasin/ukeblad,Litteratur,Kvartalsvis,Selvstendig,Bokvennen,Direkte hos utgiver,Litteratur,,NO,Literature & Books,General consumer,B2C,National,Print + Digital,High,,https://www.bokvennen.no,VERIFIED
NO,Bolig Magasinet,Magasin/ukeblad,Bolig,Periodisk,Selvstendig,Bolig Magasinet,Direkte hos utgiver,Bolig,,NO,Home & Interior,General consumer,B2C,National,Print + Digital,High,,https://www.boligmagasinet.no,VERIFIED
NO,BoligDrøm,Magasin/ukeblad,Bolig,Periodisk,Selvstendig,BoligDrøm,Direkte hos utgiver,Bolig,,NO,Home & Interior,General consumer,B2C,National,Print + Digital,High,,https://www.boligdrom.no,VERIFIED
NO,BoligPluss,Magasin/ukeblad,Bolig,Periodisk,Selvstendig,BoligPluss,Direkte hos utgiver,Bolig,,NO,Home & Interior,General consumer,B2C,National,Print + Digital,High,,https://boligpluss.no,VERIFIED
NO,Bonytt,Magasin/ukeblad,Bolig/interiør,8x/år,Egmont Publishing,Egmont,Egmont Publishing Annonse,Interiør,,NO,Home & Interior,General consumer,B2C,National,Print + Digital,High,,https://www.bonytt.no,VERIFIED
NO,Bonytt Hytteliv,Magasin/ukeblad,Hytte,Periodisk,Egmont Publishing,Egmont,Egmont Publishing Annonse,Hytte spesial,,NO,Outdoor & Adventure,Outdoor enthusiasts,B2C,National,Print + Digital,Medium,,https://www.bonytt.no,VERIFIED
NO,BruktNytt,Magasin/ukeblad,Annonse,Periodisk,Selvstendig,BruktNytt,Direkte hos utgiver,Bruktbil/auto,,NO,General Consumer Magazine,General consumer,B2C,National,Print + Digital,Medium,,https://www.bruktnytt.no,LIKELY_OK
NO,Bygg din egen,Magasin/ukeblad,Hobby,Periodisk,Bonnier,Bonnier Publications,Bonnier Publications Norge,DIY,,NO,Craft & DIY,DIY enthusiasts,B2C,National,Print + Digital,Medium,,https://bonnierpublications.com,UNVERIFIED
NO,Byminner,Magasin/ukeblad,Lokalhistorie,Periodisk,Selvstendig,Selskabet for Oslo Byes Vel,Direkte hos utgiver,Oslo historie,,NO,History,General consumer,B2C,National,Print + Digital,Medium,,https://oslomuseum.no,VERIFIED
NO,Båtens Verden,Magasin/ukeblad,Båt,Periodisk,Selvstendig,Båtens Verden,Direkte hos utgiver,Båt,,NO,Boating & Sailing,Boating enthusiasts,B2C,National,Print + Digital,High,,https://www.batensverden.no,VERIFIED
NO,Båtliv,Magasin/ukeblad,Båt,Periodisk,Selvstendig,Båtliv,Direkte hos utgiver,Båt,,NO,Boating & Sailing,Boating enthusiasts,B2C,National,Print + Digital,High,,https://www.batliv.no,VERIFIED
NO,Båtmagasinet,Magasin/ukeblad,Båt,Månedlig,Selvstendig,Båtmagasinet AS,Direkte hos utgiver,Båt,,NO,Boating & Sailing,Boating enthusiasts,B2C,National,Print + Digital,High,,https://www.batmagasinet.no,VERIFIED
NO,Bøygen,Magasin/ukeblad,Litteratur,Periodisk,Selvstendig,UiO,Direkte hos utgiver,"Litteratur, studentmag",,NO,Literature & Books,General consumer,B2C,National,Print + Digital,High,,https://www.hf.uio.no,LIKELY_OK
NO,Civita-notater,Magasin/ukeblad,Politikk,Periodisk,Selvstendig,Civita,Direkte hos utgiver,Tankesmie,,NO,Politics & Current Affairs,General consumer,B2C,National,Print + Digital,High,,https://www.civita.no,LIKELY_OK
NO,Cosmopolitan Norge,Magasin/ukeblad,Kvinne/livsstil,Månedlig,Egmont Publishing,Egmont/Hearst,Egmont Publishing Annonse,Kvinneblad,,NO,Fashion,Fashion-engaged women 18-49,B2C,National,Print + Digital,High,,https://www.elle.no,VERIFIED
NO,Costume,Magasin/ukeblad,Mote,Månedlig,Aller Media,Aller,Aller Media Annonsesalg,Mote,,NO,Fashion,Fashion-engaged women 18-49,B2C,National,Print + Digital,High,,https://www.costume.no,VERIFIED
NO,Costume Living,Magasin/ukeblad,Bolig/livsstil,Periodisk,Egmont Publishing,Egmont,Egmont Publishing Annonse,Bolig,,NO,Home & Interior,Affluent 35+ (luxury),B2C,National,Print + Digital,High,,https://www.costume.no,VERIFIED
NO,Cupido,Magasin/ukeblad,Erotikk,Månedlig,Selvstendig,Cupido AS,Direkte hos utgiver,Erotikk,,NO,Adult,Adult readers,B2C,National,Print + Digital,Medium,,https://www.cupido.no,VERIFIED
NO,D2,Magasin/ukeblad,Aktualitet,Ukentlig,NHST Media Group,Dagens Næringsliv,NHST Media Salg,DN's helgemagasin,,NO,Affluent Lifestyle,Affluent business readers,B2C,National,Print + Digital,Medium,,https://www.dn.no/d2,VERIFIED
NO,Demo (DUL),Magasin/ukeblad,Politikk,Periodisk,Selvstendig,DUL,Direkte hos utgiver,Ungdom/distrikt,,NO,Politics & Current Affairs,General consumer,B2C,National,Print + Digital,High,,https://www.dul.no,VERIFIED
NO,Det Norske Akademis Magasin,Magasin/ukeblad,Språk,Periodisk,Selvstendig,Det Norske Akademi,Direkte hos utgiver,Språk,,NO,Literature & Books,Language enthusiasts,B2C,National,Print + Digital,Low,,https://www.detnorskeakademi.no,VERIFIED
NO,Det Nye,Magasin/ukeblad,Tenåring/ung kvinne,Månedlig,Aller Media,Aller,Aller Media Annonsesalg,Ungt kvinneblad,,NO,Fashion,Women 25-54,B2C,National,Print + Digital,High,,https://www.detnye.no,VERIFIED
NO,Digi.no,Magasin/ukeblad,Teknologi,Digital,Selvstendig,Teknisk Ukeblad Media,Direkte hos utgiver,Teknologi bedrift,,NO,Tech & Gadgets,Tech professionals,B2B,National,Digital,High,,https://www.digi.no,VERIFIED
NO,Digital Foto,Magasin/ukeblad,Foto,Månedlig,Selvstendig,Digital Foto,HS Media AS,Fotografi,,NO,Photography,General consumer,B2C,National,Print + Digital,High,,https://www.digitalfoto.no,LIKELY_OK
NO,Dine Penger,Magasin/ukeblad,Privatøkonomi,Månedlig,Schibsted,Schibsted,HS Media AS,Privatøkonomi,,NO,Business & Finance,Personal finance readers,B2C,National,Print + Digital,High,,https://www.dinepenger.no,VERIFIED
NO,Dinside,Magasin/ukeblad,Forbruker,Digital,Aller Media,Dinside,Aller Media Annonsesalg,Forbruker,,NO,Tech & Gadgets,Consumer tech readers,B2C,National,Digital,High,,https://www.dinside.no,VERIFIED
NO,Donald Duck & Co,Magasin/ukeblad,Tegneserie,Ukentlig,Egmont Publishing,Egmont,Egmont Publishing Annonse,Barn,50000,NO,Children & Kids,Children (3-12),B2C,National,Print + Digital,Low,circulation-reported,https://www.donald.no,VERIFIED
NO,Dykking,Magasin/ukeblad,Sport,Periodisk,Selvstendig,Dykking AS,Direkte hos utgiver,Dykking,,NO,Sports,General consumer,B2C,National,Print + Digital,Medium,,https://dykking.no,VERIFIED
NO,Eksisten,Magasin/ukeblad,Filosofi,Periodisk,Selvstendig,Eksisten,Direkte hos utgiver,Filosofi,,NO,Literature & Books,Philosophy readers,B2C,National,Print + Digital,Low,,https://www.tf.uio.no,UNVERIFIED
NO,ELLE Decoration Norge,Magasin/ukeblad,Bolig,Periodisk,Egmont Publishing,Egmont/Hearst,Egmont Publishing Annonse,Bolig/design,,NO,Home & Interior,Affluent 35+ (luxury),B2C,National,Print + Digital,High,,https://www.elledecoration.no,LIKELY_OK
NO,ELLE Norge,Magasin/ukeblad,Mote,Månedlig,Egmont Publishing,Egmont/Hearst,Egmont Publishing Annonse,Mote,28000,NO,Fashion,Fashion-engaged women 18-49,B2C,National,Print + Digital,High,circulation-reported,https://www.elle.no,VERIFIED
NO,Familien,Magasin/ukeblad,Familie,Ukentlig,Egmont Publishing,Egmont,Egmont Publishing Annonse,Familieblad,45000,NO,Family & Parenting,Families with children,B2C,National,Print + Digital,Medium,circulation-reported,https://www.familien.no,VERIFIED
NO,Fett,Magasin/ukeblad,Feminisme,Periodisk,Selvstendig,Fett,Direkte hos utgiver,Feministisk,,NO,Politics & Current Affairs,Feminist readers,B2C,National,Print + Digital,Medium,,https://www.fett.no,VERIFIED
NO,Film & Kino,Magasin/ukeblad,Film,Periodisk,Selvstendig,Film & Kino,Direkte hos utgiver,Film,,NO,Film,General consumer,B2C,National,Print + Digital,High,,https://www.filmweb.no,VERIFIED
NO,Filmmagasinet,Magasin/ukeblad,Film,Periodisk,Selvstendig,Filmmagasinet,Direkte hos utgiver,Film,,NO,Film,General consumer,B2C,National,Print + Digital,High,,https://www.filmmagasinet.no,VERIFIED
NO,Finansavisen Bil,Magasin/ukeblad,Bil,Periodisk,Hegnar Media,Hegnar Media,Hegnar Media Salg,Bil,,NO,Auto & Motor,Affluent 35+ (luxury),B2C,National,Print + Digital,High,,https://www.finansavisen.no,VERIFIED
NO,Foreldre,Magasin/ukeblad,Familie,Periodisk,Selvstendig,Foreldre,Direkte hos utgiver,Familie,,NO,Family & Parenting,Families with children,B2C,National,Print + Digital,Medium,,https://www.foreldre.no,VERIFIED
NO,Foreldre & Barn,Magasin/ukeblad,Familie,Månedlig,Egmont Publishing,Egmont,Egmont Publishing Annonse,Småbarnsforeldre,,NO,Family & Parenting,Families with children,B2C,National,Print + Digital,Medium,,https://www.foreldreogbarn.no,VERIFIED
NO,Fotografi,Magasin/ukeblad,Foto,Periodisk,Selvstendig,Fotografi,Direkte hos utgiver,Fotografi,,NO,Photography,General consumer,B2C,National,Print + Digital,High,,https://fotografi.no,VERIFIED
NO,Fri Flyt,Magasin/ukeblad,Friluftsliv/ski,Periodisk,Selvstendig,Fri Flyt AS,Direkte hos utgiver,Ski/friluft,,NO,Outdoor & Adventure,Skiers & outdoor enthusiasts,B2C,National,Print + Digital,Medium,,https://www.friflyt.no,VERIFIED
NO,Gamereactor Norge,Magasin/ukeblad,Spill,Digital,Selvstendig,Gamereactor,Direkte hos utgiver,Dataspill,,NO,Gaming,General consumer,B2C,National,Digital,Medium,,https://www.gamereactor.no,VERIFIED
NO,Gatebil,Magasin/ukeblad,Motor,Periodisk,Selvstendig,Gatebil AS,Direkte hos utgiver,Tuning,,NO,Auto & Motor,General consumer,B2C,National,Print + Digital,High,,https://gatebil.no,VERIFIED
NO,Genealogen,Magasin/ukeblad,Slektshistorie,Periodisk,Selvstendig,Norsk Slektshistorisk Forening,Direkte hos utgiver,Slektshistorie,,NO,History,General consumer,B2C,National,Print + Digital,Medium,,https://www.genealogi.no,VERIFIED
NO,Godt.no,Magasin/ukeblad,Mat,Digital,Schibsted,Schibsted,Schibsted Marketing Services (SMS),Mat vertikal,,NO,Food & Drink,General consumer,B2C,National,Digital,Medium,,https://www.godt.no,VERIFIED
NO,Hageguiden,Magasin/ukeblad,Hage,Periodisk,Egmont Publishing,Egmont,Egmont Publishing Annonse,Hage,,NO,Garden,General consumer,B2C,National,Print + Digital,High,,https://www.bonytt.no,VERIFIED
NO,Harvest Magazine,Magasin/ukeblad,Friluftsliv/natur,Digital,Selvstendig,Harvest,Direkte hos utgiver,Friluft,,NO,Outdoor & Adventure,Nature/outdoor enthusiasts,B2C,National,Digital,Medium,,https://harvestmagazine.no,VERIFIED
NO,Heftet Ringerike,Magasin/ukeblad,Lokalhistorie,Årlig,Selvstendig,Ringerike Historielag,Direkte hos utgiver,Ringerike,,NO,History,General consumer,B2C,National,Print + Digital,Medium,,https://www.lokalhistoriewiki.no/wiki/Ringerike,UNVERIFIED
NO,Heimen,Magasin/ukeblad,Lokalhistorie,Kvartalsvis,Universitetsforlaget,Landslaget for lokalhistorie,Universitetsforlaget / Scandinavian University Press,Lokalhistorie,,NO,History,General consumer,B2C,National,Print + Digital,Medium,,https://www.idunn.no/heimen,LIKELY_OK
NO,Henne,Magasin/ukeblad,Mote/livsstil,Månedlig,Aller Media,Aller,Aller Media Annonsesalg,Kvinneblad,25000,NO,Women's Lifestyle,Women 25-54,B2C,National,Print + Digital,High,circulation-reported,https://www.aller.no,LIKELY_OK
NO,Hest og Hover,Magasin/ukeblad,Dyr,Periodisk,Selvstendig,Det norske travselskap,Direkte hos utgiver,Travsport,,NO,Sports – Equestrian,Equestrian enthusiasts,B2C,National,Print + Digital,High,,https://www.rytter.no,UNVERIFIED
NO,Hestesport,Magasin/ukeblad,Dyr,Periodisk,Selvstendig,Norges Rytterforbund,Direkte hos utgiver,Hest,,NO,Sports – Equestrian,General consumer,B2C,National,Print + Digital,Medium,,https://www.hestesport.no,LIKELY_OK
NO,Historie Norge,Magasin/ukeblad,Historie,Månedlig,Bonnier,Bonnier Publications,Bonnier Publications Norge,Historie,,NO,History,General consumer,B2C,National,Print + Digital,High,,https://www.historienet.no,LIKELY_OK
NO,Hjem Søte Hjem,Magasin/ukeblad,Bolig,Periodisk,Selvstendig,Hjem,Direkte hos utgiver,Bolig,,NO,Home & Interior,General consumer,B2C,National,Print + Digital,High,,https://www.kk.no/bolig,UNVERIFIED
NO,Hjemmekino.no,Magasin/ukeblad,Teknologi,Digital,Selvstendig,Hjemmekino,Direkte hos utgiver,Hjemmekino,,NO,Tech & Gadgets,Home cinema enthusiasts,B2C,National,Digital,Medium,,https://hjemmekino.no,VERIFIED
NO,Hjemmet,Magasin/ukeblad,Familie,Ukentlig,Egmont Publishing,Egmont Hjemmet Mortensen,Egmont Publishing Annonse,Familieblad,130000,NO,Family & Parenting,Families with children,B2C,National,Print + Digital,Medium,"circulation-reported, high-circulation",https://www.klikk.no/hjemmet,VERIFIED
NO,Hotell Magasinet,Magasin/ukeblad,Reise,Periodisk,Selvstendig,Hotell Magasinet,Direkte hos utgiver,Reise,,NO,Travel,General consumer,B2C,National,Print + Digital,High,,https://www.hotellmagasinet.no,VERIFIED
NO,Hunden,Magasin/ukeblad,Dyr,Periodisk,Selvstendig,NKK,Direkte hos utgiver,Hund,,NO,Pets,General consumer,B2C,National,Print + Digital,Medium,,https://www.nkk.no,UNVERIFIED
NO,Hundesport,Magasin/ukeblad,Dyr,Periodisk,Selvstendig,Norsk Kennel Klub,Salgsfabrikken AS,Hundesport,,NO,Pets,General consumer,B2C,National,Print + Digital,Medium,,https://www.nkk.no,VERIFIED
NO,Hus & Have,Magasin/ukeblad,Hus/hage,Periodisk,Egmont Publishing,Egmont,Egmont Publishing Annonse,Hus/hage,,NO,Garden,Garden enthusiasts,B2C,National,Print + Digital,High,,https://www.huseierne.no,VERIFIED
NO,Hus & Hjem,Magasin/ukeblad,Bolig,Månedlig,Egmont Publishing,Egmont,Egmont Publishing Annonse,Bolig,,NO,Home & Interior,General consumer,B2C,National,Print + Digital,High,,https://hus-hjem.no,LIKELY_OK
NO,Hytteliv,Magasin/ukeblad,Hytte/livsstil,Månedlig,Egmont Publishing,Egmont,Egmont Publishing Annonse,Hytte,,NO,Outdoor & Adventure,Outdoor enthusiasts,B2C,National,Print + Digital,Medium,,https://www.hytteliv.no,VERIFIED
NO,Hyttetorget,Magasin/ukeblad,Hytte,Periodisk,Selvstendig,Hyttetorget,Direkte hos utgiver,Hytte,,NO,Outdoor & Adventure,Outdoor enthusiasts,B2C,National,Print + Digital,Medium,,https://www.hyttetorget.no,VERIFIED
NO,Iform,Magasin/ukeblad,Helse/trening,Månedlig,Bonnier,Bonnier Publications,HS Media AS,Helse,,NO,Health & Fitness,General consumer,B2C,National,Print + Digital,High,,https://www.iform.no,LIKELY_OK
NO,Illustrert Vitenskap,Magasin/ukeblad,Vitenskap,Månedlig,Bonnier,Bonnier Publications,HS Media AS,Populærvitenskap,,NO,Science,General consumer,B2C,National,Print + Digital,High,,https://illvit.no,VERIFIED
NO,Illustrert Vitenskap Historie,Magasin/ukeblad,Historie,Månedlig,Bonnier,Bonnier Publications,Bonnier Publications Norge,Historie,,NO,History,History enthusiasts,B2C,National,Print + Digital,High,,https://www.historienet.no,LIKELY_OK
NO,Illustrert Vitenskap Junior,Magasin/ukeblad,Vitenskap barn,Månedlig,Bonnier,Bonnier Publications,Bonnier Publications Norge,Vitenskap barn,,NO,Science,General consumer,B2C,National,Print + Digital,High,,https://illvit.no,VERIFIED
NO,Jeger,Magasin/ukeblad,Sport/jakt,Periodisk,Selvstendig,Jeger AS,HS Media AS,Jakt,,NO,Hunting & Fishing,Outdoor enthusiasts (hunting/fishing),B2C,National,Print + Digital,High,,https://www.jegeravisa.no,VERIFIED
NO,Kamille,Magasin/ukeblad,Kvinne/livsstil,Ukentlig,Egmont Publishing,Egmont,Egmont Publishing Annonse,Kvinneblad,20000,NO,Women's Lifestyle,Women 25-54,B2C,National,Print + Digital,Medium,circulation-reported,https://www.klikk.no/kamille,VERIFIED
NO,Kanin,Magasin/ukeblad,Dyr,Periodisk,Selvstendig,NKF,Direkte hos utgiver,Kanin,,NO,Pets,Rabbit owners,B2C,National,Print + Digital,Medium,,https://www.kanin.no,VERIFIED
NO,Kapital,Magasin/ukeblad,Næringsliv,Annenhver uke,Hegnar Media,Hegnar Media,Hegnar Media Salg,Næringsliv,17000,NO,Business & Finance,Business decision-makers,B2C,National,Print + Digital,Medium,circulation-reported,https://www.kapital.no,VERIFIED
NO,Katt,Magasin/ukeblad,Dyr,Periodisk,Selvstendig,Norske Rasekatters Riksforbund,Direkte hos utgiver,Katt,,NO,Pets,General consumer,B2C,National,Print + Digital,Medium,,https://nrr.no,VERIFIED
NO,KK (Kvinner og Klær),Magasin/ukeblad,Mote/livsstil,Månedlig,Aller Media,Aller,Aller Media Annonsesalg,Kvinneblad,,NO,Fashion,General consumer,B2C,National,Print + Digital,Medium,,https://www.kk.no,VERIFIED
NO,Klar,Magasin/ukeblad,Gatemagasin,Periodisk,Selvstendig,Klar,Direkte hos utgiver,Drammen,,NO,Politics & Current Affairs,Engaged urban readers,B2C,National,Print + Digital,Low,,https://www.klar.no,VERIFIED
NO,Klassisk musikk,Magasin/ukeblad,Musikk,Periodisk,Selvstendig,Klassisk Musikk,Direkte hos utgiver,Klassisk,,NO,Music,General consumer,B2C,National,Print + Digital,High,,https://klassiskmusikk.no,VERIFIED
NO,Klassiske biler,Magasin/ukeblad,Motor,Periodisk,Selvstendig,Klassisk bilforlag,Direkte hos utgiver,Klassiske biler,,NO,Auto & Motor,General consumer,B2C,National,Print + Digital,High,,https://www.norskmotorveteran.no,UNVERIFIED
NO,Klatring,Magasin/ukeblad,Sport,Periodisk,Selvstendig,Norsk Tindeklub,Direkte hos utgiver,Klatring,,NO,Sports,General consumer,B2C,National,Print + Digital,Medium,,https://www.klatring.no,VERIFIED
NO,Klikk.no,Magasin/ukeblad,Forbruker,Digital,Egmont Publishing,Egmont,Egmont Publishing Annonse,Forbruker portal,,NO,Women's Lifestyle,Women digital consumers,B2C,National,Digital,High,,https://www.klikk.no,VERIFIED
NO,Komputer For Alle,Magasin/ukeblad,Teknologi,Periodisk,Bonnier,Bonnier,Bonnier Publications Norge,Forbruker-IT,,NO,Tech & Gadgets,PC enthusiasts,B2C,National,Print + Digital,Medium,,https://www.kfa.no,VERIFIED
NO,Kondis,Magasin/ukeblad,Trening/løping,Periodisk,Selvstendig,Kondis,Direkte hos utgiver,Løping,,NO,Health & Fitness,General consumer,B2C,National,Print + Digital,High,,https://www.kondis.no,VERIFIED
NO,Kulinarisk,Magasin/ukeblad,Mat,Periodisk,Selvstendig,Kulinarisk,Direkte hos utgiver,Mat,,NO,Food & Drink,General consumer,B2C,National,Print + Digital,Medium,,https://www.kulinarisk.no,VERIFIED
NO,Kunstforum,Magasin/ukeblad,Kunst,Periodisk,Selvstendig,Kunstforum,Direkte hos utgiver,Kunst,,NO,Arts & Culture,General consumer,B2C,National,Print + Digital,Medium,,https://www.kunstforum.as,VERIFIED
NO,Le Monde Diplomatique Norge,Magasin/ukeblad,Internasjonal,Månedlig,Selvstendig,Le Monde Diplomatique,Direkte hos utgiver,Internasjonal,,NO,Politics & Current Affairs,Internationally minded,B2C,National,Print + Digital,Medium,,https://www.lmd.no,VERIFIED
NO,Lek og Lyst,Magasin/ukeblad,Voksen,Periodisk,Selvstendig,Lek og Lyst,Direkte hos utgiver,Voksen,,NO,Adult,Adult readers,B2C,National,Print + Digital,Medium,,https://www.barnehage.no,LIKELY_OK
NO,Lev (helse),Magasin/ukeblad,Helse,Månedlig,Aller Media,Aller,Aller Media Annonsesalg,Helse,,NO,Health & Fitness,General consumer,B2C,National,Print + Digital,High,,https://www.lev.no,VERIFIED
NO,LevLandlig,Magasin/ukeblad,Bolig/livsstil,Månedlig,Egmont Publishing,Egmont,Egmont Publishing Annonse,Landliv,,NO,Home & Interior,General consumer,B2C,National,Print + Digital,High,,https://www.lev.no,VERIFIED
NO,LHL Vi,Magasin/ukeblad,Helse,Periodisk,Selvstendig,LHL,Direkte hos utgiver,Hjerte og lunge,,NO,Health & Fitness,General consumer,B2C,National,Print + Digital,High,,https://www.lhl.no,VERIFIED
NO,Lyd og Bilde,Magasin/ukeblad,Teknologi,Månedlig,Selvstendig,Lyd og Bilde,Direkte hos utgiver,Hjemmekino,,NO,Tech & Gadgets,AV enthusiasts,B2C,National,Print + Digital,Medium,,https://www.lydogbilde.no,VERIFIED
NO,Lyd og Musikkultur,Magasin/ukeblad,Musikk,Periodisk,Selvstendig,Musikernes Fellesorg.,Direkte hos utgiver,Musikk,,NO,Music,General consumer,B2C,National,Print + Digital,High,,https://musikkultur.no,VERIFIED
NO,Lys i Hjemmet,Magasin/ukeblad,Religion,Periodisk,Selvstendig,Pinsebevegelsen,Direkte hos utgiver,Pinse,,NO,Religion,Religious (Christian),B2B,National,Print + Digital,Medium,,https://www.misjon.no,UNVERIFIED
NO,M Magazine,Magasin/ukeblad,Mote/livsstil,Periodisk,Egmont Publishing,Egmont,Egmont Publishing Annonse,Livsstil,,NO,Fashion,General consumer,B2C,National,Print + Digital,Medium,,https://m.klikk.no,UNVERIFIED
NO,M! magasinet,Magasin/ukeblad,Mann/livsstil,Periodisk,Egmont Publishing,Egmont,Egmont Publishing Annonse,,,NO,Men's Lifestyle,Norwegian men,B2C,National,Print + Digital,Medium,,https://www.kk.no,VERIFIED
NO,Magasinet (Dagbladet),Magasin/ukeblad,Aktualitet,Ukentlig,Aller Media,Dagbladet,Aller Media Annonsesalg,Helgemagasin,,NO,Affluent Lifestyle,Dagbladet weekend readers,B2C,National,Print + Digital,High,,https://www.dagbladet.no/magasinet,VERIFIED
NO,Magasinet KK,Magasin/ukeblad,Mote,Periodisk,Aller Media,Aller,Aller Media Annonsesalg,Mote,,NO,Fashion,General consumer,B2C,National,Print + Digital,Medium,,https://www.kk.no,VERIFIED
NO,Manifest Tidsskrift,Magasin/ukeblad,Politikk,Periodisk,Selvstendig,Manifest Analyse,Direkte hos utgiver,Sosialistisk,,NO,Politics & Current Affairs,General consumer,B2C,National,Print + Digital,High,,https://www.manifesttidsskrift.no,VERIFIED
NO,Mat & Drikke,Magasin/ukeblad,Mat,Periodisk,Bonnier,Bonnier Publications,Bonnier Publications Norge,Mat,,NO,Food & Drink,General consumer,B2C,National,Print + Digital,Medium,,https://www.matogdrikke.no,VERIFIED
NO,Mat & Vin,Magasin/ukeblad,Mat,Månedlig,Aller Media,Aller,Aller Media Annonsesalg,Mat/vin,,NO,Food & Drink,General consumer,B2C,National,Print + Digital,High,,https://matogvin.no,VERIFIED
NO,Megafon,Magasin/ukeblad,Gatemagasin,Periodisk,Selvstendig,Megafon,Direkte hos utgiver,Bergen,,NO,Politics & Current Affairs,Engaged urban readers,B2C,National,Print + Digital,Low,,https://megafon.no,VERIFIED
NO,Min Mote,Magasin/ukeblad,Mote,Digital,Schibsted,Schibsted,Schibsted Marketing Services (SMS),Mote vertikal,,NO,Fashion,General consumer,B2C,National,Digital,Medium,,https://minmote.no,VERIFIED
NO,Minerva,Magasin/ukeblad,Politikk,Periodisk,Selvstendig,Minerva,Direkte hos utgiver,Borgerlig debatt,,NO,Politics & Current Affairs,General consumer,B2C,National,Print + Digital,High,centre-right,https://www.minervanett.no,VERIFIED
NO,Misjonstidende,Magasin/ukeblad,Religion,Periodisk,Selvstendig,NMS,Direkte hos utgiver,Misjon,,NO,Religion,Religious (Christian),B2B,National,Print + Digital,Medium,,https://www.misjonstidende.no,LIKELY_OK
NO,National Geographic Junior,Magasin/ukeblad,Vitenskap barn,Månedlig,Bonnier,Bonnier Publications,Bonnier Publications Norge,Barn,,NO,Science,General consumer,B2C,National,Print + Digital,High,,https://www.natgeo.no,LIKELY_OK
NO,National Geographic Norge,Magasin/ukeblad,Vitenskap/natur,Månedlig,Bonnier,Bonnier Publications,HS Media AS,Natur,,NO,Science,General consumer,B2C,National,Print + Digital,High,,https://www.natgeo.no,LIKELY_OK
NO,Nice,Magasin/ukeblad,Livsstil,Digital,Schibsted,Schibsted,Schibsted Marketing Services (SMS),Livsstil,,NO,Affluent Lifestyle,Affluent urban readers,B2C,National,Digital,Medium,,https://www.aftenposten.no,LIKELY_OK
NO,Norsk Fiskesport,Magasin/ukeblad,Sport,Periodisk,Selvstendig,Norsk Fiskesport,Direkte hos utgiver,Sportsfiske,,NO,Sports,General consumer,B2C,National,Print + Digital,Medium,,https://nfsf.no,UNVERIFIED
NO,Norsk Golf,Magasin/ukeblad,Sport/golf,Månedlig,Egmont Publishing,Egmont,HS Media AS,Golf,,NO,Sports – Golf,General consumer,B2C,National,Print + Digital,High,,https://www.norskgolf.no,VERIFIED
NO,Norsk Hagetidend (sponset),Magasin/ukeblad,Hage,Månedlig,Aller Media,Aller,Aller Media Annonsesalg,Hage,,NO,Garden,General consumer,B2C,National,Print + Digital,High,,https://www.hageselskapet.no,VERIFIED
NO,Norsk Slektshistorisk Tidsskrift,Magasin/ukeblad,Slektshistorie,Periodisk,Selvstendig,Norsk Slektshistorisk Forening,Direkte hos utgiver,Slektshistorie,,NO,History,General consumer,B2C,National,Print + Digital,Medium,,https://www.genealogi.no,VERIFIED
NO,Norsk Ukeblad,Magasin/ukeblad,Familie,Ukentlig,Egmont Publishing,Egmont,Egmont Publishing Annonse,Etabl. 1933,90000,NO,Family & Parenting,Families with children,B2C,National,Print + Digital,Medium,circulation-reported,https://www.norskukeblad.no,VERIFIED
NO,Norwegian Wood,Magasin/ukeblad,Musikk,Periodisk,Selvstendig,Norwegian Wood,Direkte hos utgiver,Rock,,NO,Music,General consumer,B2C,National,Print + Digital,High,,https://norwegianwood.no,VERIFIED
NO,Numer,Magasin/ukeblad,Kunst,Periodisk,Selvstendig,Numer,Direkte hos utgiver,Tekstilkunst,,NO,Arts & Culture,General consumer,B2C,National,Print + Digital,Medium,,https://numer.no,VERIFIED
NO,Nytt Norsk Tidsskrift,Magasin/ukeblad,Politikk/kultur,Kvartalsvis,Universitetsforlaget,UF,Universitetsforlaget / Scandinavian University Press,Politikk og kultur,,NO,Politics & Current Affairs,General consumer,B2C,National,Print + Digital,High,,https://www.idunn.no/nnt,LIKELY_OK
NO,Padling,Magasin/ukeblad,Sport,Periodisk,Selvstendig,Padling AS,Direkte hos utgiver,Padling,,NO,Sports,General consumer,B2C,National,Print + Digital,Medium,,https://padling.no,VERIFIED
NO,Panorama Nyheter,Magasin/ukeblad,Internasjonal,Digital,Selvstendig,Panorama,Direkte hos utgiver,Norsk-internasjonal,,NO,Politics & Current Affairs,Internationally minded,B2C,National,Digital,Medium,,https://www.panoramanyheter.no,VERIFIED
NO,Pegasus,Magasin/ukeblad,Spill,Periodisk,Selvstendig,Pegasus,Direkte hos utgiver,Dataspill,,NO,Gaming,Gamers,B2C,National,Print + Digital,Medium,,https://pegasus.no,VERIFIED
NO,Pensjonisten,Magasin/ukeblad,Senior,Periodisk,Pensjonistforbundet,Pensjonistforbundet,Salgsfabrikken AS,219 000 opplag,,NO,Seniors 55+,Adults 55+,B2B,National,Print + Digital,Low,,https://pensjonistforbundet.no,VERIFIED
NO,Plot magasin,Magasin/ukeblad,Undersøkende journalistikk,Periodisk,Selvstendig,Stiftelsen Plot,Direkte hos utgiver,Undersøkende,,NO,Politics & Current Affairs,Investigative journalism readers,B2C,National,Print + Digital,Medium,,https://plot.no,UNVERIFIED
NO,Pondus,Magasin/ukeblad,Tegneserie,Månedlig,Egmont Publishing,Egmont,Egmont Publishing Annonse,Voksen tegneserie,,NO,Children & Kids,Children (3-12),B2C,National,Print + Digital,Low,,https://www.pondus.no,VERIFIED
NO,Procycling Norge,Magasin/ukeblad,Sport,Periodisk,Selvstendig,Procycling,Direkte hos utgiver,Sykkel,,NO,Sports,General consumer,B2C,National,Print + Digital,Medium,,https://procycling.no,VERIFIED
NO,Prosa,Magasin/ukeblad,Sakprosa,6x/år,Selvstendig,NFFO,Direkte hos utgiver,Sakprosa,,NO,Literature & Books,Literary readers,B2C,National,Print + Digital,Medium,,https://prosa.no,VERIFIED
NO,Reiselyst,Magasin/ukeblad,Reise,Periodisk,Aller Media,Aller,Aller Media Annonsesalg,Reise,,NO,Travel,General consumer,B2C,National,Print + Digital,High,,https://www.reiselyst.no,LIKELY_OK
NO,Replikk,Magasin/ukeblad,Kultur,Periodisk,Selvstendig,UiB,Direkte hos utgiver,Idé,,NO,Arts & Culture,General consumer,B2C,National,Print + Digital,High,,https://www.fagbokforlaget.no,LIKELY_OK
NO,Rushprint,Magasin/ukeblad,Film,Periodisk,Selvstendig,Norsk Filmforbund,Direkte hos utgiver,Film bransje,,NO,Film,General consumer,B2C,National,Print + Digital,High,,https://rushprint.no,VERIFIED
NO,Røyst,Magasin/ukeblad,Politikk,Periodisk,Selvstendig,Røyst,Direkte hos utgiver,Sosialistisk debatt,,NO,Politics & Current Affairs,General consumer,B2C,National,Print + Digital,High,,https://royst.no,VERIFIED
NO,Salongen,Magasin/ukeblad,Filosofi,Digital,Selvstendig,NFR,Direkte hos utgiver,Filosofi,,NO,Literature & Books,Philosophy readers,B2C,National,Digital,Low,,https://salongen.no,VERIFIED
NO,Salt,Magasin/ukeblad,Mat,Periodisk,Selvstendig,Salt magasin,Direkte hos utgiver,Mat/livsstil,,NO,Food & Drink,General consumer,B2C,National,Print + Digital,Medium,,https://www.salt.no,VERIFIED
NO,Samora,Magasin/ukeblad,Minoritet,Periodisk,Selvstendig,Samora,Direkte hos utgiver,Flerkulturell,,NO,Politics & Current Affairs,Minority/diversity readers,B2C,National,Print + Digital,Medium,,https://www.samora.no,VERIFIED
NO,Samtiden,Magasin/ukeblad,Kultur/idé,Kvartalsvis,Aschehoug,Aschehoug,Direkte hos utgiver,Idemagasin,,NO,Arts & Culture,General consumer,B2C,National,Print + Digital,High,,https://www.samtiden.no,VERIFIED
NO,Scream Magazine,Magasin/ukeblad,Film,Periodisk,Selvstendig,Scream,Direkte hos utgiver,Skrekkfilm,,NO,Film,General consumer,B2C,National,Print + Digital,High,,https://scream.no,UNVERIFIED
NO,Se og Hør,Magasin/ukeblad,Kjendis/TV,2x ukentlig,Aller Media,Se og Hør,Aller Media Annonsesalg,Største sladremagasin,70000,NO,Celebrity & Gossip,General consumer,B2C,National,Print + Digital,Medium,circulation-reported,https://www.seher.no,VERIFIED
NO,Se og Hør EXTRA,Magasin/ukeblad,Kjendis,Periodisk,Aller Media,Se og Hør,Aller Media Annonsesalg,Spesialutgave,,NO,Celebrity & Gossip,General consumer,B2C,National,Print + Digital,Medium,,https://www.seoghor.no,LIKELY_OK
NO,Se og Hør Kryss og Quiz,Magasin/ukeblad,Underholdning,Periodisk,Aller Media,Se og Hør,Aller Media Annonsesalg,,,NO,Celebrity & Gossip,General consumer,B2C,National,Print + Digital,Medium,,https://www.seoghor.no,LIKELY_OK
NO,Se og Hør Tirsdag,Magasin/ukeblad,Kjendis/TV,Ukentlig,Aller Media,Se og Hør,Aller Media Annonsesalg,Tirsdagsutgave,,NO,Celebrity & Gossip,General consumer,B2C,National,Print + Digital,Medium,,https://www.seoghor.no,LIKELY_OK
NO,Seil Magasinet,Magasin/ukeblad,Sport/båt,Periodisk,Selvstendig,Seil Magasinet,Direkte hos utgiver,Seiling,,NO,Boating & Sailing,Boating enthusiasts,B2C,National,Print + Digital,High,,https://www.seilmagasinet.no,VERIFIED
NO,Seilas,Magasin/ukeblad,Sport/båt,Periodisk,Selvstendig,Seilas,Direkte hos utgiver,Båt,,NO,Boating & Sailing,Boating enthusiasts,B2C,National,Print + Digital,High,,https://www.seilmagasinet.no,VERIFIED
NO,Shape Up,Magasin/ukeblad,Trening/livsstil,Månedlig,Egmont Publishing,Egmont,Egmont Publishing Annonse,Trening,,NO,Health & Fitness,General consumer,B2C,National,Print + Digital,High,,https://www.shapeup.no,VERIFIED
NO,Side2,Magasin/ukeblad,Underholdning,Digital,Amedia,Nettavisen,Amedia Salg,Kjendis/sladder,,NO,Celebrity & Gossip,Entertainment news readers,B2C,National,Digital,High,,https://www.side2.no,VERIFIED
NO,Skog & Hage,Magasin/ukeblad,Hage,Periodisk,Selvstendig,Skog og Hage,Direkte hos utgiver,Hage,,NO,Garden,Garden enthusiasts,B2C,National,Print + Digital,High,,https://www.skogoghage.no,LIKELY_OK
NO,Slekt og Data,Magasin/ukeblad,Slektshistorie,Periodisk,Selvstendig,Slekt og Data,Direkte hos utgiver,Slektshistorie,,NO,History,General consumer,B2C,National,Print + Digital,Medium,,https://www.slektogdata.no,VERIFIED
NO,Sorgenfri,Magasin/ukeblad,Gatemagasin,Periodisk,Selvstendig,Erlik AS,Direkte hos utgiver,Trondheim,,NO,Politics & Current Affairs,Engaged urban readers,B2C,National,Print + Digital,Low,,https://sorgenfri.no,VERIFIED
NO,Spis Bedre,Magasin/ukeblad,Mat,Periodisk,Egmont Publishing,Egmont,Egmont Publishing Annonse,Mat,,NO,Food & Drink,General consumer,B2C,National,Print + Digital,High,,https://www.spisbedre.no,LIKELY_OK
NO,Stella,Magasin/ukeblad,Mote/livsstil,Månedlig,Aller Media,Aller,Aller Media Annonsesalg,Kvinneblad,,NO,Fashion,General consumer,B2C,National,Print + Digital,High,,https://www.stella.no,VERIFIED
NO,Stella Living,Magasin/ukeblad,Bolig,Periodisk,Aller Media,Aller,Aller Media Annonsesalg,Bolig,,NO,Home & Interior,Affluent 35+ (luxury),B2C,National,Print + Digital,High,,https://stella.no,VERIFIED
NO,Studio,Magasin/ukeblad,Musikk,Periodisk,Selvstendig,Studio,Direkte hos utgiver,Lyd og musikk,,NO,Music,General consumer,B2C,National,Print + Digital,High,,https://www.studio.no,VERIFIED
NO,SunnhetsBladet,Magasin/ukeblad,Helse,Periodisk,Selvstendig,Sunnhetsbladet,Direkte hos utgiver,Helse,,NO,Health & Fitness,General consumer,B2C,National,Print + Digital,High,,https://sunnhetsbladet.no,VERIFIED
NO,Sykkelmagasinet,Magasin/ukeblad,Sport/sykkel,Periodisk,Egmont Publishing,Egmont,Egmont Publishing Annonse,Sykkel,,NO,Sports,General consumer,B2C,National,Print + Digital,Medium,,https://www.sykkel.no,UNVERIFIED
NO,Tara,Magasin/ukeblad,Kvinne/livsstil,Månedlig,Egmont Publishing,Egmont,Salgsfabrikken AS,Kvinneblad,30000,NO,Celebrity & Gossip,Celebrity & royal followers,B2C,National,Print + Digital,Medium,circulation-reported,https://www.tara.no,VERIFIED
NO,Tara Frisk,Magasin/ukeblad,Helse,Periodisk,Egmont Publishing,Egmont,Egmont Publishing Annonse,Helse spesial,,NO,Celebrity & Gossip,Celebrity & royal followers,B2C,National,Print + Digital,High,,https://www.tara.no,VERIFIED
NO,Tara Smak,Magasin/ukeblad,Mat,Periodisk,Egmont Publishing,Egmont,Egmont Publishing Annonse,Mat spesial,,NO,Celebrity & Gossip,Celebrity & royal followers,B2C,National,Print + Digital,Medium,,https://www.tara.no,VERIFIED
NO,Tek.no,Magasin/ukeblad,Teknologi,Digital,Schibsted,Schibsted,Schibsted Marketing Services (SMS),Teknologi,,NO,Tech & Gadgets,Consumer tech readers,B2C,National,Digital,High,,https://www.tekno.no,VERIFIED
NO,Terrengsykkel,Magasin/ukeblad,Sport,Periodisk,Selvstendig,Terrengsykkel AS,Direkte hos utgiver,Sykkel,,NO,Sports,General consumer,B2C,National,Print + Digital,Medium,,https://www.terrengsykkel.no,VERIFIED
NO,Topp,Magasin/ukeblad,Tenåring,Månedlig,Aller Media,Aller,Aller Media Annonsesalg,Tenåringsblad,,NO,Youth & Teens,Teen girls,B2C,National,Print + Digital,Medium,,https://topp.no,VERIFIED
NO,TV-Guiden,Magasin/ukeblad,TV,Periodisk,Schibsted,Schibsted,Schibsted Marketing Services (SMS),TV-guide,,NO,TV & Listings,General consumer,B2C,National,Print + Digital,Low,,https://www.dagensit.no,LIKELY_OK
NO,UTE,Magasin/ukeblad,Friluftsliv,Periodisk,Selvstendig,Ute Magasinet,Direkte hos utgiver,Friluft,,NO,Outdoor & Adventure,Outdoor enthusiasts,B2C,National,Print + Digital,Medium,,https://www.utemagasinet.no,VERIFIED
NO,Utrop,Magasin/ukeblad,Minoritet,Periodisk,Selvstendig,Utrop,Direkte hos utgiver,Flerkulturell,,NO,Politics & Current Affairs,Minority/diversity readers,B2C,National,Print + Digital,Medium,,https://www.utrop.no,VERIFIED
NO,Vagabond,Magasin/ukeblad,Reise,Periodisk,Selvstendig,Vagabond AS,Direkte hos utgiver,Reise,,NO,Travel,General consumer,B2C,National,Print + Digital,High,,https://www.vagabond.no,VERIFIED
NO,Vagabond Travel,Magasin/ukeblad,Reise,Periodisk,Selvstendig,Vagabond,Direkte hos utgiver,Reise,,NO,Travel,General consumer,B2C,National,Print + Digital,High,,https://www.vagabond.no,VERIFIED
NO,Vagant,Magasin/ukeblad,Litteratur,Kvartalsvis,Selvstendig,Cappelen Damm/Vagant,Direkte hos utgiver,Litteratur,,NO,Literature & Books,General consumer,B2C,National,Print + Digital,High,,https://www.vagant.no,VERIFIED
NO,Vagant Music,Magasin/ukeblad,Musikk,Periodisk,Selvstendig,Vagant,Direkte hos utgiver,Musikk,,NO,Music,General consumer,B2C,National,Print + Digital,High,,https://www.vagant.no,VERIFIED
NO,Vakttårnet,Magasin/ukeblad,Religion,Månedlig,Selvstendig,Jehovas vitner,Direkte hos utgiver,Forkynner,,NO,Religion,Religious (Christian),B2B,National,Print + Digital,Medium,,https://www.jw.org/no,VERIFIED
NO,Verdensmagasinet X,Magasin/ukeblad,Internasjonal,Periodisk,Selvstendig,X,Direkte hos utgiver,Bistand/global,,NO,Politics & Current Affairs,Internationally minded,B2C,International,Print + Digital,Medium,,https://www.verdensmagasinetx.no,VERIFIED
NO,VG Helg,Magasin/ukeblad,Aktualitet,Ukentlig,Schibsted,VG,Schibsted Marketing Services (SMS),Helgemagasin,,NO,Affluent Lifestyle,VG weekend readers,B2C,National,Print + Digital,High,,https://www.vg.no,VERIFIED
NO,Vi i Villa,Magasin/ukeblad,Bolig,8x/år,Selvstendig,Vi i Villa AS,Direkte hos utgiver,Boligmagasin,250000,NO,Home & Interior,General consumer,B2C,National,Print + Digital,High,"circulation-reported, high-circulation",https://www.viivilla.no,VERIFIED
NO,Vi med Hest,Magasin/ukeblad,Dyr,Periodisk,Selvstendig,Vi med Hest,Direkte hos utgiver,Hest,,NO,Sports – Equestrian,Equestrian enthusiasts,B2C,National,Print + Digital,High,,https://www.hestesport.no,UNVERIFIED
NO,Vi Menn,Magasin/ukeblad,Mann/livsstil,Ukentlig,Egmont Publishing,Egmont,HS Media AS,Største magasin for menn,75000,NO,Men's Lifestyle,General consumer,B2C,National,Print + Digital,Medium,circulation-reported,https://www.klikk.no/vimenn,VERIFIED
NO,Vi Menn Erotiske noveller,Magasin/ukeblad,Voksen,Periodisk,Egmont Publishing,Egmont,Egmont Publishing Annonse,Voksen,,NO,Adult,Adult readers,B2C,National,Print + Digital,Medium,,https://www.klikk.no/vimenn,VERIFIED
NO,Vi Menn Historie,Magasin/ukeblad,Historie,Periodisk,Egmont Publishing,Egmont,Egmont Publishing Annonse,Historie,,NO,History,General consumer,B2C,National,Print + Digital,High,,https://www.klikk.no/vimenn,VERIFIED
NO,Vi over 60,Magasin/ukeblad,Senior,Månedlig,Selvstendig,Vi over 60 AS,HS Media AS,Senior,75000,NO,Seniors 55+,Adults 55+,B2C,National,Print + Digital,Medium,circulation-reported,https://www.viover60.no,VERIFIED
NO,Villmarksliv,Magasin/ukeblad,Friluftsliv/jakt,Månedlig,Egmont Publishing,Egmont,Egmont Publishing Annonse,Jakt og fiske,,NO,Hunting & Fishing,Outdoor enthusiasts (hunting/fishing),B2C,National,Print + Digital,High,,https://www.villmarksliv.no,LIKELY_OK
NO,Vin,Magasin/ukeblad,Vin/mat,Periodisk,Egmont Publishing,Egmont,Egmont Publishing Annonse,Vin,,NO,Food & Drink,General consumer,B2C,National,Print + Digital,High,,https://vin.no,UNVERIFIED
NO,Vinduet,Magasin/ukeblad,Litteratur,Kvartalsvis,Gyldendal,Gyldendal,Direkte hos utgiver,Litteraturtidsskrift,,NO,Literature & Books,General consumer,B2C,National,Print + Digital,High,,https://www.vinduet.no,VERIFIED
NO,Vinforum,Magasin/ukeblad,Vin,Periodisk,Selvstendig,Vinforum AS,Direkte hos utgiver,Vin,,NO,Food & Drink,General consumer,B2C,National,Print + Digital,High,,https://vinforum.no,UNVERIFIED
NO,Vitenskap Live,Magasin/ukeblad,Vitenskap,Periodisk,Bonnier,Bonnier Publications,Bonnier Publications Norge,Vitenskap,,NO,Science,General consumer,B2C,National,Print + Digital,High,,https://illvit.no/,VERIFIED
NO,Våkn opp!,Magasin/ukeblad,Religion,Periodisk,Selvstendig,Jehovas vitner,Direkte hos utgiver,Religion,,NO,Religion,Religious (Christian),B2B,National,Print + Digital,Medium,,https://www.jw.org,VERIFIED
NO,4-3-3,Fagblad/tidsskrift,Sport,Periodisk,Selvstendig,4-3-3,Direkte hos utgiver,Fotball,,NO,Sports,General consumer,B2B,National,Print + Digital,High,,https://www.fotball.no,VERIFIED
NO,Acta Astronautica,Fagblad/tidsskrift,Romfart,Periodisk,Selvstendig,International Academy,Direkte hos utgiver,Astronautikk,,NO,Science,Researchers & scientists,B2B,National,Print + Digital,High,,https://www.sciencedirect.com/journal/acta-astronautica,LIKELY_OK
NO,Adventnytt,Fagblad/tidsskrift,Kristen,Periodisk,Selvstendig,Adventistsamfunnet,Direkte hos utgiver,Adventist,,NO,Religion,Religious (Christian),B2B,National,Print + Digital,High,,https://www.adventist.no/adventnytt,VERIFIED
NO,Advokatbladet,Fagblad/tidsskrift,Juss,Periodisk,Selvstendig,Advokatforeningen,Salgsfabrikken AS,11 000 opplag,12000,NO,B2B – Legal,Legal professionals,B2B,National,Print + Digital,High,circulation-reported,https://www.advokatbladet.no,VERIFIED
NO,Agora,Fagblad/tidsskrift,Filosofi,Periodisk,Selvstendig,Aschehoug,Direkte hos utgiver,Filosofi,,NO,Literature & Books,Intellectual readers,B2B,National,Print + Digital,High,,https://www.agora.no,VERIFIED
NO,Aksess,Fagblad/tidsskrift,Kommunikasjon,Periodisk,Selvstendig,Kommunikasjonsforeningen,Direkte hos utgiver,Kommunikasjon,,NO,B2B – Marketing & Media,Marketing & media pros,B2B,National,Print + Digital,High,,https://aksess.no,UNVERIFIED
NO,Aktuel Nordisk Odontologi,Fagblad/tidsskrift,Tannlege,Periodisk,Universitetsforlaget,UF,Universitetsforlaget / Scandinavian University Press,Tannlege nordisk,,NO,B2B – Healthcare,Healthcare professionals,B2B,National,Print + Digital,High,,https://www.idunn.no/ano,LIKELY_OK
NO,Aktuell Kunst,Fagblad/tidsskrift,Kunst,Periodisk,Selvstendig,Aktuell Kunst,Direkte hos utgiver,Kunst,,NO,Arts & Culture,Art enthusiasts,B2B,National,Print + Digital,High,,https://www.aktuellkunst.no,VERIFIED
NO,Allergiviten,Fagblad/tidsskrift,Helse,Periodisk,Selvstendig,NAAF,Direkte hos utgiver,Allergi,,NO,Health & Fitness,General consumer,B2B,National,Print + Digital,High,,https://www.naaf.no,VERIFIED
NO,Allmenninn,Fagblad/tidsskrift,Medisin,Periodisk,Selvstendig,Norsk forening for allmennmedisin,Direkte hos utgiver,Allmennmedisin,,NO,B2B – Healthcare,Healthcare professionals,B2B,National,Print + Digital,High,,https://www.allmenningen.no,UNVERIFIED
NO,Altinget.no,Fagblad/tidsskrift,Politikk,Digital,Selvstendig,Altinget,Direkte hos utgiver,Politikk Norge,,NO,Politics & Current Affairs,General consumer,B2B,National,Digital,High,,https://www.altinget.no,VERIFIED
NO,Ambulanseforum,Fagblad/tidsskrift,Ambulanse,Periodisk,Selvstendig,Ambulanseforum AS,Direkte hos utgiver,Ambulanse,,NO,B2B – Healthcare,Healthcare professionals,B2B,National,Print + Digital,High,,https://ambulanseforum.no,VERIFIED
NO,Anlegg & Transport,Fagblad/tidsskrift,Anlegg,Periodisk,Selvstendig,Maskinentreprenørenes Forbund,Direkte hos utgiver,23 000 opplag,,NO,B2B – Construction & Property,Construction & property pros,B2B,National,Print + Digital,High,,https://www.at.no,VERIFIED
NO,AnleggsMagasinet,Fagblad/tidsskrift,Anlegg,Periodisk,Selvstendig,AnleggsMagasinet,Direkte hos utgiver,Anlegg,,NO,B2B – Construction & Property,Construction & property pros,B2B,National,Print + Digital,High,,https://anleggsmagasinet.no,VERIFIED
NO,Annonsørforeningens magasin,Fagblad/tidsskrift,Marked,Periodisk,Selvstendig,ANFO,Direkte hos utgiver,Annonsører,,NO,B2B – Marketing & Media,Marketing & media pros,B2B,National,Print + Digital,High,,https://www.anfo.no,VERIFIED
NO,Apollon,Fagblad/tidsskrift,Forskning,Kvartalsvis,Selvstendig,Universitetet i Oslo,Direkte hos utgiver,UiO forskningsmag,,NO,Science,Science enthusiasts,B2B,National,Print + Digital,High,,https://www.apollon.uio.no,VERIFIED
NO,Aquavit,Fagblad/tidsskrift,Mat/drikke,Periodisk,Egmont Publishing,Egmont,Egmont Publishing Annonse,Mat/drikke,,NO,B2B – Hospitality,Hospitality pros,B2B,National,Print + Digital,High,,https://www.aquavit.no,VERIFIED
NO,Arbeiderhistorie,Fagblad/tidsskrift,Historie,Årlig,Universitetsforlaget,Arbeiderbevegelsens arkiv,Universitetsforlaget / Scandinavian University Press,Arbeiderhistorie,,NO,History,General consumer,B2B,National,Print + Digital,High,,https://www.idunn.no/arbeiderhistorie,LIKELY_OK
NO,Arbeidsliv i Norden,Fagblad/tidsskrift,Arbeidsliv,Digital,Selvstendig,Nordisk Ministerråd,Direkte hos utgiver,Nordisk arbeidsliv,,NO,B2B – HR & Management,HR & management pros,B2B,National,Digital,High,,https://www.nordiclabourjournal.org,VERIFIED
NO,Arbeidsmanden,Fagblad/tidsskrift,Fagforening,Periodisk,LO Media,Norsk Arbeidsmandsforbund,LO Media,30 000 opplag,,NO,B2B – Marketing & Media,Marketing & media pros,B2B,National,Print + Digital,High,,https://www.frifagbevegelse.no/arbeidsmanden,VERIFIED
NO,Arbeidsrett,Fagblad/tidsskrift,Juss,Periodisk,Universitetsforlaget,UF,Universitetsforlaget / Scandinavian University Press,Arbeidsrett,,NO,B2B – Legal,Legal professionals,B2B,National,Print + Digital,High,,https://www.idunn.no/arbeidsrett,LIKELY_OK
NO,Arkitektnytt,Fagblad/tidsskrift,Arkitektur,Månedlig,Selvstendig,NAL,Direkte hos utgiver,Arkitektnytt,,NO,B2B – Construction & Property,Architects,B2B,National,Print + Digital,High,,https://www.arkitektnytt.no,LIKELY_OK
NO,Arkitektur N,Fagblad/tidsskrift,Arkitektur,8x/år,Selvstendig,NAL,Direkte hos utgiver,Arkitektur,,NO,B2B – Construction & Property,Architects,B2B,National,Print + Digital,High,,https://www.arkitektur-n.no,LIKELY_OK
NO,Arkiv i Nordland,Fagblad/tidsskrift,Arkiv,Periodisk,Selvstendig,Arkiv i Nordland,Direkte hos utgiver,Nord-Norge arkiv,,NO,History,History enthusiasts,B2B,National,Print + Digital,High,,https://arkivinordland.no,VERIFIED
NO,Arr,Fagblad/tidsskrift,Idéhistorie,Periodisk,Selvstendig,Idéhistorisk forening,Direkte hos utgiver,Idéhistorie,,NO,Literature & Books,Intellectual readers,B2C,National,Print + Digital,Medium,,https://www.arrvev.no,VERIFIED
NO,AstmaAllergi,Fagblad/tidsskrift,Helse,Periodisk,Selvstendig,Norges Astma- og Allergiforbund,A2 Media AS,Astma/allergi,,NO,Health & Fitness,General consumer,B2B,National,Print + Digital,High,,https://www.naaf.no,VERIFIED
NO,Audiografen,Fagblad/tidsskrift,Helse/hørsel,Periodisk,Selvstendig,Norsk Audiografforbund,Direkte hos utgiver,Audiografi,,NO,B2B – Healthcare,Healthcare professionals,B2B,National,Print + Digital,High,,https://www.audiograf.no,VERIFIED
NO,Avfallsbransjen.no,Fagblad/tidsskrift,Avfall,Digital,Selvstendig,Avfallsbransjen,Direkte hos utgiver,Avfall,,NO,B2B – Energy & Utilities,Waste industry pros,B2B,National,Digital,High,,https://avfallsbransjen.no,VERIFIED
NO,Bakeri.net,Fagblad/tidsskrift,Mat,Digital,Selvstendig,Vestvind,Direkte hos utgiver,Bakeri,,NO,B2B – Hospitality,Hospitality pros,B2B,National,Digital,High,,https://www.bakeri.net,VERIFIED
NO,Ballade,Fagblad/tidsskrift,Musikk,Digital,Selvstendig,NorComp m.fl.,Direkte hos utgiver,Musikkjournalistikk,,NO,Music,General consumer,B2B,National,Digital,High,,https://ballade.no,VERIFIED
NO,Bankhefte,Fagblad/tidsskrift,Bank,Periodisk,Selvstendig,Finans Norge,Direkte hos utgiver,Bank,,NO,B2B – Finance & Insurance,Financial services pros,B2B,National,Print + Digital,High,,https://www.finansnorge.no,VERIFIED
NO,Baptisten,Fagblad/tidsskrift,Kristen,Periodisk,Selvstendig,Baptistsamfunnet,Direkte hos utgiver,Baptist,,NO,Religion,Religious (Christian),B2B,National,Print + Digital,High,,https://baptist.no,VERIFIED
NO,Barnehage.no,Fagblad/tidsskrift,Barnehage,Digital,Selvstendig,Utdanningsforbundet,HS Media AS,Barnehage,,NO,B2B – Education,Teachers & educators,B2B,National,Digital,High,,https://barnehage.no,VERIFIED
NO,Barnehagefolk,Fagblad/tidsskrift,Barnehage,Periodisk,Selvstendig,Habitus Forlag,A2 Media AS,Barnehage,,NO,B2B – Education,Teachers & educators,B2B,National,Print + Digital,High,,https://www.barnehagefolk.no,VERIFIED
NO,Barnelitterært Forskningstidsskrift,Fagblad/tidsskrift,Litteratur,Periodisk,Universitetsforlaget,UF,Universitetsforlaget / Scandinavian University Press,Barnelitteratur,,NO,Literature & Books,General consumer,B2B,National,Print + Digital,High,,https://www.idunn.no/blft,LIKELY_OK
NO,Beauty Forum,Fagblad/tidsskrift,Skjønnhet,Periodisk,Selvstendig,NHO,Direkte hos utgiver,Kosmetolog,,NO,B2B – Beauty Trade,Beauty pros,B2B,National,Print + Digital,High,,https://www.beauty-forum.com,VERIFIED
NO,Bedre Gardsdrift,Fagblad/tidsskrift,Landbruk,Periodisk,Tun Media,Tun Media,Tun Media Annonse,Gardsdrift,,NO,B2B – Agriculture,Farmers,B2B,National,Print + Digital,High,,https://www.tunmedia.no,LIKELY_OK
NO,Bedre Skole,Fagblad/tidsskrift,Skole,4x/år,Selvstendig,Utdanningsforbundet,HS Media AS,109 000 opplag,,NO,B2B – Education,Teachers & educators,B2B,National,Print + Digital,High,,https://www.utdanningsforbundet.no,VERIFIED
NO,Beta,Fagblad/tidsskrift,Økonomi,Periodisk,Universitetsforlaget,UF,Universitetsforlaget / Scandinavian University Press,Økonomi,,NO,B2B – Finance & Insurance,Financial services pros,B2B,National,Print + Digital,High,,https://www.idunn.no/beta,LIKELY_OK
NO,Bibel.no Magasin,Fagblad/tidsskrift,Religion,Periodisk,Selvstendig,Bibelselskapet,Direkte hos utgiver,Bibelfag,,NO,Religion,Religious (Christian),B2B,National,Print + Digital,High,,https://www.bibelselskapet.no,VERIFIED
NO,Billedkunst,Fagblad/tidsskrift,Kunst,Periodisk,Selvstendig,Norske Billedkunstnere,Direkte hos utgiver,Kunst,,NO,Arts & Culture,Art enthusiasts,B2B,National,Print + Digital,High,,https://billedkunst.no,VERIFIED
NO,Biogassbransjen.no,Fagblad/tidsskrift,Energi,Digital,Selvstendig,Biogassbransjen,Direkte hos utgiver,Biogass,,NO,B2B – Energy & Utilities,Energy industry pros,B2B,National,Digital,High,,https://biogassbransjen.no,VERIFIED
NO,Bioingeniøren,Fagblad/tidsskrift,Helse,10x/år,Selvstendig,Bioingeniørfaglig institutt,Salgsfabrikken AS,Bioingeniør,,NO,Health & Fitness,General consumer,B2B,National,Print + Digital,High,,https://bioingenioren.no,VERIFIED
NO,Blikkenslageren,Fagblad/tidsskrift,Bygg/blikk,Periodisk,Selvstendig,NBF,Direkte hos utgiver,Blikk,,NO,B2B – Construction & Property,Construction & property pros,B2B,National,Print + Digital,High,,https://www.blikkenslageren.no,VERIFIED
NO,Blyttia,Fagblad/tidsskrift,Botanikk,Kvartalsvis,Selvstendig,Norsk Botanisk Forening,Direkte hos utgiver,Botanikk,,NO,Science,Science enthusiasts,B2B,National,Print + Digital,High,,https://www.botaniskforening.no,VERIFIED
NO,Bobil og Caravan Magasinet,Fagblad/tidsskrift,Bobil,Periodisk,Selvstendig,Bobil & Caravan AS,Salgsfabrikken AS,Bobil,,NO,Camping & Caravan,Caravan enthusiasts,B2C,National,Print + Digital,Medium,,https://www.bobilogcaravanmagasinet.no,VERIFIED
NO,Bobilverden.no,Fagblad/tidsskrift,Bobil,Digital,Selvstendig,Randem,Direkte hos utgiver,Bobil,,NO,Camping & Caravan,Caravan enthusiasts,B2B,National,Digital,High,,https://bobilverden.no,VERIFIED
NO,Bok & Bibliotek,Fagblad/tidsskrift,Bibliotek,Periodisk,Selvstendig,Norsk Bibliotekforening,Direkte hos utgiver,Bibliotek,,NO,B2B – Publishing,Library/publishing pros,B2B,National,Print + Digital,High,,https://www.bokogbibliotek.no,VERIFIED
NO,Bondebladet,Fagblad/tidsskrift,Landbruk,Ukentlig,Tun Media,Tun Media,Tun Media Annonse,68 000 opplag,60000,NO,B2B – Agriculture,Farmers,B2B,National,Print + Digital,High,circulation-reported,https://bondebladet.no,VERIFIED
NO,Bondevennen,Fagblad/tidsskrift,Landbruk,Periodisk,Selvstendig,Bondevennen,Direkte hos utgiver,Landbruk Vestlandet,,NO,B2B – Agriculture,Farmers,B2B,National,Print + Digital,High,,https://www.bondevennen.no,VERIFIED
NO,Bowling,Fagblad/tidsskrift,Sport,Periodisk,Selvstendig,Bowlingforbundet,Direkte hos utgiver,Bowling,,NO,Sports,General consumer,B2B,National,Print + Digital,High,,https://nbf.no,VERIFIED
NO,Brann & Redning,Fagblad/tidsskrift,Beredskap,Periodisk,Selvstendig,Norsk Brannvernforening,Direkte hos utgiver,5 800 opplag,,NO,B2B – Public Sector,Emergency services,B2B,National,Print + Digital,High,,https://brannogredning.no,VERIFIED
NO,BUFi,Fagblad/tidsskrift,Familie,Periodisk,Selvstendig,Bufdir,Direkte hos utgiver,Barn/ungdom/familie,,NO,Family & Parenting,Families with children,B2B,National,Print + Digital,High,,https://bufi.no,UNVERIFIED
NO,Buskap,Fagblad/tidsskrift,Landbruk/storfe,8x/år,Selvstendig,Geno/Tine,Salgsfabrikken AS,Storfe,,NO,B2B – Agriculture,Farmers,B2B,National,Print + Digital,High,,https://www.buskap.no,VERIFIED
NO,Buss-Magasinet,Fagblad/tidsskrift,Transport,Periodisk,Selvstendig,NHO Transport,Direkte hos utgiver,Buss,,NO,B2B – Transport & Logistics,Transport & logistics pros,B2B,National,Print + Digital,High,,https://www.buss.no,VERIFIED
NO,Bygdebokverk,Fagblad/tidsskrift,Lokalhistorie,Periodisk,Selvstendig,Diverse,Direkte hos utgiver,Bygdebøker,,NO,History,History enthusiasts,B2B,National,Print + Digital,High,,https://lokalhistorie.no,VERIFIED
NO,Byggdrifteren,Fagblad/tidsskrift,Bygg/drift,Periodisk,Selvstendig,Norsk Byggdrift,Direkte hos utgiver,FDV,,NO,B2B – Construction & Property,Construction & property pros,B2B,National,Print + Digital,High,,https://byggdrifteren.no,VERIFIED
NO,Byggefakta,Fagblad/tidsskrift,Bygg,Periodisk,Selvstendig,Byggefakta,Direkte hos utgiver,Bygg statistikk,,NO,B2B – Construction & Property,Construction & property pros,B2B,National,Print + Digital,High,,https://www.byggfakta.no,VERIFIED
NO,Byggeindustrien,Fagblad/tidsskrift,Bygg,Periodisk,Selvstendig,BNL,Direkte hos utgiver,49 000 opplag,,NO,B2B – Construction & Property,Construction & property pros,B2B,National,Print + Digital,High,,https://www.bygg.no,VERIFIED
NO,Byggekunst,Fagblad/tidsskrift,Arkitektur,Periodisk,Selvstendig,NAL,Direkte hos utgiver,Arkitektur,,NO,B2B – Construction & Property,Architects,B2B,National,Print + Digital,High,,https://www.arkitektur-n.no,LIKELY_OK
NO,Byggmesteren,Fagblad/tidsskrift,Bygg,Periodisk,Selvstendig,Byggmesterforlaget,A2 Media AS,Byggmester,,NO,B2B – Construction & Property,Construction & property pros,B2B,National,Print + Digital,High,,https://byggmesteren.as,VERIFIED
NO,Caravanbladet,Fagblad/tidsskrift,Bobil,Periodisk,Selvstendig,Caravanbladet,Direkte hos utgiver,Caravan,,NO,Camping & Caravan,Caravan enthusiasts,B2B,National,Print + Digital,High,,https://nynorsk.no/caravan,UNVERIFIED
NO,Cnytt.no,Fagblad/tidsskrift,CCS,Digital,Selvstendig,Cnytt,Direkte hos utgiver,CO2-fangst,,NO,B2B – Energy & Utilities,Energy industry pros,B2B,National,Digital,High,,https://www.cnytt.no,VERIFIED
NO,CP-nytt,Fagblad/tidsskrift,Helse,Periodisk,Selvstendig,CP-foreningen,Direkte hos utgiver,CP,,NO,Health & Fitness,General consumer,B2B,National,Print + Digital,High,,https://cp.no,VERIFIED
NO,Cyclus,Fagblad/tidsskrift,Sport,Periodisk,Selvstendig,Norges Cycleforbund,Direkte hos utgiver,Sykkel,,NO,Sports,General consumer,B2B,National,Print + Digital,High,,https://www.cyclus.no,VERIFIED
NO,Dagens Medisin,Fagblad/tidsskrift,Helse,Periodisk,Selvstendig,Dagens Medisin AS,Direkte hos utgiver,Helse-aktualitet,,NO,Health & Fitness,General consumer,B2B,National,Print + Digital,High,,https://www.dagensmedisin.no,VERIFIED
NO,Dagligvarehandelen,Fagblad/tidsskrift,Handel,Periodisk,Selvstendig,Dagligvarehandelen AS,Direkte hos utgiver,Dagligvare,,NO,B2B – Retail,Retail pros,B2B,National,Print + Digital,High,,https://www.dagligvarehandelen.no,VERIFIED
NO,Demens,Fagblad/tidsskrift,Helse,Periodisk,Selvstendig,Nasjonalforeningen demens,Direkte hos utgiver,Demens,,NO,Health & Fitness,General consumer,B2B,National,Print + Digital,High,,https://nasjonalforeningen.no,VERIFIED
NO,Den Lutherske Kirke i Norge,Fagblad/tidsskrift,Kristen,Periodisk,Selvstendig,DLK,Direkte hos utgiver,Luthersk,,NO,Religion,Religious (Christian),B2B,National,Print + Digital,High,,https://www.luthersk-kirke.no,VERIFIED
NO,Den norske tannlegeforenings Tidende,Fagblad/tidsskrift,Tannlege,10x/år,Selvstendig,Tannlegeforeningen,Direkte hos utgiver,Tannlegefag,,NO,B2B – Healthcare,Healthcare professionals,B2B,National,Print + Digital,High,,https://www.tannlegetidende.no,VERIFIED
NO,Det Norske Misjonsforbund Magasin,Fagblad/tidsskrift,Kristen,Periodisk,Selvstendig,NMS,Direkte hos utgiver,Misjon,,NO,Religion,Religious (Christian),B2B,National,Print + Digital,High,,https://baptist.no,VERIFIED
NO,Diabetes,Fagblad/tidsskrift,Helse,6x/år,Selvstendig,Diabetesforbundet,Direkte hos utgiver,Diabetes,,NO,Health & Fitness,General consumer,B2B,National,Print + Digital,High,,https://www.diabetes.no,VERIFIED
NO,Diabetesfag,Fagblad/tidsskrift,Helse,Periodisk,Selvstendig,Diabetesforbundet,Direkte hos utgiver,Diabetes fag,,NO,Health & Fitness,General consumer,B2B,National,Print + Digital,High,,https://www.diabetes.no,VERIFIED
NO,Din Hørsel,Fagblad/tidsskrift,Helse,Periodisk,Selvstendig,HLF,Direkte hos utgiver,Hørsel,,NO,Health & Fitness,General consumer,B2B,National,Print + Digital,High,,https://www.hlf.no,VERIFIED
NO,Dinbedrift.no,Fagblad/tidsskrift,Næringsliv,Digital,Selvstendig,Dinbedrift,Direkte hos utgiver,SMB,,NO,B2B – SME,SME owners,B2B,National,Digital,High,,https://www.dinbedrift.no,VERIFIED
NO,Drama,Fagblad/tidsskrift,Pedagogikk,Periodisk,Universitetsforlaget,UF,Universitetsforlaget / Scandinavian University Press,Dramapedagogikk,,NO,B2B – Education,Teachers & educators,B2B,National,Print + Digital,High,,https://www.idunn.no/drama,LIKELY_OK
NO,Dronemagasinet,Fagblad/tidsskrift,Drone,Periodisk,Selvstendig,Dronemagasinet,Direkte hos utgiver,Drone,,NO,Tech & Gadgets,Drone enthusiasts,B2C,National,Print + Digital,Medium,,https://dronemagasinet.no,LIKELY_OK
NO,Dyr og Folk,Fagblad/tidsskrift,Dyr,Periodisk,Selvstendig,Dyrebeskyttelsen,Direkte hos utgiver,Dyrevelferd,,NO,B2B – Charity & Third Sector,Animal welfare advocates,B2B,National,Print + Digital,Medium,,https://www.dyreparken.no,VERIFIED
NO,Døves Tidsskrift,Fagblad/tidsskrift,Helse,Periodisk,Selvstendig,Norges Døveforbund,Direkte hos utgiver,Døve,,NO,Health & Fitness,General consumer,B2B,National,Print + Digital,High,,https://www.doveforbundet.no,VERIFIED
NO,Edda,Fagblad/tidsskrift,Litteratur,Periodisk,Universitetsforlaget,UF,Universitetsforlaget / Scandinavian University Press,Skandinavisk litteratur,,NO,Literature & Books,General consumer,B2B,National,Print + Digital,High,,https://www.idunn.no/edda,LIKELY_OK
NO,Elektro,Fagblad/tidsskrift,Industri,Periodisk,Selvstendig,Nelfo,Direkte hos utgiver,Elektrobransje,,NO,B2B – Engineering,Engineers,B2B,National,Print + Digital,High,,https://www.elektro.no,VERIFIED
NO,Elektronikk,Fagblad/tidsskrift,Industri/elektronikk,Periodisk,Selvstendig,Tekniske ForlagFagblad,Direkte hos utgiver,Elektronikk,,NO,B2B – Engineering,Engineers,B2B,National,Print + Digital,High,,https://elektronikknett.no,VERIFIED
NO,Energi og Klima,Fagblad/tidsskrift,Energi,Digital,Selvstendig,Norsk Klimastiftelse,Direkte hos utgiver,Klima,,NO,B2B – Energy & Utilities,Energy industry pros,B2B,National,Digital,High,,https://energiogklima.no,VERIFIED
NO,Energi24.no,Fagblad/tidsskrift,Energi,Digital,Selvstendig,Europower,Direkte hos utgiver,Energi,,NO,B2B – Energy & Utilities,Energy industry pros,B2B,National,Digital,High,,https://energi24.no,VERIFIED
NO,Energiteknikk,Fagblad/tidsskrift,Energi,Periodisk,Selvstendig,Europower,HS Media AS,Energi,,NO,B2B – Energy & Utilities,Energy industry pros,B2B,National,Print + Digital,High,,https://energiteknikk.net,LIKELY_OK
NO,Ergoterapeuten,Fagblad/tidsskrift,Helse,6x/år,Selvstendig,Norsk Ergoterapeutforbund,Direkte hos utgiver,Ergoterapi,,NO,Health & Fitness,General consumer,B2B,National,Print + Digital,High,,https://www.ergoterapeuten.no,VERIFIED
NO,Fagbladet,Fagblad/tidsskrift,Fagforening,10x/år,Fagforbundet,Fagforbundet,Salgsfabrikken AS,380 000 opplag,380000,NO,B2B – Trade Union,Trade union members,B2B,National,Print + Digital,High,"circulation-reported, high-circulation",https://www.fagbladet.no,VERIFIED
NO,Familie og Medier,Fagblad/tidsskrift,Religion/medier,Periodisk,Selvstendig,Familie og Medier,Direkte hos utgiver,Religiøse medier,,NO,Family & Parenting,Families with children,B2B,National,Print + Digital,High,,https://www.fogm.no,UNVERIFIED
NO,Farmasiliv,Fagblad/tidsskrift,Farmasi,Periodisk,Selvstendig,Farmasiforbundet,Direkte hos utgiver,Farmasi,,NO,B2B – Healthcare,Healthcare professionals,B2B,National,Print + Digital,High,,https://www.farmasiliv.no,VERIFIED
NO,Fauna,Fagblad/tidsskrift,Biologi,Kvartalsvis,Selvstendig,Norsk Zoologisk Forening,Direkte hos utgiver,Dyreliv,,NO,Science,Science enthusiasts,B2B,National,Print + Digital,High,,https://www.fauna.no,VERIFIED
NO,Felleskjøpet Mølla,Fagblad/tidsskrift,Landbruk,Periodisk,Felleskjøpet,Felleskjøpet,Tun Media Annonse,Felleskjøpets medlemsblad,,NO,B2B – Agriculture,Farmers,B2B,National,Print + Digital,High,,https://www.felleskjopet.no,VERIFIED
NO,Finansfokus,Fagblad/tidsskrift,Finans,Periodisk,Selvstendig,Finansforbundet,Direkte hos utgiver,35 000 opplag,,NO,B2B – Finance & Insurance,Financial services pros,B2B,National,Print + Digital,High,,https://finansfokus.no,VERIFIED
NO,Fiskeriliv,Fagblad/tidsskrift,Fiskeri,Periodisk,Selvstendig,FHL,Direkte hos utgiver,Fiskeri,,NO,B2B – Maritime,Maritime/seafood industry,B2B,National,Print + Digital,High,,https://www.fiskeribladet.no,VERIFIED
NO,Fjell og Vidde,Fagblad/tidsskrift,Friluftsliv,6x/år,DNT - Den Norske Turistforening,DNT,A2 Media AS,166 000 opplag,,NO,Outdoor & Adventure,Outdoor enthusiasts (DNT members),B2C,National,Print + Digital,Medium,,https://www.fjellogvidde.no,LIKELY_OK
NO,Fjørfe,Fagblad/tidsskrift,Landbruk/fjørfe,Periodisk,Selvstendig,Nortura,Direkte hos utgiver,Fjørfeproduksjon,,NO,B2B – Agriculture,Farmers,B2B,National,Print + Digital,High,,https://animalia.no,UNVERIFIED
NO,Flynytt,Fagblad/tidsskrift,Luftfart,Periodisk,Selvstendig,Norges Luftsportforbund,A2 Media AS,Småfly,,NO,Hobby & Leisure,Aviation enthusiasts,B2C,National,Print + Digital,Medium,,https://flynytt.no,VERIFIED
NO,Fokus på Familien,Fagblad/tidsskrift,Familie,Kvartalsvis,Universitetsforlaget,UF,Universitetsforlaget / Scandinavian University Press,Familieterapi,,NO,Family & Parenting,Families with children,B2B,National,Print + Digital,High,,https://www.idunn.no/fokus,LIKELY_OK
NO,Folkehøgskolen,Fagblad/tidsskrift,Skole,Periodisk,Selvstendig,Folkehøgskolerådet,Direkte hos utgiver,Folkehøgskole,,NO,B2B – Education,Teachers & educators,B2B,National,Print + Digital,High,,https://www.folkehogskole.no,VERIFIED
NO,Folkemusikk,Fagblad/tidsskrift,Musikk,Periodisk,Selvstendig,Folkemusikk,Direkte hos utgiver,Folkemusikk,,NO,Music,General consumer,B2B,National,Print + Digital,High,,https://folkemusikk.no,VERIFIED
NO,Forsikring,Fagblad/tidsskrift,Finans,Periodisk,Selvstendig,Finans Norge,Direkte hos utgiver,Forsikring,,NO,B2B – Finance & Insurance,Financial services pros,B2B,National,Print + Digital,High,,https://www.finansnorge.no,VERIFIED
NO,Forskerforum,Fagblad/tidsskrift,Forskning,Periodisk,Selvstendig,Forskerforbundet,Salgsfabrikken AS,21 000 opplag,,NO,B2B – Education,Teachers & educators,B2B,National,Print + Digital,High,,https://www.forskerforum.no,VERIFIED
NO,Forskningspolitikk,Fagblad/tidsskrift,Forskning,Periodisk,Selvstendig,NIFU,Direkte hos utgiver,Forskningspolitikk,,NO,Science,Science enthusiasts,B2B,National,Print + Digital,High,,https://www.fpol.no,VERIFIED
NO,Forsvarets Forum (F),Fagblad/tidsskrift,Forsvar,Periodisk,Forsvaret,Forsvaret,Direkte hos utgiver,37 000 opplag,,NO,B2B – Defense & Police,Defence & police personnel,B2B,National,Print + Digital,High,,https://forsvaretsforum.no,VERIFIED
NO,Fortid,Fagblad/tidsskrift,Historie,Periodisk,Selvstendig,UiO,Direkte hos utgiver,Studenthistorie,,NO,History,General consumer,B2B,National,Print + Digital,High,,https://www.fortidsminneforeningen.no,VERIFIED
NO,Fortidsvern,Fagblad/tidsskrift,Kultur/vern,Periodisk,Selvstendig,Fortidsminneforeningen,Direkte hos utgiver,Kulturvern,,NO,Arts & Culture,General consumer,B2B,National,Print + Digital,High,,https://www.fortidsminneforeningen.no,VERIFIED
NO,Fotball,Fagblad/tidsskrift,Sport,Periodisk,Selvstendig,NFF,Direkte hos utgiver,Norges Fotballforbund,,NO,Sports – Football/Hockey,General consumer,B2B,National,Print + Digital,High,union-member-publication,https://www.fotball.no,VERIFIED
NO,Fotterapeuten,Fagblad/tidsskrift,Helse,Periodisk,Selvstendig,Norske Fotterapeuters Forbund,Direkte hos utgiver,Fotpleie,,NO,Health & Fitness,General consumer,B2B,National,Print + Digital,High,,https://fotterapeutforbundet.no,VERIFIED
NO,FreshBliss,Fagblad/tidsskrift,Helse/livsstil,Periodisk,Selvstendig,FreshBliss,Direkte hos utgiver,Velvære,,NO,Health & Fitness,Wellness consumers,B2C,National,Print + Digital,Medium,,https://www.frukt.no,UNVERIFIED
NO,Fretta.no,Fagblad/tidsskrift,Sjømat,Digital,Selvstendig,Fretta,Direkte hos utgiver,Sjømat,,NO,B2B – Maritime,Maritime/seafood industry,B2B,National,Digital,High,,https://fretta.no,VERIFIED
NO,Fri Tanke,Fagblad/tidsskrift,Livssyn,Periodisk,Selvstendig,Human-Etisk Forbund,Direkte hos utgiver,Humanisme,,NO,Religion,Humanists/secular,B2C,National,Print + Digital,Low,,https://fritanke.no,VERIFIED
NO,FriFagbevegelse.no,Fagblad/tidsskrift,Fagforening,Digital,LO Media,LO,LO Media,LO digital,,NO,B2B – Marketing & Media,Marketing & media pros,B2B,National,Digital,High,,https://frifagbevegelse.no,VERIFIED
NO,Friluftsliv,Fagblad/tidsskrift,Friluftsliv,Periodisk,Selvstendig,Norsk Friluftsliv,A2 Media AS,Friluft,,NO,Outdoor & Adventure,Outdoor enthusiasts,B2C,National,Print + Digital,Medium,,https://www.friluftsliv.no,VERIFIED
NO,Frisør,Fagblad/tidsskrift,Skjønnhet,Periodisk,Selvstendig,NFVB,Direkte hos utgiver,Frisør,,NO,B2B – Beauty Trade,Beauty pros,B2B,National,Print + Digital,High,,https://www.frisor.no,LIKELY_OK
NO,Fuglehunden,Fagblad/tidsskrift,Jakthund,Periodisk,Selvstendig,Fuglehundklubbens Forbund,A2 Media AS,Jakthund,,NO,Hunting & Fishing,Hunting enthusiasts,B2B,National,Print + Digital,High,,https://fuglehunden.no,VERIFIED
NO,Fysioterapeuten,Fagblad/tidsskrift,Helse,10x/år,Selvstendig,Norsk Fysioterapeutforbund,HS Media AS,Fysioterapi,11000,NO,Health & Fitness,General consumer,B2B,National,Print + Digital,High,circulation-reported,https://www.fysioterapeuten.no,VERIFIED
NO,Første Steg,Fagblad/tidsskrift,Barnehage,4x/år,Selvstendig,Utdanningsforbundet,HS Media AS,32 000 opplag,,NO,B2B – Education,Teachers & educators,B2B,National,Print + Digital,High,,https://www.utdanningsforbundet.no,VERIFIED
NO,Gamer.no,Fagblad/tidsskrift,Spill,Digital,Selvstendig,Gamer,Direkte hos utgiver,Dataspill,,NO,Gaming,Gamers 18-34,B2B,National,Digital,High,,https://www.gamer.no,VERIFIED
NO,Gartneryrket,Fagblad/tidsskrift,Gartneri,Periodisk,Selvstendig,Norsk Gartnerforbund,A2 Media AS,Yrkesgartneri,,NO,B2B – Agriculture,Horticulture pros,B2B,National,Print + Digital,High,,https://gartneryrket.no,VERIFIED
NO,Glass & Fasade,Fagblad/tidsskrift,Bygg,Periodisk,Selvstendig,Glass og fasadeforeningen,A2 Media AS,Glass,,NO,B2B – Construction & Property,Construction & property pros,B2B,National,Print + Digital,High,,https://glassportal.no,VERIFIED
NO,H-Magasinet,Fagblad/tidsskrift,Livssyn,Periodisk,Selvstendig,Human-Etisk Forbund,Direkte hos utgiver,Humanetisk,,NO,Religion,Religious,B2B,National,Print + Digital,Low,,https://www.hmag.no,UNVERIFIED
NO,Handball,Fagblad/tidsskrift,Sport,Periodisk,Selvstendig,Norges Håndballforbund,Direkte hos utgiver,Håndball,,NO,Sports,General consumer,B2B,National,Print + Digital,High,,https://handball.no,VERIFIED
NO,Handikapnytt,Fagblad/tidsskrift,Helse/funksjon,Periodisk,Selvstendig,Norges Handikapforbund,Direkte hos utgiver,Funksjonshemming,,NO,B2B – Charity & Third Sector,Disability advocates,B2B,National,Print + Digital,Medium,,https://www.handikapnytt.no,VERIFIED
NO,HealthTalk,Fagblad/tidsskrift,Helse,Digital,Selvstendig,Healthtalk AS,Direkte hos utgiver,Helse,,NO,Health & Fitness,General consumer,B2B,National,Digital,High,,https://healthtalk.no,VERIFIED
NO,Heimen (Oslo Bymuseum),Fagblad/tidsskrift,Lokalhistorie,Periodisk,Selvstendig,Oslo Bymuseum,Direkte hos utgiver,Oslo historie,,NO,History,History enthusiasts,B2B,National,Print + Digital,High,,https://www.oslomuseum.no,VERIFIED
NO,Helsefagarbeideren,Fagblad/tidsskrift,Helse,Periodisk,Fagforbundet,Fagforbundet,Salgsfabrikken AS,Helsefagarbeidere,,NO,Health & Fitness,General consumer,B2B,National,Print + Digital,High,,https://www.fagforbundet.no,LIKELY_OK
NO,Historisk Tidsskrift,Fagblad/tidsskrift,Historie,Kvartalsvis,Universitetsforlaget,UF,Universitetsforlaget / Scandinavian University Press,Norsk historie,,NO,History,General consumer,B2B,National,Print + Digital,High,,https://www.idunn.no/ht,LIKELY_OK
NO,Hjertelig,Fagblad/tidsskrift,Helse,Periodisk,Selvstendig,Hjertelaget,Direkte hos utgiver,Hjerte,,NO,Health & Fitness,General consumer,B2B,National,Print + Digital,High,,https://lhl.no,VERIFIED
NO,HK-Nytt,Fagblad/tidsskrift,Fagforening,Periodisk,Handel og Kontor,HK,LO Media,70 000 opplag,,NO,B2B – Trade Union,Trade union members,B2B,National,Print + Digital,High,,https://www.hk.no,VERIFIED
NO,HMS Magasinet,Fagblad/tidsskrift,HMS,Periodisk,Selvstendig,HMS Magasinet,A2 Media AS,HMS,,NO,B2B – HR & Management,Workplace safety pros,B2B,National,Print + Digital,High,,https://www.hmsmagasinet.no,VERIFIED
NO,Hold Pusten,Fagblad/tidsskrift,Radiograf,10x/år,Selvstendig,Norsk Radiografforbund,Direkte hos utgiver,Radiograf,,NO,B2B – Healthcare,Healthcare professionals,B2B,National,Print + Digital,High,,https://www.holdpusten.no,VERIFIED
NO,Horeca,Fagblad/tidsskrift,Reiseliv,Periodisk,Selvstendig,NHO Reiseliv,Direkte hos utgiver,Hotell/restaurant,,NO,B2B – Hospitality,Hospitality pros,B2B,National,Print + Digital,High,,https://www.horecanytt.no,VERIFIED
NO,HR-Magasinet,Fagblad/tidsskrift,Ledelse/HR,Periodisk,Selvstendig,HR Norge,Direkte hos utgiver,HR,,NO,B2B – HR & Management,HR & management pros,B2B,National,Print + Digital,High,,https://www.hrnorge.no,VERIFIED
NO,Hud & Helse,Fagblad/tidsskrift,Helse,Periodisk,Selvstendig,Psoriasis- og eksemforbundet,Direkte hos utgiver,Hud,,NO,Health & Fitness,General consumer,B2B,National,Print + Digital,High,,https://www.hudoghelse.no,VERIFIED
NO,Hverdag,Fagblad/tidsskrift,Kristen,Periodisk,Selvstendig,Frelsesarmeen,Direkte hos utgiver,Frelsesarmé,,NO,Religion,Religious (Christian),B2B,National,Print + Digital,High,,https://www.hverdag.no,VERIFIED
NO,Hydrogen24.no,Fagblad/tidsskrift,Energi,Digital,Selvstendig,Energi24,Direkte hos utgiver,Hydrogen,,NO,B2B – Energy & Utilities,Energy industry pros,B2B,National,Digital,High,,https://hydrogen24.no,VERIFIED
NO,I Skolen,Fagblad/tidsskrift,Skole,Periodisk,Selvstendig,Skolenes landsforbund,Direkte hos utgiver,Lærer,,NO,B2B – Education,Teachers & educators,B2B,National,Print + Digital,High,,https://iskolen.no,LIKELY_OK
NO,Idrettspolitikk.no,Fagblad/tidsskrift,Idrett,Digital,Selvstendig,TransitMedia,Direkte hos utgiver,Idrettspolitikk,,NO,Sports,Sports enthusiasts,B2B,National,Digital,High,,https://idrettspolitikk.no,VERIFIED
NO,Imam-Forum,Fagblad/tidsskrift,Religion,Periodisk,Selvstendig,Islamsk Råd Norge,Direkte hos utgiver,Islam,,NO,Religion,Religious (Christian),B2B,National,Print + Digital,High,,https://www.irn.no,UNVERIFIED
NO,Indremedisineren,Fagblad/tidsskrift,Medisin,Periodisk,Selvstendig,Norsk indremedisinsk forening,Direkte hos utgiver,Indremedisin,,NO,B2B – Healthcare,Healthcare professionals,B2B,National,Print + Digital,High,,https://indremedisineren.no,VERIFIED
NO,Insekt-Nytt,Fagblad/tidsskrift,Biologi,Periodisk,Selvstendig,Norsk entomologisk forening,Direkte hos utgiver,Insekter,,NO,Science,Science enthusiasts,B2B,National,Print + Digital,High,,https://www.entomologi.no,UNVERIFIED
NO,Inter Nos,Fagblad/tidsskrift,Kristen,Periodisk,Selvstendig,Norske Katolske Bispedømme,Direkte hos utgiver,Katolsk,,NO,Religion,Religious (Christian),B2B,National,Print + Digital,High,,https://nlr.no,VERIFIED
NO,Internasjonal Politikk,Fagblad/tidsskrift,Internasjonal,Periodisk,Cappelen Damm Akademisk,CDA,Cappelen Damm Akademisk,Internasjonal politikk,,NO,Politics & Current Affairs,General consumer,B2B,National,Print + Digital,High,,https://www.idunn.no/ip,LIKELY_OK
NO,Josimar,Fagblad/tidsskrift,Fotball,Periodisk,Selvstendig,Josimar AS,Direkte hos utgiver,Fotball dybde,,NO,Sports – Football/Hockey,General consumer,B2B,National,Print + Digital,High,,https://www.josimar.no,VERIFIED
NO,Juristen,Fagblad/tidsskrift,Juss,Periodisk,Selvstendig,Juristforbundet,Direkte hos utgiver,23 000 opplag,,NO,B2B – Legal,Legal professionals,B2B,National,Print + Digital,High,,https://www.juristforbundet.no,VERIFIED
NO,Jussens Venner,Fagblad/tidsskrift,Juss,Periodisk,Universitetsforlaget,UF,Universitetsforlaget / Scandinavian University Press,Juss,,NO,B2B – Legal,Legal professionals,B2B,National,Print + Digital,High,,https://www.idunn.no/jv,LIKELY_OK
NO,Kampanje,Fagblad/tidsskrift,Marked/media,Periodisk,Selvstendig,Kampanje AS,Direkte hos utgiver,Reklame/media,,NO,B2B – Marketing & Media,Marketing & media pros,B2B,National,Print + Digital,High,,https://www.kampanje.com,VERIFIED
NO,Kart og Plan,Fagblad/tidsskrift,Bygg,Periodisk,Universitetsforlaget,UF,Universitetsforlaget / Scandinavian University Press,Kart og plan,,NO,B2B – Construction & Property,Construction & property pros,B2B,National,Print + Digital,High,,https://www.idunn.no/kart_og_plan,LIKELY_OK
NO,Kildens Nyhetsmagasin,Fagblad/tidsskrift,Kjønn,Digital,Selvstendig,KILDEN,Direkte hos utgiver,Kjønnsforskning,,NO,B2B – Charity & Third Sector,Gender research community,B2B,National,Digital,Medium,,https://kilden.forskningsradet.no,VERIFIED
NO,Kinomagasinet,Fagblad/tidsskrift,Film,Periodisk,Selvstendig,Film & Kino,Direkte hos utgiver,Film bransje,,NO,Film,General consumer,B2B,National,Print + Digital,High,,https://www.kinomagasinet.no,VERIFIED
NO,Kirke og Kultur,Fagblad/tidsskrift,Religion/kultur,Periodisk,Universitetsforlaget,UF,Universitetsforlaget / Scandinavian University Press,Religion/kultur,,NO,Religion,Religious (Christian),B2B,National,Print + Digital,High,,https://www.idunn.no/kok,LIKELY_OK
NO,Kirken.no Magasin,Fagblad/tidsskrift,Kristen,Periodisk,Den norske kirke,Den norske kirke,Direkte hos utgiver,Kirken,,NO,Religion,Religious (Christian),B2B,National,Print + Digital,High,,https://www.kirken.no,VERIFIED
NO,Kjøkkenskriveren,Fagblad/tidsskrift,Mat,Periodisk,Selvstendig,Norsk Kjøkkenskriverlag,A2 Media AS,Kjøkken,,NO,B2B – Hospitality,Chefs,B2B,National,Print + Digital,High,,https://kjokkenskriveren.no,VERIFIED
NO,Kjøttbransjen,Fagblad/tidsskrift,Mat,Periodisk,Selvstendig,KLF,A2 Media AS,Kjøtt,,NO,B2B – Retail,Retail pros,B2B,National,Print + Digital,High,,https://kjottbransjen.no,VERIFIED
NO,Klinisk Sygepleje,Fagblad/tidsskrift,Sykepleie,Kvartalsvis,Universitetsforlaget,UF,Universitetsforlaget / Scandinavian University Press,Sykepleie forskning,,NO,B2B – Healthcare,Healthcare professionals,B2B,National,Print + Digital,High,,https://www.idunn.no/klinisk_sygepleje,LIKELY_OK
NO,Kommunal Rapport,Fagblad/tidsskrift,Offentlig sektor,Ukentlig,Selvstendig,Kommunal Rapport AS,Direkte hos utgiver,Kommunal-politikk,,NO,B2B – Public Sector,Public sector workers,B2B,National,Print + Digital,High,,https://www.kommunal-rapport.no,VERIFIED
NO,Kontekst,Fagblad/tidsskrift,Kunst/design,Periodisk,Selvstendig,Norske Kunsthåndverkere,Direkte hos utgiver,Kunsthåndverk,,NO,Arts & Culture,Art enthusiasts,B2B,National,Print + Digital,High,,https://www.kontekst.no,VERIFIED
NO,Korsets Seier,Fagblad/tidsskrift,Kristen,Ukentlig,Selvstendig,Pinsebevegelsen,Direkte hos utgiver,Pinse,,NO,Religion,Religious (Christian),B2B,National,Print + Digital,High,,https://www.korsetsseier.no,VERIFIED
NO,Kreftforeningens magasin,Fagblad/tidsskrift,Helse,Periodisk,Selvstendig,Kreftforeningen,Direkte hos utgiver,Kreft,,NO,Health & Fitness,General consumer,B2B,National,Print + Digital,High,,https://kreftforeningen.no,VERIFIED
NO,Kretsløpet,Fagblad/tidsskrift,Avfall,Periodisk,Selvstendig,Avfall Norge,Salgsfabrikken AS,Avfall,,NO,B2B – Energy & Utilities,Recycling industry,B2B,National,Print + Digital,High,,https://kretslopet.no,VERIFIED
NO,Krigsropet,Fagblad/tidsskrift,Kristen,Periodisk,Selvstendig,Frelsesarmeen,Direkte hos utgiver,Frelsesarmé,,NO,Religion,Religious (Christian),B2B,National,Print + Digital,High,,https://www.frelsesarmeen.no/krigsropet,VERIFIED
NO,Kritisk Juss,Fagblad/tidsskrift,Juss,Periodisk,Universitetsforlaget,UF,Universitetsforlaget / Scandinavian University Press,Kritisk juss,,NO,B2B – Legal,Legal professionals,B2B,National,Print + Digital,High,,https://www.idunn.no/kritisk_juss,LIKELY_OK
NO,Kunst og Kultur,Fagblad/tidsskrift,Kunst,Kvartalsvis,Universitetsforlaget,UF,Universitetsforlaget / Scandinavian University Press,Kunsthistorie,,NO,Arts & Culture,General consumer,B2B,National,Print + Digital,High,,https://www.idunn.no/kk,LIKELY_OK
NO,Kysten,Fagblad/tidsskrift,Maritim/kultur,Periodisk,Selvstendig,Forbundet KYSTEN,Direkte hos utgiver,Kystkultur,,NO,Arts & Culture,Coastal culture enthusiasts,B2B,National,Print + Digital,High,,https://kysten.no,VERIFIED
NO,Lederliv,Fagblad/tidsskrift,Ledelse,Periodisk,Selvstendig,Lederliv,Direkte hos utgiver,Ledelse,,NO,B2B – HR & Management,HR & management pros,B2B,National,Print + Digital,High,,https://lederliv.no,VERIFIED
NO,Ledernytt,Fagblad/tidsskrift,Ledelse,Periodisk,Selvstendig,Lederne,Direkte hos utgiver,Ledelse,,NO,B2B – HR & Management,HR & management pros,B2B,National,Print + Digital,High,,https://www.ledernytt.no,VERIFIED
NO,Lektorbladet,Fagblad/tidsskrift,Skole,Periodisk,Selvstendig,Norsk Lektorlag,Direkte hos utgiver,Lektor,,NO,B2B – Education,Teachers & educators,B2B,National,Print + Digital,High,,https://www.lektor.no,VERIFIED
NO,Lemmy,Fagblad/tidsskrift,Musikk/teknologi,Periodisk,Selvstendig,Lemmy,Direkte hos utgiver,Lydbransje,,NO,Music,General consumer,B2B,National,Print + Digital,High,,https://www.lemmy.no,VERIFIED
NO,Lethaia,Fagblad/tidsskrift,Paleontologi,Kvartalsvis,Universitetsforlaget,UF,Universitetsforlaget / Scandinavian University Press,Paleontologi,,NO,Science,Science enthusiasts,B2B,National,Print + Digital,High,,https://www.idunn.no/lethaia,LIKELY_OK
NO,Litt om Mye,Fagblad/tidsskrift,Religion,Periodisk,Selvstendig,Frikirken,Direkte hos utgiver,Frikirke,,NO,Religion,Religious (Christian),B2B,National,Print + Digital,High,,https://www.frelsesarmeen.no,UNVERIFIED
NO,LO-Aktuelt,Fagblad/tidsskrift,Fagforening,Periodisk,LO Media,LO,LO Media,54 000 opplag,,NO,B2B – Marketing & Media,Marketing & media pros,B2B,National,Print + Digital,High,,https://www.lo.no,VERIFIED
NO,Lokalhistorisk Magasin,Fagblad/tidsskrift,Lokalhistorie,Periodisk,Selvstendig,Landslaget for lokalhistorie,Direkte hos utgiver,Lokalhistorie,,NO,History,History enthusiasts,B2B,National,Print + Digital,High,,https://www.lokalhistorie.no,VERIFIED
NO,Lov og Data,Fagblad/tidsskrift,Juss,Periodisk,Selvstendig,NDLA/Foreningen Lov og Data,Direkte hos utgiver,IT-juss,,NO,B2B – Legal,Legal professionals,B2B,National,Print + Digital,High,,https://lovogdata.no,VERIFIED
NO,Lov og Rett,Fagblad/tidsskrift,Juss,Månedlig,Universitetsforlaget,UF,Universitetsforlaget / Scandinavian University Press,Juss,,NO,B2B – Legal,Legal professionals,B2B,National,Print + Digital,High,,https://www.idunn.no/lor,LIKELY_OK
NO,Lupus,Fagblad/tidsskrift,Helse,Periodisk,Selvstendig,Norsk Revmatikerforbund,Direkte hos utgiver,Lupus,,NO,Health & Fitness,General consumer,B2B,National,Print + Digital,High,,https://sle.no,UNVERIFIED
NO,Lymfeposten,Fagblad/tidsskrift,Helse,Periodisk,Selvstendig,Norsk Lymfødemforening,Direkte hos utgiver,Lymfødem,,NO,Health & Fitness,General consumer,B2B,National,Print + Digital,High,,https://www.lymfekreftforeningen.no,VERIFIED
NO,Maal og Minne,Fagblad/tidsskrift,Språk,Periodisk,Selvstendig,Bymålslaget,Direkte hos utgiver,Norrøn filologi,,NO,Literature & Books,Language researchers,B2B,National,Print + Digital,High,,https://ojs.novus.no/index.php/MOM,VERIFIED
NO,Magasinet for Bondelaget,Fagblad/tidsskrift,Landbruk,Periodisk,Tun Media,Norges Bondelag,Tun Media Annonse,Landbruk fagblad,,NO,B2B – Agriculture,Farmers,B2B,National,Print + Digital,High,,https://www.bondelaget.no,VERIFIED
NO,Magasinet for Fagorganiserte,Fagblad/tidsskrift,Fagforening,Periodisk,Industri Energi,Industri Energi,LO Media,162 000 opplag,,NO,B2B – Energy & Utilities,Energy industry pros,B2B,National,Print + Digital,High,,https://industrienergi.no,VERIFIED
NO,Magasinet Forskningsetikk,Fagblad/tidsskrift,Forskning,Periodisk,Selvstendig,NESH,Direkte hos utgiver,Forskningsetikk,,NO,Science,Science enthusiasts,B2B,National,Print + Digital,High,,https://www.forskningsetikk.no,VERIFIED
NO,Magasinet Husflid,Fagblad/tidsskrift,Husflid,Periodisk,Selvstendig,Norges Husflidslag,Direkte hos utgiver,22 000 opplag,,NO,Craft & DIY,Craft enthusiasts,B2C,National,Print + Digital,Medium,,https://husflid.no,UNVERIFIED
NO,Magasinet Naturen,Fagblad/tidsskrift,Vitenskap,Kvartalsvis,Universitetsforlaget,UF,Universitetsforlaget / Scandinavian University Press,Populærvitenskap,,NO,Science,General consumer,B2B,National,Print + Digital,High,,https://www.idunn.no/naturen,LIKELY_OK
NO,Magasinet Styrke,Fagblad/tidsskrift,Fagforening,Periodisk,Selvstendig,Parat/YS,Direkte hos utgiver,65 000 opplag,,NO,B2B – Trade Union,Trade union members,B2B,National,Print + Digital,High,,https://styrke.no,VERIFIED
NO,Magazinet Strek,Fagblad/tidsskrift,Kristen,Periodisk,Selvstendig,Strek,Direkte hos utgiver,Kultur,,NO,Religion,Religious (Christian),B2B,National,Print + Digital,High,,https://strekmag.no,VERIFIED
NO,Magma,Fagblad/tidsskrift,Økonomi/ledelse,Periodisk,Selvstendig,Econa,Direkte hos utgiver,Økonomer,,NO,B2B – Finance & Insurance,Financial services pros,B2B,National,Print + Digital,High,,https://www.magma.no,VERIFIED
NO,Maler-bladet,Fagblad/tidsskrift,Bygg/maling,Periodisk,Selvstendig,Mesterbrev,Direkte hos utgiver,Maling,,NO,B2B – Construction & Property,Construction & property pros,B2B,National,Print + Digital,High,,https://www.malermesteren.no,LIKELY_OK
NO,Maritim Logg,Fagblad/tidsskrift,Maritim,Periodisk,LO Media,Norsk Sjømannsforbund,LO Media,25 000 opplag,,NO,B2B – Maritime,Maritime industry pros,B2B,National,Print + Digital,High,,https://maritimlogg.no/,VERIFIED
NO,Maritime perspektiver,Fagblad/tidsskrift,Maritim,Periodisk,Universitetsforlaget,UF,Universitetsforlaget / Scandinavian University Press,Maritim forskning,,NO,B2B – Maritime,Maritime industry pros,B2B,National,Print + Digital,High,,https://www.idunn.no,LIKELY_OK
NO,Maritimt Magasin,Fagblad/tidsskrift,Maritim,Månedlig,Selvstendig,Maritimt Forum,Direkte hos utgiver,Maritim,,NO,B2B – Maritime,Maritime industry pros,B2B,National,Print + Digital,High,,https://www.maritimt.com,VERIFIED
NO,Markedsføring,Fagblad/tidsskrift,Marked,Periodisk,Selvstendig,Markedsføring AS,Direkte hos utgiver,Marked,,NO,B2B – Marketing & Media,Marketing & media pros,B2B,National,Print + Digital,High,,https://www.kampanje.com,LIKELY_OK
NO,Mat & Industri,Fagblad/tidsskrift,Mat,Periodisk,Selvstendig,NHO Mat og drikke,Direkte hos utgiver,Matindustri,,NO,B2B – Engineering,Engineers,B2B,National,Print + Digital,High,,https://www.matindustri.no,VERIFIED
NO,Materialisten,Fagblad/tidsskrift,Filosofi,Periodisk,Selvstendig,Materialisten,Direkte hos utgiver,Marxistisk filosofi,,NO,Literature & Books,Intellectual readers,B2B,National,Print + Digital,High,,https://www.materialisten.no,VERIFIED
NO,Mentalt Perspektiv,Fagblad/tidsskrift,Helse/psyk,Periodisk,Selvstendig,Mental Helse,Direkte hos utgiver,Psykisk helse,,NO,B2B – Healthcare,Healthcare professionals,B2B,National,Print + Digital,High,,https://mentaltperspektiv.no,VERIFIED
NO,Mestring,Fagblad/tidsskrift,Helse,Periodisk,Selvstendig,FFO,Direkte hos utgiver,Kronisk syke,,NO,Health & Fitness,General consumer,B2B,National,Print + Digital,High,,https://mestring.no,VERIFIED
NO,Metodisten,Fagblad/tidsskrift,Kristen,Periodisk,Selvstendig,Metodistkirken,Direkte hos utgiver,Metodist,,NO,Religion,Religious (Christian),B2B,National,Print + Digital,High,,https://www.metodistkirken.no,VERIFIED
NO,Michael,Fagblad/tidsskrift,Medisin/historie,Kvartalsvis,Selvstendig,Det norske medicinske Selskab,Direkte hos utgiver,Medisinsk historie,,NO,History,General consumer,B2B,National,Print + Digital,High,,https://www.michaeljournal.no,VERIFIED
NO,Min Energi,Fagblad/tidsskrift,Energi,Periodisk,Tun Media,Tun Media,Tun Media Annonse,Energi forbruker,,NO,B2B – Energy & Utilities,Energy industry pros,B2B,National,Print + Digital,High,,https://www.tunmedia.no,UNVERIFIED
NO,Misjon idag,Fagblad/tidsskrift,Kristen,Periodisk,Selvstendig,Misjon idag,Direkte hos utgiver,Misjon,,NO,Religion,Religious (Christian),B2B,National,Print + Digital,High,,https://www.misjonshuset.no,VERIFIED
NO,MS-bladet,Fagblad/tidsskrift,Helse,Periodisk,Selvstendig,MS-forbundet,Direkte hos utgiver,MS,,NO,Health & Fitness,General consumer,B2B,National,Print + Digital,High,,https://www.ms.no,VERIFIED
NO,Museumsnytt,Fagblad/tidsskrift,Museum,Periodisk,Selvstendig,Norges museumsforbund,Direkte hos utgiver,Museum,,NO,History,History enthusiasts,B2B,National,Print + Digital,High,,https://museumsnytt.no,VERIFIED
NO,Musikkultur,Fagblad/tidsskrift,Musikk,Periodisk,Selvstendig,MFO,Direkte hos utgiver,Musikk,,NO,Music,General consumer,B2B,National,Print + Digital,High,,https://www.musikkultur.no,VERIFIED
NO,Natur & Foto,Fagblad/tidsskrift,Natur/foto,Periodisk,Selvstendig,Natur og Foto,Direkte hos utgiver,Naturfoto,,NO,Photography,General consumer,B2B,National,Print + Digital,High,,https://www.naturogfoto.no,VERIFIED
NO,Natur & Miljø,Fagblad/tidsskrift,Miljø,Periodisk,Naturvernforbundet,Naturvernforbundet,Salgsfabrikken AS,32 000 opplag,,NO,B2B – Charity & Third Sector,Environment sector pros,B2B,National,Print + Digital,High,,https://naturvernforbundet.no,VERIFIED
NO,Naturen,Fagblad/tidsskrift,Vitenskap,Periodisk,Universitetsforlaget,UF,Universitetsforlaget / Scandinavian University Press,Populærvitenskap,,NO,Science,General consumer,B2B,National,Print + Digital,High,,https://www.idunn.no/naturen,LIKELY_OK
NO,Naturpress.no,Fagblad/tidsskrift,Miljø,Digital,Selvstendig,Naturpress,Direkte hos utgiver,Natur/miljø,,NO,B2B – Charity & Third Sector,Environment sector pros,B2B,National,Digital,High,,https://naturpress.no,VERIFIED
NO,Negotia Magasin,Fagblad/tidsskrift,Fagforening,Periodisk,Selvstendig,Negotia,Direkte hos utgiver,22 000 opplag,,NO,B2B – Trade Union,Trade union members,B2B,National,Print + Digital,High,,https://www.negotia.no,VERIFIED
NO,NHI.no,Fagblad/tidsskrift,Helse,Digital,Selvstendig,Norsk Helseinformatikk,Direkte hos utgiver,Helseinformasjon,,NO,Health & Fitness,General consumer,B2B,National,Digital,High,,https://nhi.no,VERIFIED
NO,NNN-Arbeideren,Fagblad/tidsskrift,Fagforening,Periodisk,LO Media,NNN,LO Media,26 000 opplag,,NO,B2B – Marketing & Media,Marketing & media pros,B2B,National,Print + Digital,High,,https://www.frifagbevegelse.no,VERIFIED
NO,Nordand,Fagblad/tidsskrift,Språk,Periodisk,Universitetsforlaget,UF,Universitetsforlaget / Scandinavian University Press,Norsk som andrespråk,,NO,Literature & Books,Language researchers,B2B,National,Print + Digital,High,,https://www.idunn.no/nordand,LIKELY_OK
NO,"Nordic Journal of Arts, Culture and Health",Fagblad/tidsskrift,Helse/kultur,Periodisk,Universitetsforlaget,UF,Universitetsforlaget / Scandinavian University Press,Kunst og helse,,NO,Health & Fitness,General consumer,B2B,National,Print + Digital,High,,https://www.idunn.no/njach,LIKELY_OK
NO,Nordic Journal of Criminology,Fagblad/tidsskrift,Kriminologi,Periodisk,Universitetsforlaget,UF,Universitetsforlaget / Scandinavian University Press,Kriminologi,,NO,B2B – Marketing & Media,Marketing & media pros,B2B,National,Print + Digital,High,,https://www.idunn.no/njc,LIKELY_OK
NO,Nordic Journal of Dance,Fagblad/tidsskrift,Dans,Periodisk,Selvstendig,Dans i skolen,Direkte hos utgiver,Dans,,NO,B2B – Marketing & Media,Marketing & media pros,B2B,National,Print + Digital,High,,https://www.idunn.no/dans,LIKELY_OK
NO,Nordic Journal of Digital Literacy,Fagblad/tidsskrift,IT/utdanning,Periodisk,Universitetsforlaget,UF,Universitetsforlaget / Scandinavian University Press,Digital læring,,NO,B2B – Marketing & Media,Marketing & media pros,B2B,National,Print + Digital,High,,https://www.idunn.no/dk,LIKELY_OK
NO,Nordic Journal of Innovation in the Public Sector,Fagblad/tidsskrift,Offentlig,Periodisk,Universitetsforlaget,UF,Universitetsforlaget / Scandinavian University Press,Innovasjon,,NO,B2B – Marketing & Media,Marketing & media pros,B2B,National,Print + Digital,High,,https://www.idunn.no/njips,LIKELY_OK
NO,Nordic Journal of Nursing Research,Fagblad/tidsskrift,Helse,Periodisk,Selvstendig,Nordisk forening,Direkte hos utgiver,Sykepleie forskning,,NO,B2B – Healthcare,Healthcare professionals,B2B,National,Print + Digital,High,,https://journals.sagepub.com/home/njn,LIKELY_OK
NO,Nordic Journal of Religion and Society,Fagblad/tidsskrift,Religion,Periodisk,Universitetsforlaget,UF,Universitetsforlaget / Scandinavian University Press,Religion samfunn,,NO,Religion,Religious (Christian),B2B,National,Print + Digital,High,,https://www.idunn.no/njrs,LIKELY_OK
NO,Nordic Journal of Social Research,Fagblad/tidsskrift,Sosial,Periodisk,Universitetsforlaget,UF,Universitetsforlaget / Scandinavian University Press,Sosial forskning,,NO,B2B – Marketing & Media,Marketing & media pros,B2B,National,Print + Digital,High,,https://www.idunn.no/njsr,LIKELY_OK
NO,Nordic Journal of Studies in Policing,Fagblad/tidsskrift,Politi,Periodisk,Universitetsforlaget,UF,Universitetsforlaget / Scandinavian University Press,Politiforskning,,NO,B2B – Marketing & Media,Marketing & media pros,B2B,National,Print + Digital,High,,https://www.idunn.no/njsp,LIKELY_OK
NO,Nordic Journal of Urban Studies,Fagblad/tidsskrift,Byforskning,Periodisk,Universitetsforlaget,UF,Universitetsforlaget / Scandinavian University Press,Byforskning,,NO,B2B – Marketing & Media,Marketing & media pros,B2B,National,Print + Digital,High,,https://www.idunn.no/njus,LIKELY_OK
NO,Nordic Journal of Wellbeing,Fagblad/tidsskrift,Helse,Periodisk,Universitetsforlaget,UF,Universitetsforlaget / Scandinavian University Press,Velvære,,NO,Health & Fitness,General consumer,B2B,National,Print + Digital,High,,https://www.idunn.no/njw,LIKELY_OK
NO,Nordic Research in Music Education,Fagblad/tidsskrift,Musikk,Årlig,Cappelen Damm Akademisk,CDA,Cappelen Damm Akademisk,Musikkpedagogikk,,NO,B2B – Education,Teachers & educators,B2B,National,Print + Digital,High,,https://www.nmh.no,VERIFIED
NO,Nordic Studies in Education,Fagblad/tidsskrift,Pedagogikk,Periodisk,Universitetsforlaget,UF,Universitetsforlaget / Scandinavian University Press,Pedagogikk nordisk,,NO,B2B – Education,Teachers & educators,B2B,National,Print + Digital,High,,https://www.idunn.no/np,LIKELY_OK
NO,Nordisk Barnehageforskning,Fagblad/tidsskrift,Pedagogikk,Periodisk,Cappelen Damm Akademisk,CDA,Cappelen Damm Akademisk,Barnehageforskning,,NO,B2B – Education,Teachers & educators,B2B,National,Print + Digital,High,,https://journals.oslomet.no/index.php/nbf,VERIFIED
NO,Nordisk Domssamling,Fagblad/tidsskrift,Juss,Periodisk,Universitetsforlaget,UF,Universitetsforlaget / Scandinavian University Press,Nordisk juss,,NO,B2B – Legal,Legal professionals,B2B,National,Print + Digital,High,,https://www.idunn.no/nds,LIKELY_OK
NO,Nordisk Poesi,Fagblad/tidsskrift,Litteratur,Periodisk,Universitetsforlaget,UF,Universitetsforlaget / Scandinavian University Press,Poesi nordisk,,NO,Literature & Books,General consumer,B2B,National,Print + Digital,High,,https://www.idunn.no/nordisk_poesi,LIKELY_OK
NO,Nordisk tidsskrift for ungdomsforskning,Fagblad/tidsskrift,Ungdom,Periodisk,Universitetsforlaget,UF,Universitetsforlaget / Scandinavian University Press,Ungdomsforskning,,NO,Youth & Teens,Teens (13-19),B2B,National,Print + Digital,High,,https://www.idunn.no/ntu,LIKELY_OK
NO,Nordisk välfärdsforskning,Fagblad/tidsskrift,Velferd,Periodisk,Universitetsforlaget,UF,Universitetsforlaget / Scandinavian University Press,Velferd,,NO,B2B – Public Sector,Welfare researchers,B2B,National,Print + Digital,High,,https://www.idunn.no/nordvalfarsforskning,LIKELY_OK
NO,Nordisk Østforum,Fagblad/tidsskrift,Internasjonal,Periodisk,Selvstendig,Universitetsforlaget,Direkte hos utgiver,Russland/Øst-Europa,,NO,Politics & Current Affairs,Policy professionals,B2B,National,Print + Digital,High,,https://www.idunn.no/noros,LIKELY_OK
NO,Nordlit,Fagblad/tidsskrift,Litteratur,Periodisk,Selvstendig,UiT,Direkte hos utgiver,Litteratur og kultur,,NO,Literature & Books,General consumer,B2B,National,Print + Digital,High,,https://septentrio.uit.no/index.php/nordlit,VERIFIED
NO,Norsk Antropologisk Tidsskrift,Fagblad/tidsskrift,Antropologi,Periodisk,Universitetsforlaget,UF,Universitetsforlaget / Scandinavian University Press,Antropologi,,NO,Science,Anthropology researchers,B2B,National,Print + Digital,High,,https://www.idunn.no/nat,LIKELY_OK
NO,Norsk Arkivforum,Fagblad/tidsskrift,Arkiv,Periodisk,Universitetsforlaget,UF,Universitetsforlaget / Scandinavian University Press,Arkiv,,NO,History,History enthusiasts,B2B,National,Print + Digital,High,,https://www.idunn.no,LIKELY_OK
NO,Norsk Bridge,Fagblad/tidsskrift,Sport,Periodisk,Selvstendig,Norsk Bridgeforbund,Direkte hos utgiver,Bridge,,NO,Sports,General consumer,B2B,National,Print + Digital,High,,https://www.bridge.no,VERIFIED
NO,Norsk Epidemiologi,Fagblad/tidsskrift,Medisin,Periodisk,Selvstendig,Norsk forening for epidemiologi,Direkte hos utgiver,Epidemiologi,,NO,B2B – Healthcare,Healthcare professionals,B2B,National,Print + Digital,High,,https://www.ntnu.no/ojs/index.php/norepid,VERIFIED
NO,Norsk Farmaceutisk Tidsskrift,Fagblad/tidsskrift,Farmasi,10x/år,Selvstendig,Norges Farmaceutiske Forening,A2 Media AS,Farmasi,,NO,B2B – Healthcare,Healthcare professionals,B2B,National,Print + Digital,High,,https://www.farmatid.no,VERIFIED
NO,Norsk Filosofisk Tidsskrift,Fagblad/tidsskrift,Filosofi,Periodisk,Universitetsforlaget,UF,Universitetsforlaget / Scandinavian University Press,Filosofi,,NO,Literature & Books,Intellectual readers,B2B,National,Print + Digital,High,,https://www.idunn.no/nft,LIKELY_OK
NO,Norsk Fiskerinæring,Fagblad/tidsskrift,Fiskeri,Periodisk,Selvstendig,Norsk Fiskerinæring AS,Direkte hos utgiver,Fiskeri,,NO,B2B – Maritime,Maritime/seafood industry,B2B,National,Print + Digital,High,,https://kystogfjord.no,UNVERIFIED
NO,Norsk Geografisk Tidsskrift,Fagblad/tidsskrift,Geografi,Periodisk,Selvstendig,Norsk Geografisk Selskap,Direkte hos utgiver,Geografi,,NO,Science,Science enthusiasts,B2B,National,Print + Digital,High,,https://www.tandfonline.com/journals/sgeo20,LIKELY_OK
NO,Norsk Geologisk Tidsskrift,Fagblad/tidsskrift,Geologi,Kvartalsvis,Selvstendig,Norsk Geologisk Forening,Direkte hos utgiver,Geologi,,NO,Science,Science enthusiasts,B2B,National,Print + Digital,High,,https://njg.geologi.no,VERIFIED
NO,Norsk Hagetidend,Fagblad/tidsskrift,Hage,Månedlig,Selvstendig,Det norske hageselskap,Direkte hos utgiver,Hage,,NO,Garden,Garden enthusiasts,B2C,National,Print + Digital,Medium,,https://www.hageselskapet.no,VERIFIED
NO,Norsk Idrett,Fagblad/tidsskrift,Idrett,Periodisk,Selvstendig,NIF,Direkte hos utgiver,Norges idrettsforbund,,NO,Sports,Sports enthusiasts,B2B,National,Print + Digital,High,union-member-publication,https://www.idrettsforbundet.no,VERIFIED
NO,Norsk Klatring,Fagblad/tidsskrift,Sport,Periodisk,Selvstendig,Norges Klatreforbund,Direkte hos utgiver,Klatring,,NO,Sports,General consumer,B2B,National,Print + Digital,High,,https://www.klatring.no,VERIFIED
NO,Norsk Landbruk,Fagblad/tidsskrift,Landbruk,Periodisk,Tun Media,Tun Media,Tun Media Annonse,Landbruk,38000,NO,B2B – Agriculture,Farmers,B2B,National,Print + Digital,High,circulation-reported,https://norsklandbruk.no,VERIFIED
NO,Norsk Litteraturvitenskapelig Tidsskrift,Fagblad/tidsskrift,Litteratur,Periodisk,Universitetsforlaget,UF,Universitetsforlaget / Scandinavian University Press,Litteraturvitenskap,,NO,Literature & Books,General consumer,B2B,National,Print + Digital,High,,https://www.idunn.no/nlvt,LIKELY_OK
NO,Norsk Lovtidend,Fagblad/tidsskrift,Juss,Periodisk,Lovdata,Lovdata,Direkte hos utgiver,Lover og forskrifter,,NO,B2B – Legal,Legal professionals,B2B,National,Print + Digital,High,,https://lovdata.no,VERIFIED
NO,Norsk Medietidsskrift,Fagblad/tidsskrift,Mediefag,Kvartalsvis,Universitetsforlaget,UF,Universitetsforlaget / Scandinavian University Press,Medieforskning,,NO,B2B – Marketing & Media,Media professionals,B2B,National,Print + Digital,High,,https://www.idunn.no/nmt,LIKELY_OK
NO,Norsk Militært Tidsskrift,Fagblad/tidsskrift,Forsvar,Periodisk,Selvstendig,Norsk militært tidsskrift,Direkte hos utgiver,Forsvar,,NO,B2B – Defense & Police,Defense & police pros,B2B,National,Print + Digital,High,,https://www.oms.no,LIKELY_OK
NO,Norsk Misjonstidend,Fagblad/tidsskrift,Kristen,Periodisk,Selvstendig,Norsk Misjon,Direkte hos utgiver,Misjon,,NO,Religion,Religious (Christian),B2B,National,Print + Digital,High,,https://www.nms.no,VERIFIED
NO,Norsk Museumstidsskrift,Fagblad/tidsskrift,Museum,Periodisk,Universitetsforlaget,UF,Universitetsforlaget / Scandinavian University Press,Museumsfag,,NO,History,History enthusiasts,B2B,National,Print + Digital,High,,https://www.idunn.no/norsk_museumstidsskrift,LIKELY_OK
NO,Norsk Pedagogisk Tidsskrift,Fagblad/tidsskrift,Pedagogikk,Kvartalsvis,Universitetsforlaget,UF,Universitetsforlaget / Scandinavian University Press,Pedagogikk,,NO,B2B – Education,Teachers & educators,B2B,National,Print + Digital,High,,https://www.idunn.no/npt,LIKELY_OK
NO,Norsk Polarinstitutts Skrifter,Fagblad/tidsskrift,Polarforskning,Periodisk,Selvstendig,Norsk Polarinstitutt,Direkte hos utgiver,Polarforskning,,NO,Science,Polar researchers,B2B,National,Print + Digital,High,,https://www.npolar.no,LIKELY_OK
NO,Norsk Romsenter Magasin,Fagblad/tidsskrift,Romfart,Periodisk,Selvstendig,Norsk Romsenter,Direkte hos utgiver,Romfart,,NO,Science,Science enthusiasts,B2B,National,Print + Digital,High,,https://www.romsenter.no,VERIFIED
NO,Norsk Shakespeare- og Teatertidsskrift,Fagblad/tidsskrift,Kultur,Periodisk,Selvstendig,Norsk Shakespeare-selskap,Direkte hos utgiver,Teater,,NO,Arts & Culture,General consumer,B2B,National,Print + Digital,High,,https://www.shakespearetidsskrift.no,UNVERIFIED
NO,Norsk Sjakkblad,Fagblad/tidsskrift,Sport,Periodisk,Selvstendig,Norges Sjakkforbund,Direkte hos utgiver,Sjakk,,NO,Sports,General consumer,B2B,National,Print + Digital,High,,https://www.sjakk.no,VERIFIED
NO,Norsk Sjømat,Fagblad/tidsskrift,Sjømat,Periodisk,Selvstendig,Sjømatnorge,Direkte hos utgiver,Sjømat,,NO,B2B – Maritime,Maritime/seafood industry,B2B,National,Print + Digital,High,,https://www.norskfisk.no,VERIFIED
NO,Norsk Skogbruk,Fagblad/tidsskrift,Skogbruk,Periodisk,Selvstendig,Norsk Skogbruk,Salgsfabrikken AS,Skog,,NO,B2B – Agriculture,Farmers,B2B,National,Print + Digital,High,,https://www.skogkurs.no,VERIFIED
NO,Norsk Slekt,Fagblad/tidsskrift,Slekt,Periodisk,Selvstendig,NSF,Direkte hos utgiver,Slektshistorie,,NO,History,History enthusiasts,B2B,National,Print + Digital,High,,https://www.genealogi.no,VERIFIED
NO,Norsk Sosiologisk Tidsskrift,Fagblad/tidsskrift,Sosiologi,Periodisk,Universitetsforlaget,UF,Universitetsforlaget / Scandinavian University Press,Sosiologi,,NO,Science,Science enthusiasts,B2B,National,Print + Digital,High,,https://www.idunn.no/norsk_sosiologisk_tidsskrift,LIKELY_OK
NO,Norsk Squash Magasin,Fagblad/tidsskrift,Sport,Periodisk,Selvstendig,Norges Squashforbund,Direkte hos utgiver,Squash,,NO,Sports,General consumer,B2B,National,Print + Digital,High,,https://www.squash.no,VERIFIED
NO,Norsk Statsvitenskapelig Tidsskrift,Fagblad/tidsskrift,Statsvitenskap,Periodisk,Universitetsforlaget,UF,Universitetsforlaget / Scandinavian University Press,Statsvitenskap,,NO,Science,Science enthusiasts,B2B,National,Print + Digital,High,,https://www.idunn.no/nst,LIKELY_OK
NO,Norsk Steindustri,Fagblad/tidsskrift,Industri,Periodisk,Selvstendig,Norsk Bergindustri,Direkte hos utgiver,Stein,,NO,B2B – Engineering,Engineers,B2B,National,Print + Digital,High,,https://norskstein.no,VERIFIED
NO,Norsk Tidend,Fagblad/tidsskrift,Kristen,Periodisk,Selvstendig,Norsk Luthersk Misjonssamband,Direkte hos utgiver,Misjon,,NO,Religion,Religious (Christian),B2B,National,Print + Digital,High,,https://www.noregsmallag.no,VERIFIED
NO,Norsk Tidsskrift for Ernæring,Fagblad/tidsskrift,Ernæring,Periodisk,Universitetsforlaget,UF,Universitetsforlaget / Scandinavian University Press,Ernæring,,NO,B2B – Healthcare,Healthcare professionals,B2B,National,Print + Digital,High,,https://www.idunn.no/nte,LIKELY_OK
NO,Norsk Tidsskrift for Misjonsvitenskap,Fagblad/tidsskrift,Religion,Periodisk,Selvstendig,NMS,Direkte hos utgiver,Misjonsvitenskap,,NO,Religion,Religious (Christian),B2B,National,Print + Digital,High,,https://www.egede.no,VERIFIED
NO,Norsk Tidsskrift for Sjøvesen,Fagblad/tidsskrift,Maritim,Periodisk,Selvstendig,Sjøoffisersforbundet,Direkte hos utgiver,Sjøfart,,NO,B2B – Maritime,Maritime/seafood industry,B2B,National,Print + Digital,High,,https://www.kysten.no,UNVERIFIED
NO,Norsk Tidsskrift for Spesialpedagogikk,Fagblad/tidsskrift,Spesialpedagogikk,Kvartalsvis,Universitetsforlaget,UF,Universitetsforlaget / Scandinavian University Press,Spesialped,,NO,B2B – Education,Special education pros,B2B,National,Print + Digital,High,,https://www.idunn.no,LIKELY_OK
NO,Norsk Veterinærhistorisk Selskaps skrifter,Fagblad/tidsskrift,Veterinær,Periodisk,Selvstendig,NVHS,Direkte hos utgiver,,,NO,B2B – Healthcare,Healthcare professionals,B2B,National,Print + Digital,High,,https://www.vetinst.no,VERIFIED
NO,Norsk Veterinærtidsskrift,Fagblad/tidsskrift,Veterinær,10x/år,Selvstendig,Den norske veterinærforening,HS Media AS,Veterinær,3000,NO,B2B – Healthcare,Healthcare professionals,B2B,National,Print + Digital,High,circulation-reported,https://www.vetnett.no,VERIFIED
NO,Norsklæraren,Fagblad/tidsskrift,Skole,Periodisk,Selvstendig,Landslaget for norskundervisning,Direkte hos utgiver,Norskfag,,NO,B2B – Education,Teachers & educators,B2B,National,Print + Digital,High,,https://www.norskundervisning.no,VERIFIED
NO,NTL-Magasinet,Fagblad/tidsskrift,Fagforening,Periodisk,LO Media,Norsk Tjenestemannslag,LO Media,47 000 opplag,,NO,B2B – Marketing & Media,Marketing & media pros,B2B,National,Print + Digital,High,,https://www.ntl.no,VERIFIED
NO,Offisersbladet,Fagblad/tidsskrift,Forsvar,Periodisk,Selvstendig,BFO,Direkte hos utgiver,10 000 opplag,,NO,B2B – Defense & Police,Defense & police pros,B2B,National,Print + Digital,High,,https://offisersbladet.no,VERIFIED
NO,Optikeren,Fagblad/tidsskrift,Helse/syn,Periodisk,Selvstendig,Norges Optikerforbund,Direkte hos utgiver,Optometri,,NO,B2B – Healthcare,Opticians,B2B,National,Print + Digital,High,,https://www.optikerne.no,VERIFIED
NO,Oslo Law Review,Fagblad/tidsskrift,Juss,Periodisk,Universitetsforlaget,UF,Universitetsforlaget / Scandinavian University Press,Engelskspråklig,,NO,B2B – Legal,Legal professionals,B2B,International,Print + Digital,High,,https://www.idunn.no/oslo_law_review,LIKELY_OK
NO,PACEM,Fagblad/tidsskrift,Forsvar/etikk,Periodisk,Selvstendig,Feltprestkorpset,Direkte hos utgiver,Militæretikk,,NO,B2B – Defense & Police,Defense & police pros,B2B,National,Print + Digital,High,,https://pacem.no,VERIFIED
NO,Parat,Fagblad/tidsskrift,Fagforening,Periodisk,Selvstendig,Parat,Direkte hos utgiver,20 000 opplag,,NO,B2B – Trade Union,Trade union members,B2B,National,Print + Digital,High,,https://www.parat.com,VERIFIED
NO,ParatLuftfart,Fagblad/tidsskrift,Fagforening,Periodisk,Selvstendig,Parat,Direkte hos utgiver,Luftfart,,NO,B2B – Trade Union,Trade union members,B2B,National,Print + Digital,High,,https://www.parat.com,VERIFIED
NO,ParatStat,Fagblad/tidsskrift,Fagforening,Periodisk,Selvstendig,Parat,Direkte hos utgiver,Stat,,NO,B2B – Trade Union,Trade union members,B2B,National,Print + Digital,High,,https://www.parat.com,VERIFIED
NO,Parc Fermé,Fagblad/tidsskrift,Motorsport,Periodisk,Selvstendig,Parc Fermé AS,Direkte hos utgiver,Motorsport,,NO,Sports,Motorsport enthusiasts,B2C,National,Print + Digital,Medium,,https://www.parcferme.no,VERIFIED
NO,Park & Anlegg,Fagblad/tidsskrift,Anlegg,Periodisk,Selvstendig,NLA,A2 Media AS,Park,,NO,B2B – Construction & Property,Construction & property pros,B2B,National,Print + Digital,High,,https://park-anlegg.no,VERIFIED
NO,Personal og ledelse,Fagblad/tidsskrift,Ledelse,Periodisk,Selvstendig,Personal og ledelse,Direkte hos utgiver,Ledelse,,NO,B2B – HR & Management,HR & management pros,B2B,National,Print + Digital,High,,https://www.dagensperspektiv.no,VERIFIED
NO,Pinsebevegelsen.no,Fagblad/tidsskrift,Religion,Digital,Selvstendig,Pinsebevegelsen,Direkte hos utgiver,Pinse,,NO,Religion,Religious (Christian),B2B,National,Digital,High,,https://www.pinsebevegelsen.no,VERIFIED
NO,Plan,Fagblad/tidsskrift,Arkitektur/planlegging,Periodisk,Selvstendig,NBBL,Direkte hos utgiver,Byplanlegging,,NO,B2B – Construction & Property,Urban planners,B2B,National,Print + Digital,High,,https://www.idunn.no/plan,LIKELY_OK
NO,Politiforum,Fagblad/tidsskrift,Politi,Periodisk,Selvstendig,Politiets Fellesforbund,Salgsfabrikken AS,19 000 opplag,18000,NO,B2B – Defense & Police,Defense & police pros,B2B,National,Print + Digital,High,circulation-reported,https://www.politiforum.no,VERIFIED
NO,Posthornet,Fagblad/tidsskrift,Fagforening,Periodisk,LO Media,Postkom,LO Media,12 000 opplag,,NO,B2B – Marketing & Media,Marketing & media pros,B2B,National,Print + Digital,High,,https://www.posten.no,VERIFIED
NO,Praktisk økonomi & finans,Fagblad/tidsskrift,Økonomi,Kvartalsvis,Universitetsforlaget,UF,Universitetsforlaget / Scandinavian University Press,Økonomi,,NO,B2B – Finance & Insurance,Financial services pros,B2B,National,Print + Digital,High,,https://www.idunn.no/pof,LIKELY_OK
NO,Pro AV Magasinet,Fagblad/tidsskrift,AV/teknologi,Periodisk,Selvstendig,Pro AV,Direkte hos utgiver,AV-bransjen,,NO,B2B – IT & Tech,IT professionals,B2B,National,Print + Digital,High,,https://www.proav.no,VERIFIED
NO,Probeer Dagligvarespesial,Fagblad/tidsskrift,Handel,Periodisk,Krydder Kommunikasjon,Krydder,Krydder Kommunikasjon,Dagligvare,,NO,B2B – Retail,Retail pros,B2B,National,Print + Digital,High,,https://probeer.no,LIKELY_OK
NO,Probeer Uteliv,Fagblad/tidsskrift,Handel/uteliv,Periodisk,Krydder Kommunikasjon,Krydder,Krydder Kommunikasjon,Uteliv,,NO,B2B – Retail,Retail pros,B2B,National,Print + Digital,High,,https://probeer.no,LIKELY_OK
NO,ProDrink,Fagblad/tidsskrift,Drikke,Periodisk,Krydder Kommunikasjon,Krydder,Krydder Kommunikasjon,Drikke,,NO,B2B – Hospitality,Hospitality pros,B2B,National,Print + Digital,High,,https://prodrink.no,LIKELY_OK
NO,Psykisk Helse,Fagblad/tidsskrift,Helse/psyk,Periodisk,Selvstendig,Rådet for psykisk helse,Direkte hos utgiver,Psykisk helse,,NO,B2B – Healthcare,Healthcare professionals,B2B,National,Print + Digital,High,,https://psykiskhelse.no,VERIFIED
NO,Psykologisk.no,Fagblad/tidsskrift,Psykologi,Digital,Selvstendig,Psykologisk.no,Direkte hos utgiver,Psykologi,,NO,B2B – Healthcare,Psychologists,B2B,National,Digital,High,,https://psykologisk.no,VERIFIED
NO,Putsj,Fagblad/tidsskrift,Miljø,Periodisk,Selvstendig,Natur og Ungdom,Direkte hos utgiver,Ungdom og miljø,,NO,B2B – Charity & Third Sector,Environment sector pros,B2B,National,Print + Digital,High,,https://putsj.no,VERIFIED
NO,På Høyden,Fagblad/tidsskrift,UH,Digital,Selvstendig,UiB,Direkte hos utgiver,Universitetsavis UiB,,NO,B2B – Education,Teachers & educators,B2B,National,Digital,High,,https://pahoyden.khrono.no,VERIFIED
NO,Religioner.no,Fagblad/tidsskrift,Religion,Digital,Selvstendig,Religioner.no,Direkte hos utgiver,Religionsdialog,,NO,Religion,Religious (Christian),B2B,National,Digital,High,,https://www.religioner.no,VERIFIED
NO,Ren Mat,Fagblad/tidsskrift,Mat,Periodisk,Selvstendig,Økologisk Norge,Direkte hos utgiver,Økologisk,,NO,B2B – Retail,Food retail/trade,B2B,National,Print + Digital,High,,https://www.renmat.no,VERIFIED
NO,Renholdsnytt,Fagblad/tidsskrift,Renhold,Periodisk,Selvstendig,NHO Service og Handel,Direkte hos utgiver,Renhold,,NO,B2B – Other Trade Press,Industry professionals,B2B,National,Print + Digital,High,,https://www.renholdsnytt.no,VERIFIED
NO,Revmatikeren,Fagblad/tidsskrift,Helse,Periodisk,Selvstendig,Norsk Revmatikerforbund,Direkte hos utgiver,Revmatisme,,NO,Health & Fitness,General consumer,B2B,National,Print + Digital,High,,https://www.revmatiker.no,VERIFIED
NO,Røntgensikret,Fagblad/tidsskrift,Helse,Periodisk,Selvstendig,NSF,Direkte hos utgiver,Røntgen,,NO,Health & Fitness,General consumer,B2B,National,Print + Digital,High,,https://www.rontgen.no,LIKELY_OK
NO,Rørfag,Fagblad/tidsskrift,Bygg/rør,Periodisk,Selvstendig,Rørentreprenørene Norge,Direkte hos utgiver,Rørleggerbransje,,NO,B2B – Construction & Property,Construction & property pros,B2B,National,Print + Digital,High,,https://rorfag.no,VERIFIED
NO,Salmon Business,Fagblad/tidsskrift,Sjømat,Digital,Selvstendig,Salmon Business,Direkte hos utgiver,Engelskspråklig,,NO,B2B – Maritime,Salmon farming industry,B2B,International,Digital,High,,https://www.salmonbusiness.com,VERIFIED
NO,Sambåndet,Fagblad/tidsskrift,Kristen,Periodisk,Selvstendig,Indremisjonsforbundet,Direkte hos utgiver,Bibelmisjon,,NO,Religion,Religious (Christian),B2B,National,Print + Digital,High,,https://www.sambaandet.no,VERIFIED
NO,Sau og Geit,Fagblad/tidsskrift,Landbruk,Periodisk,Selvstendig,NSG,Direkte hos utgiver,Sau og geit,,NO,B2B – Agriculture,Farmers,B2B,National,Print + Digital,High,,https://www.nsg.no,VERIFIED
NO,Searcher,Fagblad/tidsskrift,IT/data,Periodisk,Selvstendig,Searcher,Direkte hos utgiver,IT bransje,,NO,B2B – IT & Tech,IT professionals,B2B,National,Print + Digital,High,,https://www.snl.no,VERIFIED
NO,Sjøfartsbladet,Fagblad/tidsskrift,Maritim,Periodisk,Selvstendig,Norsk forbund for arbeidsmandsfolk,Direkte hos utgiver,Sjøfart,,NO,B2B – Transport & Logistics,Transport & logistics pros,B2B,National,Print + Digital,High,,https://maritimt.com,UNVERIFIED
NO,Skatterett,Fagblad/tidsskrift,Juss,Periodisk,Universitetsforlaget,UF,Universitetsforlaget / Scandinavian University Press,Skatterett,,NO,B2B – Legal,Legal professionals,B2B,National,Print + Digital,High,,https://www.idunn.no/skatt,LIKELY_OK
NO,Skiidrett,Fagblad/tidsskrift,Sport,Periodisk,Selvstendig,Norges Skiforbund,Direkte hos utgiver,Ski,,NO,Sports,General consumer,B2B,National,Print + Digital,High,,https://www.skiforbundet.no,VERIFIED
NO,Skipsrevyen,Fagblad/tidsskrift,Maritim,Periodisk,Selvstendig,Skipsrevyen,Direkte hos utgiver,Skipsbygging,,NO,B2B – Transport & Logistics,Transport & logistics pros,B2B,National,Print + Digital,High,,https://www.skipsrevyen.no,VERIFIED
NO,Skolepsykologi,Fagblad/tidsskrift,Pedagogikk,Periodisk,Selvstendig,Norsk Skolepsykologiforening,Direkte hos utgiver,Skolepsykologi,,NO,B2B – Education,School psychologists,B2B,National,Print + Digital,High,,https://www.skolepsykologen.no,VERIFIED
NO,Slik er det,Fagblad/tidsskrift,Helse,Periodisk,Selvstendig,LHL,Direkte hos utgiver,Folkehelse,,NO,Health & Fitness,General consumer,B2B,National,Print + Digital,High,,https://www.tv2.no,VERIFIED
NO,Solenergi,Fagblad/tidsskrift,Energi,Periodisk,Selvstendig,Solenergiklyngen,Direkte hos utgiver,Sol,,NO,B2B – Energy & Utilities,Energy industry pros,B2B,National,Print + Digital,High,,https://www.solenergi.no,VERIFIED
NO,Sosiologi i dag,Fagblad/tidsskrift,Sosiologi,Kvartalsvis,Selvstendig,Novus,Direkte hos utgiver,Sosiologi,,NO,Science,Science enthusiasts,B2B,National,Print + Digital,High,,https://ojs.novus.no/index.php/SID,VERIFIED
NO,Sparebankbladet,Fagblad/tidsskrift,Bank,Periodisk,Selvstendig,Sparebankforeningen,Direkte hos utgiver,Sparebanker,,NO,B2B – Finance & Insurance,Financial services pros,B2B,National,Print + Digital,High,,https://www.sparebankbladet.no,VERIFIED
NO,Spektrum,Fagblad/tidsskrift,Autisme,Periodisk,Selvstendig,Autismeforeningen,Direkte hos utgiver,Autisme,,NO,B2B – Healthcare,Autism care community,B2B,National,Print + Digital,Medium,,https://spektrum.no,VERIFIED
NO,Spesialpedagogikk,Fagblad/tidsskrift,Skole,5x/år,Selvstendig,Utdanningsforbundet,HS Media AS,Spesialped,,NO,B2B – Education,Teachers & educators,B2B,National,Print + Digital,High,,https://www.utdanningsforbundet.no,VERIFIED
NO,Spurven,Fagblad/tidsskrift,Kristen,Periodisk,Selvstendig,Vårt Land,Direkte hos utgiver,Barn,,NO,Religion,Religious (Christian),B2B,National,Print + Digital,High,,https://birdlife.no,VERIFIED
NO,St. Olav,Fagblad/tidsskrift,Kristen,Periodisk,Selvstendig,Den katolske kirke,Direkte hos utgiver,Katolsk,,NO,Religion,Religious (Christian),B2B,National,Print + Digital,High,,https://stolav.no,VERIFIED
NO,Stat & Styring,Fagblad/tidsskrift,Offentlig sektor,Kvartalsvis,Universitetsforlaget,UF,Universitetsforlaget / Scandinavian University Press,Offentlig forvaltning,,NO,B2B – Public Sector,Public sector workers,B2B,National,Print + Digital,High,,https://www.idunn.no/stat,LIKELY_OK
NO,Stat&Styring,Fagblad/tidsskrift,Offentlig,Periodisk,Universitetsforlaget,UF,Universitetsforlaget / Scandinavian University Press,Offentlig forvaltning,,NO,B2B – Public Sector,Public sector workers,B2B,National,Print + Digital,High,,https://www.idunn.no/stat_og_styring,LIKELY_OK
NO,Steinerskolen,Fagblad/tidsskrift,Skole,Periodisk,Selvstendig,Steinerskoleforbundet,Direkte hos utgiver,Steinerskolen,,NO,B2B – Education,Teachers & educators,B2B,National,Print + Digital,High,,https://www.steinerskole.no,VERIFIED
NO,Stiftelsens magasin,Fagblad/tidsskrift,Religion,Periodisk,Selvstendig,Diverse,Direkte hos utgiver,Religion,,NO,Religion,Religious (Christian),B2B,National,Print + Digital,High,,https://stiftelser.no,VERIFIED
NO,Strek,Fagblad/tidsskrift,Kristen kultur,Periodisk,Selvstendig,Strek,Direkte hos utgiver,Kultur/idé,,NO,Religion,Religious (Christian),B2B,National,Print + Digital,High,,https://www.strekmag.no,VERIFIED
NO,Studia Musicologica Norvegica,Fagblad/tidsskrift,Musikk,Årlig,Universitetsforlaget,UF,Universitetsforlaget / Scandinavian University Press,Musikkforskning,,NO,Music,General consumer,B2B,National,Print + Digital,High,,https://www.idunn.no/smn,LIKELY_OK
NO,Studia Theologica,Fagblad/tidsskrift,Teologi,Periodisk,Universitetsforlaget,UF,Universitetsforlaget / Scandinavian University Press,Teologi,,NO,Religion,Religious,B2B,National,Print + Digital,High,,https://www.tandfonline.com/journals/sthe20,LIKELY_OK
NO,Stå,Fagblad/tidsskrift,Sport,Periodisk,Selvstendig,Norges Bandyforbund,Direkte hos utgiver,Bandy,,NO,Sports,General consumer,B2B,National,Print + Digital,High,,https://www.sta.no,VERIFIED
NO,Svineprodusenten,Fagblad/tidsskrift,Landbruk,Periodisk,Selvstendig,Norsvin,Direkte hos utgiver,Gris,,NO,B2B – Agriculture,Farmers,B2B,National,Print + Digital,High,,https://www.norsvin.no,VERIFIED
NO,Sykepleien,Fagblad/tidsskrift,Helse/sykepleie,Månedlig,LO Media,Norsk Sykepleierforbund,Salgsfabrikken AS,120 000 lesere,110000,NO,B2B – Healthcare,Healthcare professionals,B2B,National,Print + Digital,High,"circulation-reported, high-circulation",https://www.sykepleien.no,LIKELY_OK
NO,Sykepleien Forskning,Fagblad/tidsskrift,Helse,Periodisk,LO Media,NSF,LO Media,Forskning,,NO,Health & Fitness,General consumer,B2B,National,Print + Digital,High,,https://sykepleien.no/forskning,LIKELY_OK
NO,Symbolae Osloenses,Fagblad/tidsskrift,Klassisk filologi,Årlig,Universitetsforlaget,UF,Universitetsforlaget / Scandinavian University Press,Antikkens språk,,NO,Literature & Books,Classical philologists,B2B,National,Print + Digital,Medium,,https://www.tandfonline.com/journals/ssym20,LIKELY_OK
NO,Synspunkt,Fagblad/tidsskrift,Helse,Periodisk,Selvstendig,Norges Blindeforbund,Direkte hos utgiver,Syn,,NO,Health & Fitness,General consumer,B2B,National,Print + Digital,High,,https://www.akademikerne.no,VERIFIED
NO,Søkelys på Arbeidslivet,Fagblad/tidsskrift,Arbeidsliv,Periodisk,Universitetsforlaget,UF,Universitetsforlaget / Scandinavian University Press,Arbeidsliv,,NO,B2B – HR & Management,HR & management pros,B2B,National,Print + Digital,High,,https://www.idunn.no/spa,LIKELY_OK
NO,Tannstikka,Fagblad/tidsskrift,Tannlege,Periodisk,Selvstendig,Tannlegeforeningen,Direkte hos utgiver,Studentmagasin,,NO,B2B – Healthcare,Healthcare professionals,B2B,National,Print + Digital,High,,https://www.tannlegeforeningen.no,VERIFIED
NO,Tendens,Fagblad/tidsskrift,Magasin,Periodisk,Selvstendig,Diverse,Direkte hos utgiver,Tendens,,NO,B2B – Other Trade Press,Industry professionals,B2B,National,Print + Digital,High,,https://tendens.no,VERIFIED
NO,Tenner & Helse,Fagblad/tidsskrift,Tannlege,Periodisk,Selvstendig,Forbundet Tenner og Helse,Direkte hos utgiver,Tannhelse,,NO,B2B – Healthcare,Healthcare professionals,B2B,National,Print + Digital,High,,https://www.tannlegetidende.no,VERIFIED
NO,Tennis Norge,Fagblad/tidsskrift,Sport,Periodisk,Selvstendig,Norges Tennisforbund,Direkte hos utgiver,Tennis,,NO,Sports,General consumer,B2B,National,Print + Digital,High,,https://tennis.no,VERIFIED
NO,Teologisk Tidsskrift,Fagblad/tidsskrift,Religion,Periodisk,Universitetsforlaget,UF,Universitetsforlaget / Scandinavian University Press,Teologi,,NO,Religion,Religious (Christian),B2B,National,Print + Digital,High,,https://www.idunn.no/tt,LIKELY_OK
NO,Tidens Tale,Fagblad/tidsskrift,Magasin,Periodisk,Selvstendig,Tidens Tale,Direkte hos utgiver,Magasin,,NO,B2B – Other Trade Press,Industry professionals,B2B,National,Print + Digital,High,,https://www.dnt.no,UNVERIFIED
NO,Tidsskrift for Boligforskning,Fagblad/tidsskrift,Bolig,Periodisk,Universitetsforlaget,UF,Universitetsforlaget / Scandinavian University Press,Bolig,,NO,Home & Interior,General consumer,B2B,National,Print + Digital,High,,https://www.idunn.no/tfb,LIKELY_OK
NO,Tidsskrift for Den norske legeforening,Fagblad/tidsskrift,Medisin,Annenhver uke,Selvstendig,Legeforeningen,HS Media AS,Medisin,33000,NO,B2B – Healthcare,Healthcare professionals,B2B,National,Print + Digital,High,circulation-reported,https://tidsskriftet.no,LIKELY_OK
NO,Tidsskrift for Eiendomsrett,Fagblad/tidsskrift,Juss,Periodisk,Universitetsforlaget,UF,Universitetsforlaget / Scandinavian University Press,Eiendomsrett,,NO,B2B – Legal,Legal professionals,B2B,National,Print + Digital,High,,https://www.idunn.no/tidsskrift_for_eiendomsrett,LIKELY_OK
NO,Tidsskrift for Erstatningsrett,Fagblad/tidsskrift,Juss,Periodisk,Universitetsforlaget,UF,Universitetsforlaget / Scandinavian University Press,Erstatningsrett,,NO,B2B – Legal,Legal professionals,B2B,National,Print + Digital,High,,https://www.idunn.no/tidsskrift_for_erstatningsrett,LIKELY_OK
NO,Tidsskrift for Familierett,Fagblad/tidsskrift,Juss,Periodisk,Universitetsforlaget,UF,Universitetsforlaget / Scandinavian University Press,Familierett,,NO,B2B – Legal,Legal professionals,B2B,National,Print + Digital,High,,https://www.idunn.no/tfa,LIKELY_OK
NO,Tidsskrift for Forretningsjus,Fagblad/tidsskrift,Juss,Kvartalsvis,Universitetsforlaget,UF,Universitetsforlaget / Scandinavian University Press,Forretningsjus,,NO,B2B – Legal,Legal professionals,B2B,National,Print + Digital,High,,https://www.idunn.no/tff,LIKELY_OK
NO,Tidsskrift for Jordmødre,Fagblad/tidsskrift,Jordmor,Periodisk,Selvstendig,Den norske jordmorforening,Salgsfabrikken AS,Jordmor,,NO,B2B – Healthcare,Healthcare professionals,B2B,National,Print + Digital,High,,https://www.jordmorforeningen.no,LIKELY_OK
NO,Tidsskrift for Kjønnsforskning,Fagblad/tidsskrift,Kjønn,Kvartalsvis,Universitetsforlaget,UF,Universitetsforlaget / Scandinavian University Press,Kjønnsforskning,,NO,B2B – Charity & Third Sector,Gender researchers,B2B,National,Print + Digital,Medium,,https://www.idunn.no/tfk,LIKELY_OK
NO,Tidsskrift for Norsk Psykologforening,Fagblad/tidsskrift,Psykologi,Månedlig,Selvstendig,Norsk Psykologforening,Direkte hos utgiver,Psykologi,,NO,B2B – Healthcare,Psychologists,B2B,National,Print + Digital,High,,https://psykologtidsskriftet.no,VERIFIED
NO,Tidsskrift for Omsorgsforskning,Fagblad/tidsskrift,Helse,Periodisk,Universitetsforlaget,UF,Universitetsforlaget / Scandinavian University Press,Omsorgsforskning,,NO,Health & Fitness,General consumer,B2B,National,Print + Digital,High,,https://www.idunn.no/tfo,LIKELY_OK
NO,Tidsskrift for Psykisk Helsearbeid,Fagblad/tidsskrift,Helse,Kvartalsvis,Universitetsforlaget,UF,Universitetsforlaget / Scandinavian University Press,Psykisk helsearbeid,,NO,Health & Fitness,General consumer,B2B,National,Print + Digital,High,,https://www.idunn.no/tph,LIKELY_OK
NO,Tidsskrift for Rettsvitenskap,Fagblad/tidsskrift,Juss,Kvartalsvis,Universitetsforlaget,UF,Universitetsforlaget / Scandinavian University Press,Rettsvitenskap,,NO,B2B – Legal,Legal professionals,B2B,National,Print + Digital,High,,https://www.idunn.no/tfr,LIKELY_OK
NO,Tidsskrift for Samfunnsforskning,Fagblad/tidsskrift,Samfunnsforskning,Kvartalsvis,Universitetsforlaget,UF,Universitetsforlaget / Scandinavian University Press,Samfunnsforskning,,NO,Science,Science enthusiasts,B2B,National,Print + Digital,High,,https://www.idunn.no/tfs,LIKELY_OK
NO,Tidsskrift for Strafferett,Fagblad/tidsskrift,Juss,Kvartalsvis,Universitetsforlaget,UF,Universitetsforlaget / Scandinavian University Press,Strafferett,,NO,B2B – Legal,Legal professionals,B2B,National,Print + Digital,High,,https://www.idunn.no/tidsskrift_for_strafferett,LIKELY_OK
NO,Tidsskrift for Velferdsforskning,Fagblad/tidsskrift,Velferd,Periodisk,Universitetsforlaget,UF,Universitetsforlaget / Scandinavian University Press,Velferd,,NO,B2B – Public Sector,Welfare researchers,B2B,National,Print + Digital,High,,https://www.idunn.no/tidsskrift_for_velferdsforskning,LIKELY_OK
NO,Tidsskriftet Norges Barnevern,Fagblad/tidsskrift,Barnevern,Kvartalsvis,Universitetsforlaget,UF,Universitetsforlaget / Scandinavian University Press,Barnevern,,NO,B2B – Public Sector,Child welfare pros,B2B,National,Print + Digital,High,,https://www.idunn.no/tnb,LIKELY_OK
NO,Treindustrien,Fagblad/tidsskrift,Skog/tre,Periodisk,Selvstendig,Treindustrien,A2 Media AS,Trevareindustri,,NO,B2B – Agriculture,Farmers,B2B,National,Print + Digital,High,,https://www.treindustrien.no,VERIFIED
NO,TS-Kvarten,Fagblad/tidsskrift,Fagforening,Periodisk,Selvstendig,Transportarbeiderforbundet,Direkte hos utgiver,Transport,,NO,B2B – Transport & Logistics,Transport & logistics pros,B2B,National,Print + Digital,High,,https://www.tannlegeforeningen.no,VERIFIED
NO,Tungtransporten,Fagblad/tidsskrift,Transport,Periodisk,Selvstendig,Norges Lastebileier-Forbund,Direkte hos utgiver,Lastebil,,NO,B2B – Transport & Logistics,Transport & logistics pros,B2B,National,Print + Digital,High,,https://www.tungt.no,VERIFIED
NO,Uniforum,Fagblad/tidsskrift,UH,Digital,Selvstendig,UiO,Direkte hos utgiver,Universitetsavis UiO,,NO,B2B – Education,Teachers & educators,B2B,National,Digital,High,,https://www.uniforum.uio.no,VERIFIED
NO,Uniped,Fagblad/tidsskrift,UH,Periodisk,Universitetsforlaget,UF,Universitetsforlaget / Scandinavian University Press,Universitetspedagogikk,,NO,B2B – Education,Teachers & educators,B2B,National,Print + Digital,High,,https://www.idunn.no/uniped,LIKELY_OK
NO,United Supporteren,Fagblad/tidsskrift,Idrett,Periodisk,Selvstendig,Manchester United Supporters Club,Direkte hos utgiver,Fotball,,NO,Sports,Football fans (Manchester United),B2C,National,Print + Digital,Medium,,https://united.no,VERIFIED
NO,Universitetsavisa,Fagblad/tidsskrift,UH,Digital,Selvstendig,NTNU,Direkte hos utgiver,Universitetsavis NTNU,,NO,B2B – Education,Teachers & educators,B2B,National,Digital,High,,https://www.universitetsavisa.no,VERIFIED
NO,Utdanning,Fagblad/tidsskrift,Skole/lærer,20x/år,Selvstendig,Utdanningsforbundet,HS Media AS,Norges største lærerblad,165000,NO,B2B – Education,Teachers & educators,B2B,National,Print + Digital,High,"circulation-reported, high-circulation",https://www.utdanningsnytt.no,VERIFIED
NO,Utdanningsnytt,Fagblad/tidsskrift,Skole,Digital,Selvstendig,Utdanningsforbundet,HS Media AS,Nett,,NO,B2B – Education,Teachers & educators,B2B,National,Digital,High,,https://www.utdanningsnytt.no,VERIFIED
NO,Utposten,Fagblad/tidsskrift,Medisin/allmennlege,6x/år,Selvstendig,Utposten AS,Direkte hos utgiver,Allmennmedisin,,NO,B2B – Healthcare,Healthcare professionals,B2B,National,Print + Digital,High,,https://www.utposten.no,VERIFIED
NO,Vegen og Vi,Fagblad/tidsskrift,Vegfag,Periodisk,Selvstendig,Statens vegvesen,Direkte hos utgiver,Veg,,NO,B2B – Transport & Logistics,Transport & logistics pros,B2B,National,Print + Digital,High,,https://www.vegvesen.no,VERIFIED
NO,Vegen og Vi (Statens vegvesen),Fagblad/tidsskrift,Transport,Periodisk,Selvstendig,Statens vegvesen,Direkte hos utgiver,Vegvesen,,NO,B2B – Transport & Logistics,Transport & logistics pros,B2B,National,Print + Digital,High,,https://www.vegvesen.no,VERIFIED
NO,Veien Frem,Fagblad/tidsskrift,Religion,Periodisk,Selvstendig,Norske Misjonsråd,Direkte hos utgiver,Misjon,,NO,Religion,Religious (Christian),B2B,National,Print + Digital,High,,https://www.frelsesarmeen.no,UNVERIFIED
NO,Veisikkerhet,Fagblad/tidsskrift,Transport,Periodisk,Selvstendig,Trygg Trafikk,Direkte hos utgiver,Veisikkerhet,,NO,B2B – Transport & Logistics,Transport & logistics pros,B2B,National,Print + Digital,High,,https://tryggtrafikk.no,VERIFIED
NO,Velferd,Fagblad/tidsskrift,Helse/sosial,Periodisk,Selvstendig,Pensjonistforbundet,Direkte hos utgiver,Velferd,,NO,B2B – Public Sector,Welfare pros,B2B,National,Print + Digital,High,,https://www.velferd.no,VERIFIED
NO,Velferd.no,Fagblad/tidsskrift,Helse/sosial,Digital,Selvstendig,Velferd,Direkte hos utgiver,Digital,,NO,B2B – Public Sector,Welfare pros,B2B,National,Digital,High,,https://www.velferd.no,VERIFIED
NO,Vestlandsk Landbruk,Fagblad/tidsskrift,Landbruk,Periodisk,Tun Media,Tun Media,Tun Media Annonse,Vestlandet,,NO,B2B – Agriculture,Farmers,B2B,National,Print + Digital,High,,https://www.tun.no,VERIFIED
NO,Vi flyr,Fagblad/tidsskrift,Luftfart,Periodisk,Selvstendig,Norsk Pilotforening,Direkte hos utgiver,Luftfart,,NO,Hobby & Leisure,Aviation enthusiasts,B2C,National,Print + Digital,Medium,,https://www.flynytt.no,VERIFIED
NO,Volleyball,Fagblad/tidsskrift,Sport,Periodisk,Selvstendig,Norges Volleyballforbund,Direkte hos utgiver,Volleyball,,NO,Sports,General consumer,B2B,National,Print + Digital,High,,https://volleyball.no,VERIFIED
NO,VVS-aktuelt,Fagblad/tidsskrift,Bygg/VVS,Periodisk,Selvstendig,VVS-Foreningen,Direkte hos utgiver,VVS,,NO,B2B – Construction & Property,Construction & property pros,B2B,National,Print + Digital,High,,https://www.vvsaktuelt.no,VERIFIED
NO,Vårt Land Junior,Fagblad/tidsskrift,Kristen barn,Periodisk,Mentor Medier,Mentor,Mentor Medier Salg,Barn,,NO,Religion,Religious (Christian),B2B,National,Print + Digital,High,,https://www.vl.no,VERIFIED
NO,Vårt Land Magasin,Fagblad/tidsskrift,Kristen,Periodisk,Mentor Medier,Mentor,Mentor Medier Salg,Aktualitet,,NO,Religion,Religious (Christian),B2B,National,Print + Digital,High,,https://www.vl.no,VERIFIED
NO,Yrke,Fagblad/tidsskrift,Yrkesfag,4x/år,Selvstendig,Utdanningsforbundet,HS Media AS,Yrkesfag,,NO,B2B – Education,Teachers & educators,B2B,National,Print + Digital,High,,https://www.utdanningsnytt.no,LIKELY_OK
NO,Yrkestrafikk,Fagblad/tidsskrift,Transport,Periodisk,Selvstendig,YTF,A2 Media AS,Yrkestrafikk,,NO,B2B – Transport & Logistics,Transport & logistics pros,B2B,National,Print + Digital,High,,https://www.ytf.no,VERIFIED
NO,Æsculap,Fagblad/tidsskrift,Medisin,Periodisk,Selvstendig,Medisinerforeningen,Direkte hos utgiver,Studentmagasin medisin,,NO,B2B – Healthcare,Healthcare professionals,B2B,National,Print + Digital,High,,https://aesculap.no,LIKELY_OK
NO,Økonomi24.com,Fagblad/tidsskrift,Økonomi,Digital,Selvstendig,Økonomi24,Direkte hos utgiver,Økonomi,,NO,B2B – Finance & Insurance,Financial services pros,B2B,National,Digital,High,,https://www.okonomi24.no,VERIFIED
NO,Allers Julens Ideer,Magasin/ukeblad,Sesong/jul,Årlig,Aller Media,Aller Media,HS Media AS,Spesialutgave,,NO,Celebrity & Gossip,Celebrity & royal followers,B2C,National,Print + Digital,Medium,,https://www.allers.no,LIKELY_OK
NO,Bolig & Miljø,Magasin/ukeblad,Bolig/miljø,Periodisk,Selvstendig,Bolig & Miljø,HS Media AS,,,NO,Home & Interior,General consumer,B2C,National,Print + Digital,High,,https://www.huseierne.no,VERIFIED
NO,Bonde & Småbruker,Avis,Landbruk,Ukentlig,Norsk Bonde- og Småbrukarlag,NBSL,HS Media AS,Landbruksavis,,NO,B2B – Agriculture,Farmers,B2B,National,Print + Digital,High,,https://www.smabrukarlaget.no,VERIFIED
NO,Camping i Norge,Magasin/ukeblad,Reise/camping,Sesong,Selvstendig,Camping i Norge,HS Media AS,,,NO,Travel,Caravan/camping enthusiasts,B2C,National,Print + Digital,High,,https://www.campingnorge.no,VERIFIED
NO,Hus & Bolig,Magasin/ukeblad,Bolig,6x/år,Huseiernes Landsforbund,Huseierne,HS Media AS,Medlemsblad,,NO,Home & Interior,Homeowners,B2C,National,Print + Digital,Low,,https://www.huseierne.no/hus-bolig,VERIFIED
NO,KK Jul,Magasin/ukeblad,Sesong/jul,Årlig,Aller Media,Aller Media,HS Media AS,KK spesialutgave,,NO,Family & Parenting,General consumer,B2C,National,Print + Digital,Medium,,https://www.kk.no,VERIFIED
NO,Lyskultur,Fagblad/tidsskrift,Belysning/arkitektur,Kvartalsvis,Lyskultur,Lyskultur,HS Media AS,Bransjeforening,,NO,B2B – Construction & Property,Lighting design pros,B2B,National,Print + Digital,High,,https://lyskultur.no,VERIFIED
NO,Motor,Magasin/ukeblad,Bil/motor,10x/år,NAF,NAF,HS Media AS,"NAFs medlemsblad, ~470 000 medlemmer",470000,NO,Auto & Motor,General consumer,B2C,National,Print + Digital,High,"circulation-reported, high-circulation",https://www.naf.no,VERIFIED
NO,OBOS-bladet,Magasin/ukeblad,Bolig/medlem,10x/år,OBOS,OBOS,HS Media AS,Norges største kundeblad ~290 000 hush.,290000,NO,Home & Interior,General consumer,B2C,National,Print + Digital,High,"circulation-reported, high-circulation",https://www.obos.no/medlem/obos-bladet,VERIFIED
NO,Se og Hør Ekstra,Magasin/ukeblad,Sladder/kjendis,Periodisk,Aller Media,Aller Media,HS Media AS,,,NO,Celebrity & Gossip,General consumer,B2C,National,Print + Digital,Medium,,https://www.seoghor.no,LIKELY_OK
NO,Vakre Hjem & Interiør,Magasin/ukeblad,Interiør,8x/år,Selvstendig,VHI AS,HS Media AS,,,NO,Home & Interior,General consumer,B2C,National,Print + Digital,Medium,,https://www.vakrehjem.no,VERIFIED
NO,VG Bilag,Magasin/ukeblad,Aktualitet,Periodisk,Schibsted,VG,HS Media AS,Tematiske bilag,,NO,General Consumer Magazine,General consumer,B2C,National,Print + Digital,Medium,,https://www.vg.no,VERIFIED
NO,VG Endelig Fredag,Magasin/ukeblad,Helg,Ukentlig,Schibsted,VG,HS Media AS,Fredagsbilag,,NO,Affluent Lifestyle,VG weekend readers,B2C,National,Print + Digital,High,,https://www.vg.no,VERIFIED
NO,Vi Menn Bil,Magasin/ukeblad,Bil,Periodisk,Aller Media,Aller Media,HS Media AS,Spesialutgave,,NO,Auto & Motor,General consumer,B2C,National,Print + Digital,High,,https://www.klikk.no/vimenn,VERIFIED
NO,Vi Menn Bobil,Magasin/ukeblad,Bobil,Periodisk,Aller Media,Aller Media,HS Media AS,Spesialutgave,,NO,Men's Lifestyle,General consumer,B2C,National,Print + Digital,Medium,,https://www.klikk.no/vimenn,VERIFIED
NO,Vi Menn Båt,Magasin/ukeblad,Båt,Periodisk,Aller Media,Aller Media,HS Media AS,Spesialutgave,,NO,Boating & Sailing,Boating enthusiasts,B2C,National,Print + Digital,High,,https://www.klikk.no/vimenn,VERIFIED
NO,Coop Medlem,Magasin/ukeblad,Dagligvare/medlem,6x/år,Coop Norge,Coop,HS Media AS,Norges største medlemsblad,1700000,NO,Membership/Customer Magazine,General consumer,B2C,National,Print + Digital,High,"circulation-reported, mass-circulation",https://coopmedlem.no,UNVERIFIED
NO,IKEA Family Live,Magasin/ukeblad,Bolig/familie,4x/år,IKEA,IKEA,HS Media AS,,700000,NO,Home & Interior,General consumer,B2C,National,Print + Digital,High,"circulation-reported, mass-circulation",https://www.ikea.com/no/no/ikea-family,VERIFIED
NO,BAM (Bondelag),Fagblad/tidsskrift,Landbruk,Periodisk,Norges Bondelag,Bondelaget,HS Media AS,,,NO,B2B – Agriculture,Farmers,B2B,National,Print + Digital,High,,https://www.bondelaget.no,VERIFIED
NO,NHO Magasinet,Fagblad/tidsskrift,Næringsliv,Kvartalsvis,NHO,NHO,HS Media AS,,,NO,B2B – Public Sector,Public sector workers,B2B,National,Print + Digital,High,,https://www.nho.no,VERIFIED
NO,Naturkanal1,Magasin/ukeblad,Friluftsliv,Periodisk,Selvstendig,Naturkanal1,HS Media AS,,,NO,Outdoor & Adventure,Nature enthusiasts,B2C,National,Print + Digital,Medium,,https://www.naturkanal1.no,VERIFIED
NO,Kode24,Fagblad/tidsskrift,Tech/utvikling,Digital,Teknisk Ukeblad,TU Media,HS Media AS,Utviklermiljø,,NO,B2B – IT & Tech,IT professionals,B2B,National,Digital,High,,https://www.kode24.no,VERIFIED
NO,Næring24,Fagblad/tidsskrift,Næring,Periodisk,Selvstendig,Næring24,Salgsfabrikken AS,,,NO,B2B – SME,SME owners,B2B,National,Print + Digital,High,,https://www.naering24.no,VERIFIED
NO,Skolelederen,Fagblad/tidsskrift,Skoleledelse,Periodisk,Skolelederforbundet,Skolelederforbundet,Salgsfabrikken AS,,,NO,B2B – Education,Teachers & educators,B2B,National,Print + Digital,High,,https://www.skolelederforbundet.no,VERIFIED
NO,Mester,Fagblad/tidsskrift,Bygg/håndverk,Periodisk,Mesterbrevnemnda,Mesterbrevnemnda,Salgsfabrikken AS,,,NO,Craft & DIY,General consumer,B2B,National,Print + Digital,High,,https://www.mesterbrev.no,VERIFIED
NO,Frimurerbladet,Fagblad/tidsskrift,Frimureri,Kvartalsvis,Den Norske Frimurerorden,DNFO,Salgsfabrikken AS,,,NO,B2B – Other Trade Press,Industry professionals,B2B,National,Print + Digital,High,,https://www.frimurer.no,VERIFIED
NO,Revisor Informerer,Fagblad/tidsskrift,Revisjon,Periodisk,Regnskap Norge,Regnskap Norge,Salgsfabrikken AS,,,NO,B2B – Finance & Insurance,Accountants,B2B,National,Print + Digital,High,,https://www.regnskapnorge.no,VERIFIED
NO,Bobil & Caravan,Magasin/ukeblad,Bobil/caravan,6x/år,Norsk Caravan Club,NCC,Salgsfabrikken AS,,,NO,Camping & Caravan,Caravan/camping enthusiasts,B2C,National,Print + Digital,Medium,,https://www.bobilcaravan.no,VERIFIED
NO,Vernepleieren,Fagblad/tidsskrift,Helse/vernepleie,Kvartalsvis,FO,FO,Salgsfabrikken AS,,,NO,B2B – Healthcare,Care workers,B2B,National,Print + Digital,High,,https://www.fo.no,VERIFIED
NO,Forsvarets Forum,Fagblad/tidsskrift,Forsvar,Månedlig,Forsvaret,Forsvaret,Salgsfabrikken AS,Norges forsvarsavis,20000,NO,B2B – Defense & Police,Defence & police personnel,B2B,National,Print + Digital,High,circulation-reported,https://forsvaretsforum.no,VERIFIED
NO,Utemiljø & Idrettsanlegg,Fagblad/tidsskrift,Anlegg,Periodisk,Selvstendig,UI,Salgsfabrikken AS,,,NO,B2B – Construction & Property,Construction & property pros,B2B,National,Print + Digital,High,,https://www.fagpressen.no,LIKELY_OK
NO,Byggfakta Nyheter,Fagblad/tidsskrift,Bygg,Periodisk,Byggfakta,Byggfakta,Salgsfabrikken AS,,,NO,B2B – Construction & Property,Construction & property pros,B2B,National,Print + Digital,High,,https://www.byggfakta.no,VERIFIED
NO,Anleggsmaskinen,Fagblad/tidsskrift,Anlegg,Månedlig,MEF,MEF,A2 Media AS,Maskinentreprenørenes Forbund,,NO,B2B – Construction & Property,Construction & property pros,B2B,National,Print + Digital,High,union-member-publication,https://anleggsmaskinen.no,VERIFIED
NO,Fjell & Vidde,Magasin/ukeblad,Friluftsliv,6x/år,DNT,DNT,A2 Media AS,Den Norske Turistforening,320000,NO,Outdoor & Adventure,Outdoor enthusiasts (DNT members),B2C,National,Print + Digital,Medium,"circulation-reported, high-circulation",https://www.dnt.no,VERIFIED
NO,Folkevett,Fagblad/tidsskrift,Etisk forbruk,Kvartalsvis,Framtiden i våre hender,FIVH,A2 Media AS,,,NO,B2B – Charity & Third Sector,Environment sector pros,B2B,National,Print + Digital,High,,https://folkevett.no,VERIFIED
NO,Gravplassen,Fagblad/tidsskrift,Gravplassforvaltning,Periodisk,NFG,Norsk forening for gravplasskultur,A2 Media AS,,,NO,B2B – Charity & Third Sector,Environment sector pros,B2B,National,Print + Digital,High,,https://gravplassen.no,VERIFIED
NO,Havnemagasinet,Fagblad/tidsskrift,Maritim/havn,Periodisk,Norske Havner,Norske Havner,A2 Media AS,,,NO,B2B – Maritime,Maritime industry pros,B2B,National,Print + Digital,High,,https://www.norskehavner.no,LIKELY_OK
NO,Kjøtt- og Eggprodusenten,Fagblad/tidsskrift,Landbruk,Periodisk,KLF,Kjøtt- og fjørfebransjens Landsforbund,A2 Media AS,,,NO,B2B – Agriculture,Farmers,B2B,National,Print + Digital,High,,https://www.klf.no,VERIFIED
NO,SFOnett,Fagblad/tidsskrift,SFO,Periodisk,Selvstendig,SFOnett,A2 Media AS,,,NO,B2B – Education,Teachers & educators,B2B,National,Print + Digital,High,,https://sfonett.no,VERIFIED
NO,Skog,Fagblad/tidsskrift,Skogbruk,Periodisk,Norskog,Norskog,A2 Media AS,,,NO,B2B – Agriculture,Farmers,B2B,National,Print + Digital,High,,https://www.norskog.no,VERIFIED
NO,Verktøykassa,Fagblad/tidsskrift,Verktøy/byggvare,Periodisk,Selvstendig,Verktøykassa,A2 Media AS,,,NO,B2B – Construction & Property,Construction & property pros,B2B,National,Print + Digital,High,,https://verktoykassa.no,LIKELY_OK
NO,Nordic Journal of Arts Culture and Health,Fagblad/tidsskrift,Kunst/helse,Halvårlig,Aschehoug,Universitetsforlaget,Universitetsforlaget / Scandinavian University Press,Open access,,NO,Health & Fitness,General consumer,B2B,National,Print + Digital,High,,https://www.idunn.no/njach,LIKELY_OK
NO,Nordisk sygeplejeforskning,Fagblad/tidsskrift,Sykepleie,Kvartalsvis,Aschehoug,Universitetsforlaget,Universitetsforlaget / Scandinavian University Press,,,NO,B2B – Healthcare,Healthcare professionals,B2B,National,Print + Digital,High,,https://www.idunn.no/nsf,LIKELY_OK
NO,"Tidsskrift for erstatningsrett, forsikringsrett og trygderett",Fagblad/tidsskrift,Juss,Kvartalsvis,Aschehoug,Universitetsforlaget,Universitetsforlaget / Scandinavian University Press,,,NO,B2B – Legal,Legal professionals,B2B,National,Print + Digital,High,,https://www.idunn.no/tidsskrift_for_erstatningsrett,LIKELY_OK
NO,Barn,Fagblad/tidsskrift,Barneforskning,Kvartalsvis,Cappelen Damm,NTNU/CD,Cappelen Damm Akademisk,Fra 1983,,NO,B2B – Education,Child researchers,B2B,National,Print + Digital,Medium,,https://www.ntnu.no/ojs/index.php/BARN,VERIFIED
NO,Journal for Research in Arts and Sports Education,Fagblad/tidsskrift,Kunstfag/idrett,Kvartalsvis,Cappelen Damm,CD,Cappelen Damm Akademisk,Open access,,NO,B2B – Education,Teachers & educators,B2B,National,Print + Digital,High,,https://jased.net,VERIFIED
NO,Nordic Journal of Literacy Research,Fagblad/tidsskrift,Literacy,Halvårlig,Cappelen Damm,CD,Cappelen Damm Akademisk,Open access,,NO,B2B – Marketing & Media,Marketing & media pros,B2B,National,Print + Digital,High,,https://nordicliteracy.net,VERIFIED
NO,Nordisk tidsskrift for utdanning og praksis,Fagblad/tidsskrift,Utdanning,Halvårlig,Cappelen Damm,CD,Cappelen Damm Akademisk,Open access,,NO,B2B – Education,Education researchers,B2B,National,Print + Digital,High,,https://www.idunn.no,LIKELY_OK
NO,Högre utbildning,Fagblad/tidsskrift,Høyere utdanning,Halvårlig,Cappelen Damm,CD,Cappelen Damm Akademisk,Open access,,NO,B2B – Education,Higher education pros,B2B,National,Print + Digital,High,,https://hogreutbildning.se,VERIFIED
NO,Norsk Tannlegeforenings Tidende,Fagblad/tidsskrift,Tannlege,11x/år,NTF,NTF,Direkte hos utgiver,NTF medlemsblad,,NO,B2B – Healthcare,Healthcare professionals,B2B,National,Print + Digital,High,,https://www.tannlegetidende.no,VERIFIED
NO,Tannlegetidende,Fagblad/tidsskrift,Tannpleie,Periodisk,Selvstendig,NTF,Direkte hos utgiver,,,NO,B2B – Healthcare,Dentists,B2B,National,Print + Digital,High,,https://www.tannlegetidende.no,VERIFIED
NO,Helserevyen,Fagblad/tidsskrift,Helse,Digital,Selvstendig,Helserevyen,Direkte hos utgiver,,,NO,Health & Fitness,General consumer,B2B,National,Digital,High,,https://www.dagensmedisin.no,LIKELY_OK
NO,Nordisk tidsskrift for helseforskning,Fagblad/tidsskrift,Helseforskning,Halvårlig,UiT,UiT,Direkte hos utgiver,Open access,,NO,B2B – Healthcare,Healthcare professionals,B2B,National,Print + Digital,High,,https://septentrio.uit.no/index.php/helseforsk,VERIFIED
NO,Best Practice Nordic,Fagblad/tidsskrift,Medisin,Periodisk,BPN,BPN,Direkte hos utgiver,,,NO,B2B – Healthcare,Healthcare professionals,B2B,National,Print + Digital,High,,http://bestprac.no/,VERIFIED
NO,Aktuell,Fagblad/tidsskrift,Fagforening/næring,Periodisk,Industri Energi,Industri Energi,LO Media,,,NO,B2B – Energy & Utilities,Energy industry pros,B2B,National,Print + Digital,High,,https://industrienergi.no,VERIFIED
NO,Magasinet Aktuell,Fagblad/tidsskrift,Fagforening,8x/år,Fagforbundet,Fagforbundet,LO Media,,,NO,B2B – Trade Union,Trade union members,B2B,National,Print + Digital,High,,https://www.fagforbundet.no,VERIFIED
NO,Norsk Politi,Fagblad/tidsskrift,Politi,Periodisk,Politidirektoratet,POD,Direkte hos utgiver,Norsk Politis medlemsblad,,NO,B2B – Defense & Police,Defense & police pros,B2B,National,Print + Digital,High,,https://www.politiforum.no,VERIFIED
NO,Brann og Sikkerhet,Fagblad/tidsskrift,Brannvern,6x/år,Norsk Brannvernforening,NBF,Direkte hos utgiver,,,NO,B2B – Public Sector,Fire safety pros,B2B,National,Print + Digital,High,,https://www.brannogsikkerhet.no,VERIFIED
NO,Frihagen,Fagblad/tidsskrift,Pensjon,Periodisk,Statens pensjonskasse,SPK,Direkte hos utgiver,,,NO,Seniors 55+,Adults 55+,B2B,National,Print + Digital,High,,https://www.spk.no,VERIFIED
NO,Gjør det Selv,Magasin/ukeblad,DIY/bolig,Månedlig,Bonnier,Benjamin Media,HS Media AS,,,NO,Home & Interior,General consumer,B2C,National,Print + Digital,High,,https://www.bonnierpublications.no,UNVERIFIED
NO,Šuoŋ,Fagblad/tidsskrift,Samisk kultur,Periodisk,Selvstendig,Šuoŋ,Direkte hos utgiver,Samisk språk,,NO,Arts & Culture,General consumer,B2B,National,Print + Digital,High,,https://www.nordnorskdebatt.no,VERIFIED
NO,Nuorat,Magasin/ukeblad,Samisk ungdom,Periodisk,Selvstendig,Nuorat,Direkte hos utgiver,,,NO,Youth & Teens,Teens (13-19),B2C,National,Print + Digital,Medium,,https://saminuorra.org,UNVERIFIED
NO,Š ungdomsmagasin,Magasin/ukeblad,Samisk ungdom,Periodisk,Selvstendig,Š,Direkte hos utgiver,,,NO,Youth & Teens,Teens (13-19),B2C,National,Print + Digital,Medium,,https://www.ungdomsmagasin.no,VERIFIED
NO,Reaidu,Magasin/ukeblad,Samisk reindrift,Periodisk,Selvstendig,Reaidu,Direkte hos utgiver,,,NO,Arts & Culture,Sami culture readers,B2C,National,Print + Digital,Low,,https://www.sametinget.no,VERIFIED
NO,Lokalavisen Skedsmo,Avis,Lokal,Ukentlig,Selvstendig,Lokalavisen,Direkte hos utgiver,Gratisavis,,NO,News (Local),Regional consumer,B2C,Local,Print + Digital,Medium,free-distribution,https://www.romeriksposten.no,LIKELY_OK
NO,Byavisa Drammen,Avis,Lokal,Ukentlig,Selvstendig,Byavisa,Direkte hos utgiver,Gratisavis,,NO,News (Local),Regional consumer,B2C,Local,Print + Digital,Medium,free-distribution,https://www.byavisadrammen.no,VERIFIED
NO,Byavisa Sandefjord,Avis,Lokal,Ukentlig,Selvstendig,Byavisa,Direkte hos utgiver,Gratisavis,,NO,News (Local),Regional consumer,B2C,Local,Print + Digital,Medium,free-distribution,https://www.sandefjord.kommune.no,LIKELY_OK
NO,Byavisa Tønsberg,Avis,Lokal,Ukentlig,Selvstendig,Byavisa,Direkte hos utgiver,Gratisavis,,NO,News (Local),Regional consumer,B2C,Local,Print + Digital,Medium,free-distribution,https://www.byavisatonsberg.no,VERIFIED
NO,Akersposten (gratisavis),Avis,Lokal,Ukentlig,Amedia,Amedia Lokal,Amedia Salg,Oslo bydelsavis,,NO,News (Local),Regional consumer,B2C,Local,Print + Digital,Medium,,https://akersposten.no,VERIFIED
NO,Plot,Magasin/ukeblad,Reportasje,Kvartalsvis,Selvstendig,Plot,Direkte hos utgiver,Undersøkende journalistikk,,NO,Politics & Current Affairs,Investigative journalism readers,B2C,National,Print + Digital,Medium,,https://www.plot.no,VERIFIED
NO,Le Monde Diplomatique,Magasin/ukeblad,Politikk/utenriks,Månedlig,Selvstendig,LMD Norge,Direkte hos utgiver,,,NO,Politics & Current Affairs,Internationally minded,B2C,National,Print + Digital,Medium,,https://www.lmd.no,VERIFIED
NO,Klassisk,Magasin/ukeblad,Musikk/klassisk,Kvartalsvis,Selvstendig,Klassisk,Direkte hos utgiver,,,NO,Music,General consumer,B2C,National,Print + Digital,High,,https://www.klassisk.no,LIKELY_OK
NO,Jazznytt,Magasin/ukeblad,Jazz,Kvartalsvis,Norsk Jazzforum,Norsk Jazzforum,Direkte hos utgiver,,,NO,Music,General consumer,B2C,National,Print + Digital,High,,https://jazznytt.no,VERIFIED
NO,Listen!,Magasin/ukeblad,Musikk,Periodisk,Selvstendig,Listen,Direkte hos utgiver,,,NO,Music,General consumer,B2C,National,Print + Digital,High,,https://www.listen.no,VERIFIED
NO,Maison Mat & Vin,Magasin/ukeblad,Mat/vin,Kvartalsvis,Selvstendig,Maison,Direkte hos utgiver,,,NO,Food & Drink,General consumer,B2C,National,Print + Digital,High,,https://ad-venture.no,LIKELY_OK
NO,Apéritif,Magasin/ukeblad,Mat/vin,Periodisk,Selvstendig,Apéritif,Direkte hos utgiver,,,NO,Food & Drink,General consumer,B2C,National,Print + Digital,High,,https://www.aperitif.no,VERIFIED
NO,Pent,Magasin/ukeblad,Interiør,Kvartalsvis,Selvstendig,Pent,Direkte hos utgiver,,,NO,Home & Interior,General consumer,B2C,National,Print + Digital,Medium,,https://pent.no,VERIFIED
NO,KK,Magasin/ukeblad,Kvinne/livsstil,Ukentlig,Aller Media,Aller,Aller Media Annonsesalg,Kvinner og Klær,35000,NO,Women's Lifestyle,Women 25-54,B2C,National,Print + Digital,Medium,circulation-reported,https://www.kk.no,VERIFIED
NO,Visuelt,Fagblad/tidsskrift,Grafisk design,Kvartalsvis,Grafill,Grafill,Direkte hos utgiver,,,NO,B2B – Marketing & Media,Marketing & media pros,B2B,National,Print + Digital,High,,https://www.visuelt.no,VERIFIED
NO,Ukeavisen Ledelse,Fagblad/tidsskrift,Ledelse,Ukentlig,Medier og Ledelse,Medier og Ledelse,Direkte hos utgiver,Også kjent som Dagens Perspektiv,,NO,B2B – Marketing & Media,Marketing & media pros,B2B,National,Print + Digital,High,,https://www.dagensperspektiv.no,VERIFIED
NO,Travel News,Fagblad/tidsskrift,Reise/bransje,Periodisk,Selvstendig,Travel News,Direkte hos utgiver,,,NO,Travel,General consumer,B2B,National,Print + Digital,High,,https://travelnews.no,VERIFIED
NO,Teknologi & Verkstedindustri,Fagblad/tidsskrift,Teknologi/industri,Periodisk,Selvstendig,T&V,Direkte hos utgiver,,,NO,B2B – IT & Tech,IT professionals,B2B,National,Print + Digital,High,,https://www.tu.no,VERIFIED
NO,Tekstilforum,Fagblad/tidsskrift,Tekstil,Periodisk,Selvstendig,Tekstilforum,Direkte hos utgiver,,,NO,B2B – Other Trade Press,Industry professionals,B2B,National,Print + Digital,High,,https://www.tekstilforum.no,VERIFIED
NO,Transportforum,Fagblad/tidsskrift,Transport,Periodisk,Selvstendig,Transportforum,Direkte hos utgiver,,,NO,B2B – Transport & Logistics,Transport & logistics pros,B2B,National,Print + Digital,High,,https://www.transportarbeider.no,LIKELY_OK
NO,Gemini,Fagblad/tidsskrift,Forskning,Kvartalsvis,NTNU/SINTEF,NTNU,Direkte hos utgiver,Forskningsmagasin,,NO,Science,Science enthusiasts,B2B,National,Print + Digital,High,,https://www.gemini.no,VERIFIED
NO,Tidsskriftet Skolepsykologi,Fagblad/tidsskrift,Psykologi/skole,Kvartalsvis,Norsk Psykologforening,NPF,Direkte hos utgiver,,,NO,B2B – Education,Teachers & educators,B2B,National,Print + Digital,High,,https://www.skolepsykologen.no,VERIFIED
NO,Stratagem,Fagblad/tidsskrift,Sikkerhet/forsvar,Digital,Selvstendig,Stratagem,Direkte hos utgiver,,,NO,B2B – Defense & Police,Defense & police pros,B2B,National,Digital,High,,https://stratagem.no,VERIFIED
NO,Idrettsmagasinet,Magasin/ukeblad,Idrett,Periodisk,Norges Idrettsforbund,NIF,Direkte hos utgiver,,,NO,Sports,General consumer,B2B,National,Print + Digital,Low,,https://www.idrettsforbundet.no,VERIFIED
NO,Sportsmanship,Magasin/ukeblad,Sport,Periodisk,Selvstendig,Sportsmanship,Direkte hos utgiver,,,NO,Sports,General consumer,B2C,National,Print + Digital,Medium,,https://sportsmanship.com,UNVERIFIED
NO,Norsk Golf (digital),Magasin/ukeblad,Golf,Digital,Norges Golfforbund,NGF,HS Media AS,,,NO,Sports – Golf,General consumer,B2B,National,Digital,Low,,https://www.norskgolf.no,VERIFIED
NO,Norsk Ridesport,Magasin/ukeblad,Ridning,Periodisk,Norges Rytterforbund,NRyF,Direkte hos utgiver,,,NO,Sports – Equestrian,Equestrian enthusiasts,B2B,National,Print + Digital,Low,,https://www.rytter.no,VERIFIED
NO,Hesten,Magasin/ukeblad,Hest,6x/år,Selvstendig,Hesten,Direkte hos utgiver,,,NO,Sports – Equestrian,Equestrian enthusiasts,B2C,National,Print + Digital,High,,https://www.hesten.no,LIKELY_OK
NO,Hund,Magasin/ukeblad,Hund,6x/år,Selvstendig,Hund,Direkte hos utgiver,,,NO,Pets,General consumer,B2C,National,Print + Digital,Medium,,https://www.hund.no,VERIFIED
NO,Magasinet Båt,Magasin/ukeblad,Båt,8x/år,Selvstendig,Båt AS,Direkte hos utgiver,,,NO,Boating & Sailing,Boating enthusiasts,B2C,National,Print + Digital,High,,https://batmagasinet.no,UNVERIFIED
NO,Jakt & Fiske,Magasin/ukeblad,Jakt/fiske,Månedlig,NJFF,Norges Jeger- og Fiskerforbund,Direkte hos utgiver,Stor opplag,90000,NO,Hunting & Fishing,Outdoor enthusiasts (hunting/fishing),B2C,National,Print + Digital,High,circulation-reported,https://www.jaktfiske.no,VERIFIED
NO,Sportsfiskeren,Magasin/ukeblad,Sportsfiske,6x/år,Selvstendig,Sportsfiskeren,Direkte hos utgiver,,,NO,Hunting & Fishing,General consumer,B2C,National,Print + Digital,Medium,,https://sportsfiskerne.no,VERIFIED
NO,Landevei,Magasin/ukeblad,Sykling,6x/år,Selvstendig,Landevei,Direkte hos utgiver,,,NO,Sports – Cycling,General consumer,B2C,National,Print + Digital,Medium,,https://www.landevei.no,VERIFIED
NO,Bilnorge,Magasin/ukeblad,Bil,Digital,Selvstendig,Bilnorge,Direkte hos utgiver,,,NO,Auto & Motor,General consumer,B2C,National,Digital,Medium,,https://www.bilnorge.no,VERIFIED
NO,MC24,Magasin/ukeblad,MC,Digital,Selvstendig,MC24,Direkte hos utgiver,,,NO,Motorcycle,Motorcycle enthusiasts,B2C,National,Digital,Medium,,https://mc24.no,LIKELY_OK
NO,MotorMagasinet,Fagblad/tidsskrift,Bilbransjen,Periodisk,Selvstendig,MotorMagasinet,Direkte hos utgiver,Bilbransjen B2B,,NO,B2B – Retail,Automotive trade,B2B,National,Print + Digital,High,,https://www.motor.no,UNVERIFIED
NO,Bilavisen,Magasin/ukeblad,Bil,Digital,Selvstendig,Bilavisen,Direkte hos utgiver,,,NO,Auto & Motor,General consumer,B2C,National,Digital,Medium,,https://www.bilnytt.no,UNVERIFIED
NO,Vegen & Vi,Fagblad/tidsskrift,Vegvesen,Periodisk,Statens vegvesen,SVV,Direkte hos utgiver,,,NO,B2B – Public Sector,Road authority staff,B2B,National,Print + Digital,High,,https://www.vegvesen.no,VERIFIED
NO,Smak,Magasin/ukeblad,Mat,6x/år,Selvstendig,Smak,Direkte hos utgiver,,,NO,Food & Drink,General consumer,B2C,National,Print + Digital,Medium,,https://smak.no,VERIFIED
NO,Matavisen,Magasin/ukeblad,Mat,Digital,Selvstendig,Matavisen,Direkte hos utgiver,,,NO,Food & Drink,General consumer,B2C,National,Digital,Medium,,https://www.matavisen.no,VERIFIED
NO,Kokkeyrket,Fagblad/tidsskrift,Kokk/horeca,Periodisk,Selvstendig,Kokkeyrket,Direkte hos utgiver,,,NO,B2B – Hospitality,Hospitality pros,B2B,National,Print + Digital,High,,https://www.matogvin.no,UNVERIFIED
NO,Inntrøndelagen,Avis,Lokal/kristen,Periodisk,Selvstendig,Inntrøndelagen,Direkte hos utgiver,,,NO,Religion,Religious (Christian),B2C,Local,Print + Digital,Medium,,https://t-a.no,VERIFIED
NO,Humanist,Fagblad/tidsskrift,Humanisme,Kvartalsvis,Human-Etisk Forbund,HEF,Direkte hos utgiver,,,NO,Religion,Humanists/secular,B2C,National,Print + Digital,Low,,https://www.humanist.no,VERIFIED
NO,Computerworld Norge,Fagblad/tidsskrift,IT/tech,Ukentlig,Selvstendig,Computerworld,Direkte hos utgiver,B2B IT,,NO,B2B – IT & Tech,IT professionals,B2B,National,Print + Digital,High,,https://www.cw.no,VERIFIED
NO,Inside Telecom,Fagblad/tidsskrift,Telekom,Digital,Selvstendig,Inside Telecom,Direkte hos utgiver,,,NO,B2B – IT & Tech,IT professionals,B2B,National,Digital,High,,https://www.insidetelecom.no,VERIFIED
NO,Telecom Revy,Fagblad/tidsskrift,Telekom,Periodisk,Selvstendig,Telecom Revy,Direkte hos utgiver,,,NO,B2B – IT & Tech,IT professionals,B2B,National,Print + Digital,High,,https://www.telecomrevy.no,VERIFIED
NO,Idg.no,Fagblad/tidsskrift,IT,Digital,Selvstendig,IDG,Direkte hos utgiver,,,NO,B2B – IT & Tech,IT professionals,B2B,National,Digital,High,,https://www.computerworld.no,LIKELY_OK
NO,Kapital IT,Fagblad/tidsskrift,IT/næring,Periodisk,Hegnar Media,Kapital,Hegnar Media Salg,,,NO,Business & Finance,General consumer,B2B,National,Print + Digital,High,,https://www.hegnar.no/teknologi,VERIFIED
NO,Bygg.no,Fagblad/tidsskrift,Bygg,Digital,BNL/EBA,BNL,Direkte hos utgiver,,,NO,B2B – Construction & Property,Construction & property pros,B2B,National,Digital,High,,https://www.bygg.no,VERIFIED
NO,Norsk Eiendom,Fagblad/tidsskrift,Eiendom,Periodisk,Norsk Eiendom,Norsk Eiendom,Direkte hos utgiver,,,NO,B2B – Construction & Property,Real estate pros,B2B,National,Print + Digital,High,,https://www.norskeiendom.org,VERIFIED
NO,VVS-Forum,Fagblad/tidsskrift,VVS,Periodisk,Selvstendig,VVS-Forum,Direkte hos utgiver,,,NO,B2B – Construction & Property,Construction & property pros,B2B,National,Print + Digital,High,,https://www.vvsforum.no,VERIFIED
NO,VVSaktuelt,Fagblad/tidsskrift,VVS,Periodisk,Norsk VVS,Norsk VVS,Direkte hos utgiver,,,NO,B2B – Construction & Property,Construction & property pros,B2B,National,Print + Digital,High,,https://www.vvsaktuelt.no,VERIFIED
NO,Elektriker'n,Fagblad/tidsskrift,Elektro,Periodisk,EL og IT Forbundet,EL og IT,Direkte hos utgiver,,,NO,B2B – Construction & Property,Construction & property pros,B2B,National,Print + Digital,High,,https://elogit.no,VERIFIED
NO,Nordic Journal of Wellbeing and Sustainable Welfare Development,Fagblad/tidsskrift,Velferd,Halvårlig,Aschehoug,Universitetsforlaget,Universitetsforlaget / Scandinavian University Press,Open access,,NO,B2B – Marketing & Media,Marketing & media pros,B2B,National,Print + Digital,High,,https://www.idunn.no/njw,LIKELY_OK
SE,Dagens Nyheter,Dagstidning,Riks,Daglig,Bonnier Group,Bonnier News,Bonnier News Brands,"Stockholm, liberal",295000,SE,News (National),General consumer,B2C,National,Print + Digital,High,"circulation-reported, high-circulation, liberal",https://www.dn.se,LIKELY_OK
SE,Svenska Dagbladet,Dagstidning,Riks,Daglig,Schibsted,SvD,Schibsted Marketing Services (SMS),"Stockholm, oberoende moderat",130000,SE,News (National),Mass market consumer,B2C,National,Print + Digital,High,"circulation-reported, high-circulation",https://www.svd.se,LIKELY_OK
SE,Aftonbladet,Kvällstidning,Riks,Daglig,Schibsted (91%) / LO (9%),Aftonbladet,Schibsted Marketing Services (SMS),"Stockholm, oavh. socialdemokrat, ca 55 000 print",55000,SE,News (National Tabloid),Mass market consumer,B2C,National,Print + Digital,High,"circulation-reported, evening-paper, social-democratic",https://www.aftonbladet.se,LIKELY_OK
SE,Expressen,Kvällstidning,Riks,Daglig,Bonnier Group,Bonnier News,Bonnier News Brands,"Stockholm, liberal",200000,SE,News (National Tabloid),Mass market consumer,B2C,National,Print + Digital,High,"circulation-reported, evening-paper, high-circulation, liberal",https://www.expressen.se,LIKELY_OK
SE,GT,Kvällstidning,Regional,Daglig,Bonnier Group,Bonnier News,Bonnier News Brands,"Göteborg, Expressen-edition",18000,SE,News (National Tabloid),Mass market consumer,B2C,Regional,Print + Digital,Medium,"circulation-reported, evening-paper",https://www.expressen.se/gt,LIKELY_OK
SE,Kvällsposten,Kvällstidning,Regional,Daglig,Bonnier Group,Bonnier News,Bonnier News Brands,"Malmö, Expressen-edition",25000,SE,News (National Tabloid),Mass market consumer,B2C,Regional,Print + Digital,Medium,"circulation-reported, evening-paper",https://www.expressen.se/kvp,LIKELY_OK
SE,Dagens Industri,Dagstidning,Näringsliv,Daglig,Bonnier Group,Bonnier News,Bonnier News Brands,"Rosa papper, störst inom näringsliv",60000,SE,Business & Finance,Business decision-makers,B2C,National,Print + Digital,High,"circulation-reported, largest-in-segment",https://www.di.se,LIKELY_OK
SE,Dagen,Dagstidning,Religion,Daglig,Dagengruppen,Dagen,Direkte hos utgivare,"Kristen, från 1945",15000,SE,Religion,Religious (Christian),B2B,National,Print + Digital,Medium,circulation-reported,https://www.dagen.se,VERIFIED
SE,Dagens ETC,Dagstidning,Riks,Daglig,ETC,ETC,Direkte hos utgivare,Vänsterperspektiv,,SE,News (National),General consumer,B2C,National,Print + Digital,Medium,,https://www.etc.se,VERIFIED
SE,Göteborgs-Tidningen,Kvällstidning,Regional,Daglig,Bonnier Group,Bonnier News,Bonnier News Brands,Göteborg,,SE,News (National Tabloid),Mass market consumer,B2C,Regional,Print + Digital,Medium,evening-paper,https://www.expressen.se/gt,LIKELY_OK
SE,Fria Tidningar,Dagstidning,Riks,Veckovis,Fria Tidningar,Fria Tidningar,Direkte hos utgivare,Grön/oberoende,,SE,News (National),General consumer,B2C,National,Print + Digital,Medium,green-aligned,https://www.fria.nu,VERIFIED
SE,Proletären,Dagstidning,Riks,Veckovis,Kommunistiska Partiet,KP,Direkte hos utgivare,Kommunistisk,,SE,News (National),General consumer,B2C,National,Print + Digital,Medium,socialist,https://proletaren.se,VERIFIED
SE,Arbetaren,Dagstidning,Riks,Veckovis,SAC Syndikalisterna,SAC,Direkte hos utgivare,Syndikalistisk,,SE,News (National),General consumer,B2C,National,Print + Digital,Medium,,https://arbetaren.se,VERIFIED
SE,Flamman,Dagstidning,Riks,Veckovis,Vänsterpartiet,Flamman,Direkte hos utgivare,Vänsterperspektiv,,SE,News (National),General consumer,B2C,National,Print + Digital,Medium,,https://flamman.se,VERIFIED
SE,Internationalen,Dagstidning,Riks,Veckovis,Socialistiska Partiet,Internationalen,Direkte hos utgivare,,,SE,News (National),General consumer,B2C,National,Print + Digital,Medium,,https://www.internationalen.se,VERIFIED
SE,Nya Tider,Dagstidning,Riks,Veckovis,AlternaMedia,Nya Tider,Direkte hos utgivare,Konservativ,,SE,News (National),General consumer,B2C,National,Print + Digital,High,conservative,https://www.nyatider.nu,VERIFIED
SE,Världen Idag,Dagstidning,Religion,3x/vecka,Världen Idag,Världen Idag,Direkte hos utgivare,Kristen riksavis,,SE,Religion,Religious (Christian),B2B,National,Print + Digital,Medium,,https://www.varldenidag.se,VERIFIED
SE,Sydsvenskan,Dagstidning,Regional,Daglig,Bonnier Group,Bonnier News,Bonnier News Brands,Malmö/Lund,80000,SE,News (Regional),Regional consumer,B2C,Regional,Print + Digital,Medium,circulation-reported,https://www.sydsvenskan.se,LIKELY_OK
SE,Helsingborgs Dagblad,Dagstidning,Regional,Daglig,Bonnier Group,Bonnier News,Bonnier News Brands,HD-Sydsvenskan,30000,SE,News (Regional),Regional consumer,B2C,Regional,Print + Digital,Medium,circulation-reported,https://www.hd.se,LIKELY_OK
SE,Skånska Dagbladet,Dagstidning,Regional,Daglig,Bonnier News Local,Skånska Dagbladet,Bonnier News Brands,,9000,SE,News (Regional),Mass market consumer,B2C,Regional,Print + Digital,Medium,circulation-reported,https://www.skd.se,VERIFIED
SE,Sundsvalls Tidning,Dagstidning,Regional,Daglig,Bonnier News Local,ST,Bonnier News Brands,Mittmedia,26000,SE,News (Regional),Regional consumer,B2C,Regional,Print + Digital,Medium,circulation-reported,https://www.st.nu,VERIFIED
SE,Östersunds-Posten,Dagstidning,Regional,Daglig,Bonnier News Local,ÖP,Bonnier News Brands,Mittmedia,22000,SE,News (Regional),Regional consumer,B2C,Regional,Print + Digital,Medium,circulation-reported,https://www.op.se,VERIFIED
SE,Länstidningen Östersund,Dagstidning,Lokal,Daglig,Bonnier News Local,LT,Bonnier News Brands,Mittmedia,,SE,News (Local),Regional consumer,B2C,Local,Print + Digital,Medium,,https://www.ltz.se,VERIFIED
SE,Gefle Dagblad,Dagstidning,Regional,Daglig,Bonnier News Local,GD,Bonnier News Brands,Mittmedia,23000,SE,News (Regional),Regional consumer,B2C,Regional,Print + Digital,Medium,circulation-reported,https://www.gd.se,VERIFIED
SE,Arbetarbladet,Dagstidning,Regional,Daglig,Bonnier News Local,AB,Bonnier News Brands,Gävle,13000,SE,News (Regional),Regional consumer,B2C,Regional,Print + Digital,Medium,circulation-reported,https://www.arbetarbladet.se,VERIFIED
SE,Dala-Demokraten,Dagstidning,Regional,Daglig,Bonnier News Local,DD,Bonnier News Brands,Falun,12000,SE,News (Regional),Regional consumer,B2C,Regional,Print + Digital,Medium,circulation-reported,https://www.dalademokraten.se,VERIFIED
SE,Falu Kuriren,Dagstidning,Regional,Daglig,Bonnier News Local,FK,Bonnier News Brands,Falun,22000,SE,News (Regional),Regional consumer,B2C,Regional,Print + Digital,Medium,circulation-reported,https://www.falukuriren.se,VERIFIED
SE,Mora Tidning,Dagstidning,Lokal,Flere ganger ukentlig,Bonnier News Local,MT,Bonnier News Brands,Mora,,SE,News (Local),Regional consumer,B2C,Local,Print + Digital,Medium,,https://www.dt.se,LIKELY_OK
SE,Borlänge Tidning,Dagstidning,Lokal,Daglig,Bonnier News Local,BT,Bonnier News Brands,Borlänge,,SE,News (Local),Regional consumer,B2C,Local,Print + Digital,Medium,,https://www.borlangetidning.se,VERIFIED
SE,Avesta Tidning,Dagstidning,Lokal,Flere ganger ukentlig,Bonnier News Local,AT,Bonnier News Brands,Avesta,,SE,News (Local),Regional consumer,B2C,Local,Print + Digital,Medium,,https://www.avestatidning.com,VERIFIED
SE,Annonsbladet Dalarna,Gratistidning,Lokal,Ukentlig,Bonnier News Local,Annonsbladet,Bonnier News Brands,Dalarna,,SE,News (Local),Regional consumer,B2C,Local,Print + Digital,Medium,free-distribution,https://www.annonsbladet.com,LIKELY_OK
SE,Söderhamns-Kuriren,Dagstidning,Lokal,Daglig,Bonnier News Local,SK,Bonnier News Brands,Söderhamn,,SE,News (Local),Regional consumer,B2C,Local,Print + Digital,Medium,,https://helahalsingland.se/soderhamns-kuriren,LIKELY_OK
SE,Ljusnan,Dagstidning,Lokal,Daglig,Bonnier News Local,Ljusnan,Bonnier News Brands,Bollnäs,,SE,News (Local),Regional consumer,B2C,Local,Print + Digital,Medium,,https://helahalsingland.se/ljusnan,LIKELY_OK
SE,Hudiksvalls Tidning,Dagstidning,Lokal,Daglig,Bonnier News Local,HT,Bonnier News Brands,Hudiksvall,,SE,News (Local),Regional consumer,B2C,Local,Print + Digital,Medium,,https://helahalsingland.se/hudiksvalls-tidning,LIKELY_OK
SE,Ljusdals-Posten,Dagstidning,Lokal,Flere ganger ukentlig,Bonnier News Local,LP,Bonnier News Brands,Ljusdal,,SE,News (Local),Regional consumer,B2C,Local,Print + Digital,Medium,,https://helahalsingland.se/ljusdals-posten,LIKELY_OK
SE,Tidningen Ångermanland,Dagstidning,Regional,Daglig,Bonnier News Local,Ångermanland,Bonnier News Brands,Sollefteå,,SE,News (Regional),Regional consumer,B2C,Regional,Print + Digital,Medium,,https://www.allehanda.se,LIKELY_OK
SE,Örnsköldsviks Allehanda,Dagstidning,Regional,Daglig,Bonnier News Local,ÖA,Bonnier News Brands,Örnsköldsvik,,SE,News (Regional),Regional consumer,B2C,Regional,Print + Digital,Medium,,https://www.allehanda.se,LIKELY_OK
SE,Nya Ludvika Tidning,Dagstidning,Lokal,Daglig,Bonnier News Local,NLT,Bonnier News Brands,Ludvika,,SE,News (Local),Regional consumer,B2C,Local,Print + Digital,Medium,,https://www.dt.se,LIKELY_OK
SE,Vestmanlands Läns Tidning,Dagstidning,Regional,Daglig,Bonnier News Local,VLT,Bonnier News Brands,Västerås,26000,SE,News (Regional),Regional consumer,B2C,Regional,Print + Digital,Medium,circulation-reported,https://www.vlt.se,VERIFIED
SE,Bärgslagsbladet,Dagstidning,Lokal,Daglig,Bonnier News Local,BBL,Bonnier News Brands,Köping,,SE,News (Local),Regional consumer,B2C,Local,Print + Digital,Medium,,https://www.bblat.se,VERIFIED
SE,Fagersta-Posten,Dagstidning,Lokal,Daglig,Bonnier News Local,FP,Bonnier News Brands,Fagersta,,SE,News (Local),Regional consumer,B2C,Local,Print + Digital,Medium,,https://www.fagersta-posten.se,VERIFIED
SE,Sala Allehanda,Dagstidning,Lokal,Daglig,Bonnier News Local,SA,Bonnier News Brands,Sala,,SE,News (Local),Regional consumer,B2C,Local,Print + Digital,Medium,,https://www.salaallehanda.com,VERIFIED
SE,Nynäshamns Posten,Dagstidning,Lokal,Daglig,Bonnier News Local,NP,Bonnier News Brands,Nynäshamn,,SE,News (Local),Regional consumer,B2C,Local,Print + Digital,Medium,,https://www.nynashamnsposten.se,VERIFIED
SE,Norrtelje Tidning,Dagstidning,Lokal,Daglig,Bonnier News Local,NT,Bonnier News Brands,Norrtälje,,SE,News (Local),Regional consumer,B2C,Local,Print + Digital,Medium,,https://www.norrteljetidning.se,VERIFIED
SE,Mariefreds Tidning,Gratistidning,Lokal,Ukentlig,Bonnier News Local,MT,Bonnier News Brands,Mariefred,,SE,News (Local),Regional consumer,B2C,Local,Print + Digital,Medium,free-distribution,https://www.mariefredstidning.se,LIKELY_OK
SE,Barometern Oskarshamns-Tidningen,Dagstidning,Regional,Daglig,Gota Media,Barometern,Gota Media Annonsförsäljning,Kalmar,35000,SE,News (Regional),Regional consumer,B2C,Regional,Print + Digital,Medium,circulation-reported,https://www.barometern.se,VERIFIED
SE,Borås Tidning,Dagstidning,Regional,Daglig,Gota Media,Borås Tidning,Gota Media Annonsförsäljning,Borås,38000,SE,News (Regional),Regional consumer,B2C,Regional,Print + Digital,Medium,circulation-reported,https://www.bt.se,VERIFIED
SE,Smålandsposten,Dagstidning,Regional,Daglig,Gota Media,Smålandsposten,Gota Media Annonsförsäljning,Växjö,30000,SE,News (Regional),Regional consumer,B2C,Regional,Print + Digital,Medium,circulation-reported,https://www.smp.se,VERIFIED
SE,Blekinge Läns Tidning,Dagstidning,Regional,Daglig,Gota Media,BLT,Gota Media Annonsförsäljning,Karlskrona,19000,SE,News (Regional),Regional consumer,B2C,Regional,Print + Digital,Medium,circulation-reported,https://www.blt.se,VERIFIED
SE,Sydöstran,Dagstidning,Regional,Daglig,Gota Media,Sydöstran,Gota Media Annonsförsäljning,Karlskrona,,SE,News (Regional),Regional consumer,B2C,Regional,Print + Digital,Medium,,https://www.sydostran.se,VERIFIED
SE,Kristianstadsbladet,Dagstidning,Regional,Daglig,Gota Media,Kristianstadsbladet,Gota Media Annonsförsäljning,Kristianstad,21000,SE,News (Regional),Regional consumer,B2C,Regional,Print + Digital,Medium,circulation-reported,https://www.kristianstadsbladet.se,VERIFIED
SE,Trelleborgs Allehanda,Dagstidning,Regional,Daglig,Gota Media,Trelleborgs Allehanda,Gota Media Annonsförsäljning,Trelleborg,12000,SE,News (Regional),Regional consumer,B2C,Regional,Print + Digital,Medium,circulation-reported,https://www.trelleborgsallehanda.se,VERIFIED
SE,Ystads Allehanda,Dagstidning,Regional,Daglig,Gota Media,Ystads Allehanda,Gota Media Annonsförsäljning,Ystad,17000,SE,News (Regional),Regional consumer,B2C,Regional,Print + Digital,Medium,circulation-reported,https://www.ystadsallehanda.se,VERIFIED
SE,Smålands-Tidningen,Dagstidning,Lokal,Daglig,Gota Media,Smålands-Tidningen,Gota Media Annonsförsäljning,Eksjö,,SE,News (Local),Regional consumer,B2C,Local,Print + Digital,Medium,,https://www.smt.se,VERIFIED
SE,Vetlanda-Posten,Dagstidning,Lokal,Daglig,Gota Media,Vetlanda-Posten,Gota Media Annonsförsäljning,Vetlanda,,SE,News (Local),Regional consumer,B2C,Local,Print + Digital,Medium,,https://www.vetlandaposten.se,VERIFIED
SE,Tranås Tidning,Dagstidning,Lokal,Flere ganger ukentlig,Gota Media,Tranås Tidning,Gota Media Annonsförsäljning,Tranås,,SE,News (Local),Regional consumer,B2C,Local,Print + Digital,Medium,,https://www.tranastidning.se,VERIFIED
SE,Värnamo Nyheter,Dagstidning,Lokal,Daglig,Gota Media,Värnamo Nyheter,Gota Media Annonsförsäljning,Värnamo,,SE,News (Local),Regional consumer,B2C,Local,Print + Digital,Medium,,https://www.vn.se,VERIFIED
SE,Östra Småland,Dagstidning,Regional,Daglig,Gota Media,Östra Småland,Gota Media Annonsförsäljning,Kalmar,,SE,News (Regional),Regional consumer,B2C,Regional,Print + Digital,Medium,,https://www.barometern.se,VERIFIED
SE,Nybro Tidning,Dagstidning,Lokal,Flere ganger ukentlig,Gota Media,Nybro Tidning,Gota Media Annonsförsäljning,Nybro,,SE,News (Local),Regional consumer,B2C,Local,Print + Digital,Medium,,https://www.barometern.se/nybro,VERIFIED
SE,Göteborgs-Posten,Dagstidning,Regional,Daglig,Polaris Media,GP,Polaris Media Sverige Annons,Göteborg,120000,SE,News (Regional),Regional consumer,B2C,Regional,Print + Digital,Medium,"circulation-reported, high-circulation",https://www.gp.se,VERIFIED
SE,TTELA,Dagstidning,Regional,Daglig,Polaris Media,TTELA,Polaris Media Sverige Annons,Trollhättan/Vänersborg,17000,SE,News (Regional),Regional consumer,B2C,Regional,Print + Digital,Medium,circulation-reported,https://www.ttela.se,VERIFIED
SE,Hallands Nyheter,Dagstidning,Regional,Daglig,Polaris Media,HN,Polaris Media Sverige Annons,Falkenberg,22000,SE,News (Regional),Regional consumer,B2C,Regional,Print + Digital,Medium,circulation-reported,https://www.hn.se,VERIFIED
SE,Hallandsposten,Dagstidning,Regional,Daglig,Polaris Media,HP,Polaris Media Sverige Annons,Halmstad,23000,SE,News (Regional),Regional consumer,B2C,Regional,Print + Digital,Medium,circulation-reported,https://www.hallandsposten.se,VERIFIED
SE,Bohusläningen,Dagstidning,Regional,Daglig,Polaris Media,Bohusläningen,Polaris Media Sverige Annons,Uddevalla,23000,SE,News (Regional),Regional consumer,B2C,Regional,Print + Digital,Medium,circulation-reported,https://www.bohuslaningen.se,VERIFIED
SE,Strömstads Tidning,Dagstidning,Lokal,Daglig,Polaris Media,ST,Polaris Media Sverige Annons,Strömstad,,SE,News (Local),Regional consumer,B2C,Local,Print + Digital,Medium,,https://www.stromstadstidning.se,VERIFIED
SE,Lokaltidningen Stenungsund,Gratistidning,Lokal,Ukentlig,Polaris Media,Stenungsund,Polaris Media Sverige Annons,,,SE,News (Local),Regional consumer,B2C,Local,Print + Digital,Medium,free-distribution,https://www.lokaltidningen.se,VERIFIED
SE,Nya Wermlands-Tidningen,Dagstidning,Regional,Daglig,NWT-koncernen,NWT,NWT Annonsförsäljning,Karlstad,38000,SE,News (Regional),Regional consumer,B2C,Regional,Print + Digital,Medium,circulation-reported,https://www.nwt.se,VERIFIED
SE,Karlstads-Tidningen,Dagstidning,Regional,Daglig,NWT-koncernen,KT,NWT Annonsförsäljning,Karlstad,,SE,News (Regional),Regional consumer,B2C,Regional,Print + Digital,Medium,,https://www.nwt.se,VERIFIED
SE,Värmlands Folkblad,Dagstidning,Regional,Daglig,NWT-koncernen,VF,NWT Annonsförsäljning,"Karlstad, sosialdemokrat",15000,SE,News (Regional),Regional consumer,B2C,Regional,Print + Digital,Medium,"circulation-reported, social-democratic",https://www.vf.se,VERIFIED
SE,Filipstads Tidning,Dagstidning,Lokal,Flere ganger ukentlig,NWT-koncernen,FT,NWT Annonsförsäljning,Filipstad,,SE,News (Local),Regional consumer,B2C,Local,Print + Digital,Medium,,https://www.nwt.se,VERIFIED
SE,Säffle-Tidningen,Dagstidning,Lokal,Flere ganger ukentlig,NWT-koncernen,SäT,NWT Annonsförsäljning,Säffle,,SE,News (Local),Regional consumer,B2C,Local,Print + Digital,Medium,,https://www.nwt.se,VERIFIED
SE,Arvika Nyheter,Dagstidning,Lokal,Flere ganger ukentlig,NWT-koncernen,AN,NWT Annonsförsäljning,Arvika,,SE,News (Local),Regional consumer,B2C,Local,Print + Digital,Medium,,https://www.arvikanyheter.se,VERIFIED
SE,Provinstidningen Dalsland,Dagstidning,Lokal,Flere ganger ukentlig,NWT-koncernen,PD,NWT Annonsförsäljning,Mellerud,,SE,News (Local),Regional consumer,B2C,Local,Print + Digital,Medium,,https://www.nwt.se,VERIFIED
SE,Mariestads-Tidningen,Dagstidning,Lokal,Daglig,NWT-koncernen,MT,NWT Annonsförsäljning,Mariestad,,SE,News (Local),Regional consumer,B2C,Local,Print + Digital,Medium,,https://www.mariestadstidningen.se,VERIFIED
SE,Skaraborgs Allehanda,Dagstidning,Regional,Daglig,NWT-koncernen,SLA,NWT Annonsförsäljning,Skövde,22000,SE,News (Regional),Regional consumer,B2C,Regional,Print + Digital,Medium,circulation-reported,https://www.sla.se,VERIFIED
SE,Falköpings Tidning,Dagstidning,Lokal,Daglig,NWT-koncernen,FT,NWT Annonsförsäljning,Falköping,,SE,News (Local),Regional consumer,B2C,Local,Print + Digital,Medium,,https://falkopingstidning.se,VERIFIED
SE,Skaraborgs Läns Tidning,Dagstidning,Lokal,Daglig,NWT-koncernen,SLT,NWT Annonsförsäljning,Skara,,SE,News (Local),Regional consumer,B2C,Local,Print + Digital,Medium,,https://www.skaraborgslanstidning.se,VERIFIED
SE,Nya Lidköpings-Tidningen,Dagstidning,Lokal,Daglig,NWT-koncernen,NLT,NWT Annonsförsäljning,Lidköping,,SE,News (Local),Regional consumer,B2C,Local,Print + Digital,Medium,,https://www.nlt.se,VERIFIED
SE,Norrköpings Tidningar,Dagstidning,Regional,Daglig,NTM,NT,NTM Annonsförsäljning,Norrköping,41000,SE,News (Regional),Regional consumer,B2C,Regional,Print + Digital,Medium,circulation-reported,https://www.nt.se,VERIFIED
SE,Folkbladet,Dagstidning,Regional,Daglig,NTM,Folkbladet,NTM Annonsförsäljning,Norrköping,,SE,News (Regional),Regional consumer,B2C,Regional,Print + Digital,Medium,,https://www.folkbladet.nu,VERIFIED
SE,Östgöta Correspondenten,Dagstidning,Regional,Daglig,NTM,Corren,NTM Annonsförsäljning,Linköping,47000,SE,News (Regional),Regional consumer,B2C,Regional,Print + Digital,Medium,circulation-reported,https://www.corren.se,VERIFIED
SE,Motala Vadstena Tidning,Dagstidning,Lokal,Daglig,NTM,MVT,NTM Annonsförsäljning,Motala,13000,SE,News (Local),Regional consumer,B2C,Local,Print + Digital,Medium,circulation-reported,https://www.mvt.se,VERIFIED
SE,Vimmerby Tidning,Dagstidning,Lokal,Daglig,NTM,Vimmerby Tidning,NTM Annonsförsäljning,Vimmerby,,SE,News (Local),Regional consumer,B2C,Local,Print + Digital,Medium,,https://www.vimmerbytidning.se,VERIFIED
SE,Västerviks-Tidningen,Dagstidning,Lokal,Daglig,NTM,VT,NTM Annonsförsäljning,Västervik,12000,SE,News (Local),Regional consumer,B2C,Local,Print + Digital,Medium,circulation-reported,https://www.vt.se,VERIFIED
SE,Hultsfreds-Tidningen,Dagstidning,Lokal,Flere ganger ukentlig,NTM,HT,NTM Annonsförsäljning,Hultsfred,,SE,News (Local),Regional consumer,B2C,Local,Print + Digital,Medium,,https://www.barometern.se,VERIFIED
SE,Jönköpings-Posten,Dagstidning,Regional,Daglig,Hall Media (NTM),JP,NTM Annonsförsäljning,Jönköping,28000,SE,News (Regional),Regional consumer,B2C,Regional,Print + Digital,Medium,circulation-reported,https://www.jp.se,VERIFIED
SE,Smålands Dagblad,Dagstidning,Lokal,Daglig,Hall Media (NTM),SmD,NTM Annonsförsäljning,Jönköping,,SE,News (Local),Regional consumer,B2C,Local,Print + Digital,Medium,,https://www.smt.se,VERIFIED
SE,Västerbottens-Kuriren,Dagstidning,Regional,Daglig,VK Media,VK,VK Media Annonsförsäljning,Umeå,35000,SE,News (Regional),Regional consumer,B2C,Regional,Print + Digital,Medium,circulation-reported,https://www.vk.se,VERIFIED
SE,Västerbottens Folkblad,Dagstidning,Regional,Daglig,VK Media,VF,VK Media Annonsförsäljning,"Umeå, sosialdemokrat",,SE,News (Regional),Regional consumer,B2C,Regional,Print + Digital,Medium,social-democratic,https://www.folkbladet.nu,VERIFIED
SE,Norran,Dagstidning,Regional,Daglig,VK Media,Norran,VK Media Annonsförsäljning,Skellefteå,16000,SE,News (Regional),Regional consumer,B2C,Regional,Print + Digital,Medium,circulation-reported,https://norran.se,VERIFIED
SE,Norrbottens-Kuriren,Dagstidning,Regional,Daglig,Norrbottens-Kuriren AB,NK,Direkte hos utgivare,"Luleå, oberoende",13000,SE,News (Regional),Regional consumer,B2C,Regional,Print + Digital,Medium,circulation-reported,https://www.kuriren.nu,VERIFIED
SE,Norrländska Socialdemokraten,Dagstidning,Regional,Daglig,NSD AB,NSD,Direkte hos utgivare,"Luleå, sosialdemokrat",19000,SE,News (Regional),Regional consumer,B2C,Regional,Print + Digital,Medium,"circulation-reported, social-democratic",https://www.nsd.se,VERIFIED
SE,Haparandabladet,Dagstidning,Lokal,Ukentlig,Haparandabladet AB,HB,Direkte hos utgivare,"Haparanda, tvåspråkig",,SE,News (Local),Regional consumer,B2C,Local,Print + Digital,Medium,,https://www.haparandabladet.se,VERIFIED
SE,Piteå-Tidningen,Dagstidning,Lokal,Flere ganger ukentlig,Piteå-Tidningen,PT,Direkte hos utgivare,Piteå,,SE,News (Local),Regional consumer,B2C,Local,Print + Digital,Medium,,https://www.pt.se,VERIFIED
SE,Norra Västerbotten,Dagstidning,Regional,Daglig,Norra Västerbotten,NV,Direkte hos utgivare,Skellefteå,,SE,News (Regional),Regional consumer,B2C,Regional,Print + Digital,Medium,,https://www.norran.se,VERIFIED
SE,Kuriren,Dagstidning,Lokal,Daglig,Selvstendig,Kuriren,Direkte hos utgivare,Pajala,,SE,News (Local),Regional consumer,B2C,Local,Print + Digital,Medium,,https://www.kuriren.nu,VERIFIED
SE,Eskilstuna-Kuriren,Dagstidning,Regional,Daglig,Sörmlands Media,EK,Sörmlands Media Annons,Eskilstuna,19000,SE,News (Regional),Regional consumer,B2C,Regional,Print + Digital,Medium,circulation-reported,https://www.ekuriren.se,VERIFIED
SE,Strengnäs Tidning,Dagstidning,Lokal,Flere ganger ukentlig,Sörmlands Media,ST,Sörmlands Media Annons,Strängnäs,,SE,News (Local),Regional consumer,B2C,Local,Print + Digital,Medium,,https://www.eposten.se,VERIFIED
SE,Folket,Dagstidning,Regional,Daglig,Sörmlands Media,Folket,Sörmlands Media Annons,"Eskilstuna, sosialdemokrat",,SE,News (Regional),Regional consumer,B2C,Regional,Print + Digital,Medium,social-democratic,https://www.folket.se,LIKELY_OK
SE,Katrineholms-Kuriren,Dagstidning,Lokal,Daglig,Sörmlands Media,KK,Sörmlands Media Annons,Katrineholm,11000,SE,News (Local),Regional consumer,B2C,Local,Print + Digital,Medium,circulation-reported,https://www.kkuriren.se,VERIFIED
SE,Södermanlands Nyheter,Dagstidning,Regional,Daglig,Sörmlands Media,SN,Sörmlands Media Annons,Nyköping,17000,SE,News (Regional),Regional consumer,B2C,Regional,Print + Digital,Medium,circulation-reported,https://www.sn.se,VERIFIED
SE,Upsala Nya Tidning,Dagstidning,Regional,Daglig,NTM,UNT,NTM Annonsförsäljning,Uppsala,50000,SE,News (Regional),Regional consumer,B2C,Regional,Print + Digital,Medium,circulation-reported,https://www.unt.se,VERIFIED
SE,Enköpings-Posten,Dagstidning,Lokal,Daglig,NTM,EP,NTM Annonsförsäljning,Enköping,,SE,News (Local),Regional consumer,B2C,Local,Print + Digital,Medium,,https://www.eposten.se,VERIFIED
SE,Bärgslagsbladet/Arboga Tidning,Dagstidning,Lokal,Daglig,Bonnier News Local,BBL/AT,Bonnier News Brands,Arboga,,SE,News (Local),Regional consumer,B2C,Local,Print + Digital,Medium,,https://www.bblat.se,VERIFIED
SE,Nerikes Allehanda,Dagstidning,Regional,Daglig,Bonnier News Local,NA,Bonnier News Brands,Örebro,41000,SE,News (Regional),Regional consumer,B2C,Regional,Print + Digital,Medium,circulation-reported,https://www.na.se,VERIFIED
SE,Karlskoga Tidning,Dagstidning,Lokal,Flere ganger ukentlig,Bonnier News Local,KT,Bonnier News Brands,Karlskoga,,SE,News (Local),Regional consumer,B2C,Local,Print + Digital,Medium,,https://www.karlskogatidning.se,VERIFIED
SE,Nora Tidning,Dagstidning,Lokal,Flere ganger ukentlig,Bonnier News Local,NT,Bonnier News Brands,Nora,,SE,News (Local),Regional consumer,B2C,Local,Print + Digital,Medium,,https://www.nora.se,UNVERIFIED
SE,Bergslagsposten,Dagstidning,Lokal,Flere ganger ukentlig,Bonnier News Local,BP,Bonnier News Brands,Lindesberg,,SE,News (Local),Regional consumer,B2C,Local,Print + Digital,Medium,,https://www.bergslagsposten.se,VERIFIED
SE,Gotlands Allehanda,Dagstidning,Regional,Daglig,Gotlands Media,GA,Gotlands Media Annons,Visby,,SE,News (Regional),Regional consumer,B2C,Regional,Print + Digital,Medium,,https://www.helagotland.se,VERIFIED
SE,Gotlands Tidningar,Dagstidning,Regional,Daglig,Gotlands Media,GT,Gotlands Media Annons,Visby,,SE,News (Regional),Regional consumer,B2C,Regional,Print + Digital,Medium,,https://www.helagotland.se,VERIFIED
SE,Smålänningen,Dagstidning,Lokal,Daglig,Smålänningen AB,Smålänningen,Direkte hos utgivare,Ljungby,,SE,News (Local),Regional consumer,B2C,Local,Print + Digital,Medium,,https://www.smalanningen.se,VERIFIED
SE,Norra Skåne,Dagstidning,Regional,Daglig,Norra Skåne AB,Norra Skåne,Direkte hos utgivare,Hässleholm,,SE,News (Regional),Regional consumer,B2C,Regional,Print + Digital,Medium,,https://www.nsk.se,VERIFIED
SE,Lokaltidningen Skåne,Gratistidning,Regional,Ukentlig,Bonnier News Local,Lokaltidningen,Bonnier News Brands,"Skåne, flere edisjoner",,SE,News (Regional),Regional consumer,B2C,Regional,Print + Digital,Medium,free-distribution,https://www.lokaltidningen.se,LIKELY_OK
SE,Partille Tidning,Dagstidning,Lokal,Veckovis,Partille Tidning,PT,Direkte hos utgivare,Partille,,SE,News (Local),Regional consumer,B2C,Local,Print + Digital,Medium,,https://www.partilletidning.se,VERIFIED
SE,Västerbottningen,Gratistidning,Lokal,Veckovis,Selvstendig,Västerbottningen,Direkte hos utgivare,Västerbotten,,SE,News (Local),Regional consumer,B2C,Local,Print + Digital,Medium,free-distribution,https://www.vasterbottningen.se,VERIFIED
SE,Mitt i Söderort,Gratistidning,Lokal,Ukentlig,Mitt i Media,Mitt i,Mitt i Media Annons,Stockholm Söder,,SE,News (Local),Regional consumer,B2C,Local,Print + Digital,Medium,free-distribution,https://www.mitti.se,VERIFIED
SE,Mitt i Vasastan,Gratistidning,Lokal,Ukentlig,Mitt i Media,Mitt i,Mitt i Media Annons,Stockholm City,,SE,News (Local),Regional consumer,B2C,Local,Print + Digital,Medium,free-distribution,https://www.mitti.se,VERIFIED
SE,Mitt i Norrort,Gratistidning,Lokal,Ukentlig,Mitt i Media,Mitt i,Mitt i Media Annons,Stockholm Norrort,,SE,News (Local),Regional consumer,B2C,Local,Print + Digital,Medium,free-distribution,https://www.mitti.se,VERIFIED
SE,Mitt i Östermalm,Gratistidning,Lokal,Ukentlig,Mitt i Media,Mitt i,Mitt i Media Annons,Stockholm Östermalm,,SE,News (Local),Regional consumer,B2C,Local,Print + Digital,Medium,free-distribution,https://www.mitti.se,VERIFIED
SE,Mitt i Bromma,Gratistidning,Lokal,Ukentlig,Mitt i Media,Mitt i,Mitt i Media Annons,Bromma,,SE,News (Local),Regional consumer,B2C,Local,Print + Digital,Medium,free-distribution,https://www.mitti.se,VERIFIED
SE,Mitt i Solna,Gratistidning,Lokal,Ukentlig,Mitt i Media,Mitt i,Mitt i Media Annons,Solna,,SE,News (Local),Regional consumer,B2C,Local,Print + Digital,Medium,free-distribution,https://www.mitti.se,VERIFIED
SE,Mitt i Tyresö,Gratistidning,Lokal,Ukentlig,Mitt i Media,Mitt i,Mitt i Media Annons,Tyresö,,SE,News (Local),Regional consumer,B2C,Local,Print + Digital,Medium,free-distribution,https://www.mitti.se,VERIFIED
SE,Mitt i Nacka,Gratistidning,Lokal,Ukentlig,Mitt i Media,Mitt i,Mitt i Media Annons,Nacka,,SE,News (Local),Regional consumer,B2C,Local,Print + Digital,Medium,free-distribution,https://www.mitti.se,VERIFIED
SE,Mitt i Sundbyberg,Gratistidning,Lokal,Ukentlig,Mitt i Media,Mitt i,Mitt i Media Annons,Sundbyberg,,SE,News (Local),Regional consumer,B2C,Local,Print + Digital,Medium,free-distribution,https://www.mitti.se,VERIFIED
SE,Hela Hälsingland,Dagstidning,Regional,Digital,Bonnier News Local,HH,Bonnier News Brands,Hälsingland,,SE,News (Regional),Regional consumer,B2C,Regional,Digital,Medium,,https://helahalsingland.se/,LIKELY_OK
SE,Affärsvärlden,Dagstidning,Näringsliv,Digital,Bonnier Group,Bonnier News,Bonnier News Brands,Affärspress,,SE,Business & Finance,Business decision-makers,B2C,National,Digital,High,,https://www.affarsvarlden.se,VERIFIED
SE,Realtid,Dagstidning,Näringsliv,Digital,Realtid Media,Realtid,Direkte hos utgivare,Affärspress,,SE,Business & Finance,Business decision-makers,B2C,National,Digital,High,,https://www.realtid.se,VERIFIED
SE,Dagens Industri Weekend,Magasin,Näringsliv,Veckovis,Bonnier Group,Bonnier News,Bonnier News Brands,Helgmagasin,,SE,Business & Finance,Business decision-makers,B2C,National,Print + Digital,High,,https://www.di.se/weekend,LIKELY_OK
SE,Breakit,Dagstidning,Tech/näringsliv,Digital,Bonnier News,Breakit,Bonnier News Brands,Startups,,SE,Business & Finance,Business decision-makers,B2C,National,Digital,High,,https://www.breakit.se,VERIFIED
SE,Di Digital,Dagstidning,Tech/näringsliv,Digital,Bonnier Group,Bonnier News,Bonnier News Brands,DI Digital-segment,,SE,Business & Finance,Business decision-makers,B2C,National,Digital,High,,https://www.di.se/digital,LIKELY_OK
SE,Fokus,Magasin,Aktualitet,Veckovis,Bonnier Group,Bonnier News,Bonnier News Brands,Nyhetsmagasin,11000,SE,Politics & Current Affairs,Politically engaged adults,B2C,National,Print + Digital,Medium,circulation-reported,https://www.fokus.se,VERIFIED
SE,Resumé,Fackpress,Reklam/medier,Veckovis,Bonnier Group,Bonnier Business,Bonnier News Brands,Reklambranschen,,SE,B2B – Marketing & Media,Marketing & media pros,B2B,National,Print + Digital,High,,https://www.resume.se,LIKELY_OK
SE,Dagens Media,Fackpress,Reklam/medier,Veckovis,Bonnier Group,Bonnier Business,Bonnier News Brands,Reklambranschen,,SE,B2B – Marketing & Media,Marketing & media pros,B2B,National,Print + Digital,High,,https://www.dagensmedia.se,LIKELY_OK
SE,Computer Sweden,Fackpress,IT,2x/uke,International Data Group,IDG,IDG Sales,IT-bransjen,,SE,B2B – IT & Tech,IT professionals,B2B,National,Print + Digital,High,,https://computersweden.idg.se,VERIFIED
SE,Hufvudstadsbladet,Dagstidning,Riks,Daglig,KSF Media,HBL,KSF Media,Svenskspr. i Finland,,SE,News (National),General consumer,B2C,National,Print + Digital,High,,https://www.hbl.fi,VERIFIED
SE,Omni,Dagstidning,Riks,Digital,Schibsted,Omni,Schibsted Marketing Services (SMS),Nyhetsapp,,SE,News (National),General consumer,B2C,National,Digital,High,,https://omni.se,LIKELY_OK
SE,Omni Ekonomi,Dagstidning,Näringsliv,Digital,Schibsted,Omni,Schibsted Marketing Services (SMS),Næringsliv,,SE,Business & Finance,Business decision-makers,B2C,National,Digital,High,,https://omni.se/ekonomi,LIKELY_OK
SE,Klart.se,Webbtidning,Vær,Digital,Schibsted,Klart,Schibsted Marketing Services (SMS),Vær,,SE,News (General),General consumer,B2C,National,Digital,High,digital-only,https://www.klart.se,LIKELY_OK
SE,TV.nu,Webbtidning,TV-guide,Digital,Schibsted,TV.nu,Schibsted Marketing Services (SMS),,,SE,TV & Listings,General consumer,B2C,National,Digital,High,digital-only,https://www.tv.nu,LIKELY_OK
SE,Blocket,Webbtidning,Annonsplattform,Digital,Schibsted,Blocket,Schibsted Marketing Services (SMS),Køp/salg,,SE,News (General),General consumer,B2C,National,Digital,High,digital-only,https://www.blocket.se,LIKELY_OK
SE,Damernas Värld,Magasin,Mode/livsstil,Månedlig,Bonnier Group,Bonnier Magazines & Brands,Bonnier News Brands,Fra 1939,95000,SE,Fashion,Fashion-engaged women 18-49,B2C,National,Print + Digital,High,circulation-reported,https://www.damernasvarld.se,LIKELY_OK
SE,Teknikens Värld,Magasin,Bil/motor,26x/år,Bonnier Group,Bonnier Magazines & Brands,Bonnier News Brands,Fra 1948,80000,SE,Auto & Motor,General consumer,B2C,National,Print + Digital,High,circulation-reported,https://www.teknikensvarld.se,LIKELY_OK
SE,Allt i Hemmet,Magasin,Bolig/interiør,Månedlig,Bonnier Group,Bonnier Magazines & Brands,Bonnier News Brands,Fra 1956,80000,SE,Home & Interior,General consumer,B2C,National,Print + Digital,High,circulation-reported,https://www.alltihemmet.se,VERIFIED
SE,Allt om Mat,Magasin,Mat,Månedlig,Bonnier Group,Bonnier Magazines & Brands,Bonnier News Brands,Største mat-tidskrift,130000,SE,Food & Drink,General consumer,B2C,National,Print + Digital,High,"circulation-reported, high-circulation",https://www.alltommat.se,LIKELY_OK
SE,Sköna Hem,Magasin,Bolig/interiør,Månedlig,Bonnier Group,Bonnier Magazines & Brands,Bonnier News Brands,Største inredningstidskrift,110000,SE,Home & Interior,General consumer,B2C,National,Print + Digital,High,"circulation-reported, high-circulation",https://www.skonahem.com,LIKELY_OK
SE,Allt om Trädgård,Magasin,Hage,Månedlig,Bonnier Group,Bonnier Magazines & Brands,Bonnier News Brands,Fra 1993,90000,SE,Garden,General consumer,B2C,National,Print + Digital,High,circulation-reported,https://www.alltomtradgard.se,LIKELY_OK
SE,Amelia,Magasin,Kvinne/livsstil,Annenhver uke,Bonnier Group,Bonnier Magazines & Brands,Bonnier News Brands,Fra 1995,95000,SE,Women's Lifestyle,Women 25-54,B2C,National,Print + Digital,High,circulation-reported,https://www.amelia.se,LIKELY_OK
SE,Gods & Gårdar,Magasin,Bolig/landsbygd,Månedlig,Bonnier Group,Bonnier Magazines & Brands,Bonnier News Brands,Fra 1996,70000,SE,Home & Interior,Affluent 35+ (luxury),B2C,National,Print + Digital,High,circulation-reported,https://www.godsochgardar.se,VERIFIED
SE,Hembakat,Magasin,Mat/baking,8x/år,Bonnier Group,Bonnier Magazines & Brands,Bonnier News Brands,Fra 1996,50000,SE,Food & Drink,General consumer,B2C,National,Print + Digital,High,circulation-reported,https://www.hembakat.com,LIKELY_OK
SE,Lantliv,Magasin,Landliv,Månedlig,Bonnier Group,Bonnier Magazines & Brands,Bonnier News Brands,Fra 1999,60000,SE,Outdoor & Adventure,Country lifestyle readers,B2C,National,Print + Digital,Medium,circulation-reported,https://www.lantliv.com,VERIFIED
SE,Tara,Magasin,Kvinne 35+,Månedlig,Bonnier Group,Bonnier Magazines & Brands,Bonnier News Brands,Fra 2000,45000,SE,Celebrity & Gossip,Celebrity & royal followers,B2C,National,Print + Digital,Medium,circulation-reported,https://www.tara.se,LIKELY_OK
SE,Gård & Torp,Magasin,Bolig/landsbygd,Månedlig,Bonnier Group,Bonnier Magazines & Brands,Bonnier News Brands,Fra 2003,75000,SE,Home & Interior,General consumer,B2C,National,Print + Digital,High,circulation-reported,https://www.gardochtorp.se,VERIFIED
SE,Mama,Magasin,Foreldre/barn,Månedlig,Bonnier Group,Bonnier Magazines & Brands,Bonnier News Brands,Fra 2003,50000,SE,Family & Parenting,General consumer,B2C,National,Print + Digital,Medium,circulation-reported,https://www.mama.nu,LIKELY_OK
SE,Hem & Antik,Magasin,Antikviteter,6x/år,Bonnier Group,Bonnier Magazines & Brands,Bonnier News Brands,Fra 2004,40000,SE,Antiques & Collecting,Antiques collectors,B2C,National,Print + Digital,High,circulation-reported,https://www.hemochantik.se,VERIFIED
SE,M-magasin,Magasin,Kvinne 45+,Månedlig,Bonnier Group,Bonnier Magazines & Brands,Bonnier News Brands,Fra 2006,100000,SE,Seniors 55+,Adults 55+,B2C,National,Print + Digital,Medium,"circulation-reported, high-circulation",https://www.m-magasin.se,VERIFIED
SE,Styleby,Magasin,Mode,Periodisk,Bonnier Group,Bonnier Magazines & Brands,Bonnier News Brands,Fra 2011,,SE,Fashion,Fashion-engaged women 18-49,B2C,National,Print + Digital,Medium,,https://www.styleby.se,VERIFIED
SE,Sköna Hem Mini,Magasin,Bolig,Periodisk,Bonnier Group,Bonnier Magazines & Brands,Bonnier News Brands,,,SE,Home & Interior,General consumer,B2C,National,Print + Digital,High,,https://www.skonahem.com,LIKELY_OK
SE,Allt om Resor,Magasin,Reise,8x/år,Bonnier Group,Bonnier Magazines & Brands,Bonnier News Brands,,,SE,Travel,General consumer,B2C,National,Print + Digital,High,,https://www.alltomresor.se,LIKELY_OK
SE,Hälsoliv,Magasin,Helse/livsstil,Månedlig,Bonnier Group,Bonnier Magazines & Brands,Bonnier News Brands,Expressen Lifestyle,,SE,Health & Fitness,General consumer,B2C,National,Print + Digital,Medium,,https://www.halsoliv.se,LIKELY_OK
SE,Leva & Bo,Magasin,Bolig,Månedlig,Bonnier Group,Bonnier Magazines & Brands,Bonnier News Brands,Expressen Lifestyle,,SE,Home & Interior,General consumer,B2C,National,Print + Digital,High,,https://www.levaochbo.se,LIKELY_OK
SE,Illustrerad Vetenskap,Magasin,Vitenskap,Månedlig,Bonnier Publications,Bonnier Publications,Bonnier News Brands,Nordens størst vit.magasin,75000,SE,Science,General consumer,B2C,National,Print + Digital,High,circulation-reported,https://illvet.se,VERIFIED
SE,Illustrerad Vetenskap Historia,Magasin,Historie,Månedlig,Bonnier Publications,Bonnier Publications,Bonnier News Brands,,,SE,Science,General consumer,B2C,National,Print + Digital,High,,https://www.varldenshistoria.se,VERIFIED
SE,Världens Historia,Magasin,Historie,Månedlig,Bonnier Publications,Bonnier Publications,Bonnier News Brands,,,SE,History,General consumer,B2C,National,Print + Digital,High,,https://www.varldenshistoria.se,VERIFIED
SE,National Geographic Sverige,Magasin,Geografi/natur,Månedlig,Bonnier Publications,Bonnier Publications,Bonnier News Brands,,50000,SE,Science,General consumer,B2C,National,Print + Digital,High,circulation-reported,https://natgeo.se,LIKELY_OK
SE,Aktiv Träning,Magasin,Trening,11x/år,Bonnier Publications,Bonnier Publications,Bonnier News Brands,,35000,SE,Health & Fitness,General consumer,B2C,National,Print + Digital,High,circulation-reported,https://www.aktivtraning.se,VERIFIED
SE,I Form,Magasin,Helse/trening,11x/år,Bonnier Publications,Bonnier Publications,Bonnier News Brands,,65000,SE,Health & Fitness,General consumer,B2C,National,Print + Digital,High,circulation-reported,https://www.iform.se,VERIFIED
SE,Gör Det Själv,Magasin,DIY/bolig,Månedlig,Bonnier Publications,Bonnier Publications,Bonnier News Brands,,,SE,Home & Interior,General consumer,B2C,National,Print + Digital,High,,https://www.gds.se,VERIFIED
SE,Digitalfoto för Alla,Magasin,Foto,Månedlig,Bonnier Publications,Bonnier Publications,Bonnier News Brands,,,SE,Photography,General consumer,B2C,National,Print + Digital,High,,https://digitalfotoforalla.se,VERIFIED
SE,PC-Tidningen,Magasin,Tech,Månedlig,Bonnier Publications,Bonnier Publications,Bonnier News Brands,,,SE,Tech & Gadgets,General consumer,B2C,National,Print + Digital,High,,https://www.pctidningen.se,VERIFIED
SE,Vi i Villa,Magasin,Bolig,8x/år,Bonnier Publications,Bonnier Publications,Bonnier News Brands,Husholdning,250000,SE,Home & Interior,General consumer,B2C,National,Print + Digital,High,"circulation-reported, high-circulation",https://www.viivilla.se,VERIFIED
SE,ELLE Sverige,Magasin,Mote,Månedlig,Aller Media,Aller Media,Aller Media Annonsförsäljning,Markedsleder mote,70000,SE,Fashion,Fashion-engaged women 18-49,B2C,National,Print + Digital,High,circulation-reported,https://www.elle.se,VERIFIED
SE,ELLE Decoration,Magasin,Interiør,8x/år,Aller Media,Aller Media,Aller Media Annonsförsäljning,,35000,SE,Home & Interior,Affluent 35+ (luxury),B2C,National,Print + Digital,High,circulation-reported,https://www.elledecoration.se,VERIFIED
SE,ELLE Mat & Vin,Magasin,Mat/vin,6x/år,Aller Media,Aller Media,Aller Media Annonsförsäljning,,,SE,Fashion,Fashion-engaged women 18-49,B2C,National,Print + Digital,High,,https://www.elle.se,VERIFIED
SE,Femina,Magasin,Kvinne/livsstil,Månedlig,Aller Media,Aller Media,Aller Media Annonsförsäljning,,95000,SE,Women's Lifestyle,Women 25-54,B2C,National,Print + Digital,High,circulation-reported,https://www.femina.se,VERIFIED
SE,MåBra,Magasin,Helse/livsstil,Månedlig,Aller Media,Aller Media,Aller Media Annonsförsäljning,,65000,SE,Women's Lifestyle,Women 25-54,B2C,National,Print + Digital,High,circulation-reported,https://www.mabra.com,VERIFIED
SE,Allers,Magasin,Familie,Ukentlig,Aller Media,Aller Media,Aller Media Annonsförsäljning,Klassisk ukeblad,130000,SE,Celebrity & Gossip,Celebrity & royal followers,B2C,National,Print + Digital,Medium,"circulation-reported, high-circulation",https://www.allers.se,LIKELY_OK
SE,Allas,Magasin,Underhållning,Ukentlig,Aller Media,Aller Media,Aller Media Annonsförsäljning,,90000,SE,Women's Lifestyle,General consumer,B2C,National,Print + Digital,Medium,circulation-reported,https://www.allas.se,LIKELY_OK
SE,Hemmets Veckotidning,Magasin,Familie,Ukentlig,Aller Media,Aller Media,Aller Media Annonsförsäljning,,100000,SE,Family & Parenting,Families with children,B2C,National,Print + Digital,Medium,"circulation-reported, high-circulation",https://www.hemmetsveckotidning.se,LIKELY_OK
SE,Hänt i Veckan,Magasin,Kjendis,Ukentlig,Aller Media,Aller Media,Aller Media Annonsförsäljning,,100000,SE,Celebrity & Gossip,General consumer,B2C,National,Print + Digital,Medium,"circulation-reported, high-circulation",https://www.hant.se,VERIFIED
SE,Hänt Extra,Magasin,Kjendis,Ukentlig,Aller Media,Aller Media,Aller Media Annonsförsäljning,Fra 1986,120000,SE,Celebrity & Gossip,General consumer,B2C,National,Print + Digital,Medium,"circulation-reported, high-circulation",https://www.hant.se,VERIFIED
SE,Året Runt,Magasin,Familie,Ukentlig,Aller Media,Aller Media,Aller Media Annonsförsäljning,,110000,SE,Family & Parenting,Families with children,B2C,National,Print + Digital,Medium,"circulation-reported, high-circulation",https://www.aretrunt.se,LIKELY_OK
SE,Svensk Damtidning,Magasin,Kongelige/kjendis,Ukentlig,Aller Media,Aller Media,Aller Media Annonsförsäljning,Fokus på kongehus,95000,SE,Women's Lifestyle,Women 25-54,B2C,National,Print + Digital,High,circulation-reported,https://www.svenskdam.se,VERIFIED
SE,Residence,Magasin,Bolig/livsstil,8x/år,Aller Media,Aller Media,Aller Media Annonsförsäljning,Luksus,50000,SE,Home & Interior,General consumer,B2C,National,Print + Digital,High,circulation-reported,https://www.residencemagazine.se,VERIFIED
SE,Antik & Auktion,Magasin,Antikviteter,Månedlig,Aller Media,Aller Media,Aller Media Annonsförsäljning,,,SE,Antiques & Collecting,General consumer,B2C,National,Print + Digital,High,,https://www.antikvarlden.se,LIKELY_OK
SE,Matmagasinet,Magasin,Mat,Månedlig,Aller Media,Aller Media,Aller Media Annonsförsäljning,,60000,SE,Food & Drink,General consumer,B2C,National,Print + Digital,Medium,circulation-reported,https://www.matmagasinet.se,LIKELY_OK
SE,Motherhood,Magasin,Foreldre/barn,6x/år,Aller Media,Aller Media,Aller Media Annonsförsäljning,,,SE,Children & Kids,General consumer,B2C,National,Print + Digital,Medium,,https://www.motherhood.se,VERIFIED
SE,Veckans NU!,Magasin,Underhållning,Ukentlig,Aller Media,Aller Media,Aller Media Annonsförsäljning,,75000,SE,Women's Lifestyle,Women 25-54,B2C,National,Print + Digital,High,circulation-reported,https://www.aller.se,VERIFIED
SE,TV-Guiden,Magasin,TV-guide,Ukentlig,Aller Media,Aller Media,Aller Media Annonsförsäljning,,,SE,TV & Listings,General consumer,B2C,National,Print + Digital,Low,,https://www.tv.nu,LIKELY_OK
SE,Veteranen,Magasin,Pensjon/livsstil,Månedlig,SPF Seniorerna,SPF,Direkte hos utgivare,Største medlemstidning 50+,250000,SE,Seniors 55+,Adults 55+,B2C,National,Print + Digital,Medium,"circulation-reported, high-circulation",https://www.spfseniorerna.se,LIKELY_OK
SE,Hus & Hem,Magasin,Bolig,Månedlig,Egmont Publishing,Egmont,Egmont Publishing Annons,Egmont SE,,SE,Home & Interior,General consumer,B2C,National,Print + Digital,High,,https://www.husohem.se,VERIFIED
SE,Bamse,Magasin,Barnetidning,Annenhver uke,Egmont Publishing,Egmont,Egmont Publishing Annons,Klassisk svensk barnetidning,65000,SE,Children & Kids,Children (3-12),B2C,National,Print + Digital,Low,circulation-reported,https://www.bamse.se,VERIFIED
SE,Kalle Anka & Co,Magasin,Tegneserie,Ukentlig,Egmont Publishing,Egmont,Egmont Publishing Annons,Donald Duck SE,60000,SE,Children & Kids,Children (3-12),B2C,National,Print + Digital,Low,circulation-reported,https://www.kalleanka.se,VERIFIED
SE,Min Häst,Magasin,Hest/barn,Månedlig,Egmont Publishing,Egmont,Egmont Publishing Annons,,,SE,Sports – Equestrian,Children (3-12),B2C,National,Print + Digital,High,,https://www.minhast.se,VERIFIED
SE,Disneymagasinet,Magasin,Barnetidning,Månedlig,Egmont Publishing,Egmont,Egmont Publishing Annons,,,SE,Children & Kids,Children (3-12),B2C,National,Print + Digital,Medium,,https://www.disney.se,LIKELY_OK
SE,Land Lantbruk,Fackpress,Landbruk,Ukentlig,LRF Media,LRF,LRF Media Annonsförsäljning,Landbruk,35000,SE,B2B – Agriculture,Farmers,B2B,National,Print + Digital,High,circulation-reported,https://www.landlantbruk.se,VERIFIED
SE,Land Skogsbruk,Fackpress,Skogbruk,Periodisk,LRF Media,LRF,LRF Media Annonsförsäljning,,,SE,B2B – Agriculture,Farmers,B2B,National,Print + Digital,High,,https://www.landskogsbruk.se,VERIFIED
SE,Land,Magasin,Lantliv,Ukentlig,LRF Media,LRF,LRF Media Annonsförsäljning,Almenn,110000,SE,Outdoor & Adventure,Country lifestyle readers,B2C,National,Print + Digital,Medium,"circulation-reported, high-circulation",https://www.land.se,VERIFIED
SE,Skogsaktuellt,Fackpress,Skogbruk,Periodisk,LRF Media,LRF,LRF Media Annonsförsäljning,,,SE,B2B – Agriculture,Farmers,B2B,National,Print + Digital,High,,https://www.skogsaktuellt.se,LIKELY_OK
SE,Jordbruksaktuellt,Fackpress,Landbruk,Periodisk,LRF Media,LRF,LRF Media Annonsförsäljning,,,SE,B2B – Agriculture,Farmers,B2B,National,Print + Digital,High,,https://www.ja.se,LIKELY_OK
SE,Lantmannen,Fackpress,Landbruk,Månedlig,LRF Media,LRF,LRF Media Annonsförsäljning,,,SE,B2B – Agriculture,Farmers,B2B,National,Print + Digital,High,,https://www.lantmannen.se,VERIFIED
SE,ATL,Fackpress,Landbruk,Ukentlig,LRF Media,LRF,LRF Media Annonsförsäljning,Lantbrukets Affärstidning,28000,SE,B2B – Agriculture,Farmers,B2B,National,Print + Digital,High,circulation-reported,https://www.atl.nu,VERIFIED
SE,Filter,Magasin,Aktualitet/journalistikk,6x/år,Magasinet Filter,Filter,Direkte hos utgivare,Reportasje,35000,SE,Politics & Current Affairs,Quality journalism readers,B2C,National,Print + Digital,High,circulation-reported,https://magasinetfilter.se,VERIFIED
SE,Modern Psykologi,Magasin,Psykologi,Månedlig,Selvstendig,Modern Psykologi,Direkte hos utgivare,,,SE,Health & Fitness,Psychology-interested consumers,B2C,National,Print + Digital,Medium,,https://modernpsykologi.se,VERIFIED
SE,Forskning & Framsteg,Magasin,Vitenskap,10x/år,Forskning & Framsteg,F&F,Direkte hos utgivare,Populærvitenskap,30000,SE,B2B – Education,Teachers & educators,B2C,National,Print + Digital,High,circulation-reported,https://fof.se,VERIFIED
SE,Populär Astronomi,Magasin,Astronomi,Kvartalsvis,Svenska Astronomiska Sällskapet,SAS,Direkte hos utgivare,,,SE,Science,General consumer,B2C,National,Print + Digital,High,,https://www.popularastronomi.se,VERIFIED
SE,Populär Historia,Magasin,Historie,Månedlig,LRF Media,LRF Media,LRF Media Annonsförsäljning,,,SE,History,General consumer,B2C,National,Print + Digital,High,,https://popularhistoria.se,VERIFIED
SE,Populär Arkeologi,Magasin,Arkeologi,Kvartalsvis,Populär Arkeologi AB,PA,Direkte hos utgivare,,,SE,Science,Archaeology enthusiasts,B2C,National,Print + Digital,Medium,,https://www.popularhistoria.se,VERIFIED
SE,Vagabond,Magasin,Reise,8x/år,Selvstendig,Vagabond,Direkte hos utgivare,Reisemagasin,30000,SE,Travel,General consumer,B2C,National,Print + Digital,High,circulation-reported,https://www.vagabond.se,VERIFIED
SE,RES,Magasin,Reise,8x/år,Selvstendig,RES,Direkte hos utgivare,Reisemagasin,,SE,Travel,General consumer,B2C,National,Print + Digital,High,,https://www.res.se,VERIFIED
SE,Cykling,Magasin,Sykling,6x/år,Selvstendig,Cykling,Direkte hos utgivare,,,SE,Sports – Cycling,General consumer,B2C,National,Print + Digital,Medium,,https://cykling.se,LIKELY_OK
SE,Bilsport,Magasin,Bil,Ukentlig,Förlags AB Albinsson & Sjöberg,Albinsson & Sjöberg,Direkte hos utgivare,Største bilmagasin,25000,SE,Auto & Motor,General consumer,B2C,National,Print + Digital,High,circulation-reported,https://www.bilsport.se,VERIFIED
SE,Klassiker,Magasin,Veteranbil,Månedlig,Albinsson & Sjöberg,Albinsson & Sjöberg,Direkte hos utgivare,,18000,SE,Auto & Motor,General consumer,B2C,National,Print + Digital,High,circulation-reported,https://www.klassiker.nu,VERIFIED
SE,Bil & Bostad,Magasin,Bil/bolig,Månedlig,Selvstendig,Bil & Bostad,Direkte hos utgivare,,,SE,Auto & Motor,Car enthusiasts,B2C,National,Print + Digital,High,,https://www.svd.se,LIKELY_OK
SE,Camping & Husvagn,Magasin,Camping,Månedlig,Selvstendig,Camping,Direkte hos utgivare,,,SE,Camping & Caravan,Caravan/camping enthusiasts,B2C,National,Print + Digital,Medium,,https://www.husvagnochcamping.se,VERIFIED
SE,Husbil & Husvagn,Magasin,Camping,Månedlig,Selvstendig,HH,Direkte hos utgivare,,,SE,Camping & Caravan,Caravan/camping enthusiasts,B2C,National,Print + Digital,Medium,,https://www.husbilochhusvagn.se,VERIFIED
SE,Båtliv,Magasin,Båt,8x/år,Selvstendig,Båtliv,Direkte hos utgivare,Svenska Båtunionen,,SE,Boating & Sailing,Boating enthusiasts,B2C,National,Print + Digital,High,,https://www.batliv.se,VERIFIED
SE,På Kryss,Magasin,Seiling,6x/år,Selvstendig,På Kryss,Direkte hos utgivare,,,SE,Boating & Sailing,General consumer,B2C,National,Print + Digital,High,,https://www.pakryss.se,VERIFIED
SE,Allt om Båtar,Magasin,Båt,8x/år,Selvstendig,Allt om Båtar,Direkte hos utgivare,,,SE,Boating & Sailing,Boating enthusiasts,B2C,National,Print + Digital,High,,https://www.aob.se,UNVERIFIED
SE,Jaktjournalen,Magasin,Jakt,12x/år,Selvstendig,Jaktjournalen,Direkte hos utgivare,,,SE,Hunting & Fishing,Outdoor enthusiasts (hunting/fishing),B2C,National,Print + Digital,High,,https://www.jaktjournalen.se,VERIFIED
SE,Svensk Jakt,Magasin,Jakt,Månedlig,Svenska Jägareförbundet,Jägareförbundet,Direkte hos utgivare,Største jaktmagasin,200000,SE,Hunting & Fishing,Outdoor enthusiasts (hunting/fishing),B2B,National,Print + Digital,Low,"circulation-reported, high-circulation",https://www.svenskjakt.se,VERIFIED
SE,Allt om Jakt & Vapen,Magasin,Jakt,8x/år,Selvstendig,AOJV,Direkte hos utgivare,,,SE,Hunting & Fishing,Outdoor enthusiasts (hunting/fishing),B2C,National,Print + Digital,High,,https://www.alltomjakt.se,VERIFIED
SE,Fiskejournalen,Magasin,Fiske,Månedlig,Selvstendig,Fiskejournalen,Direkte hos utgivare,,,SE,Hunting & Fishing,Outdoor enthusiasts (hunting/fishing),B2C,National,Print + Digital,High,,https://www.fiskejournalen.se,VERIFIED
SE,Sportfiske,Magasin,Sportsfiske,8x/år,Selvstendig,Sportfiske,Direkte hos utgivare,,,SE,Hunting & Fishing,General consumer,B2C,National,Print + Digital,High,,https://sportfiske.se,VERIFIED
SE,Slöjdmagasinet,Magasin,Håndverk,8x/år,Selvstendig,Slöjdmagasinet,Direkte hos utgivare,,,SE,Craft & DIY,General consumer,B2C,National,Print + Digital,Medium,,https://www.slojdmagasinet.se,VERIFIED
SE,Hemma med IKEA,Magasin,Bolig,Kvartalsvis,IKEA,IKEA,Direkte hos utgivare,IKEA-magasin,,SE,Home & Interior,General consumer,B2C,National,Print + Digital,High,,https://www.ikea.com/se,VERIFIED
SE,ICA-kuriren,Magasin,Mat/handel,Ukentlig,ICA-handlarnas Förbund,ICA,ICA Annons,ICAs medlemsblad,90000,SE,Food & Drink,General consumer,B2B,National,Print + Digital,High,circulation-reported,https://www.icakuriren.se,VERIFIED
SE,Kupé,Magasin,Reise/tog,6x/år,SJ,SJ,SJ Annonsförsäljning,Togmagasin,,SE,Travel,General consumer,B2C,National,Print + Digital,High,,https://www.sj.se/kupe,VERIFIED
SE,Buffé,Magasin,Mat,8x/år,Coop Sverige,Coop,Coop Annons,COOPs medlemsblad,1500000,SE,Food & Drink,General consumer,B2C,National,Print + Digital,High,"circulation-reported, mass-circulation",https://www.buffe.se,LIKELY_OK
SE,Mersmak,Magasin,Mat,Månedlig,Axfood,Axfood,Axfood Annonsförsäljning,Hemköp/Willys/Tempo,,SE,Food & Drink,General consumer,B2C,National,Print + Digital,High,,https://mersmak.se,VERIFIED
SE,Måltid,Magasin,Mat,Månedlig,Selvstendig,Måltid,Direkte hos utgivare,,,SE,Food & Drink,General consumer,B2C,National,Print + Digital,High,,https://www.maltid.se,VERIFIED
SE,Vinmagasinet,Magasin,Vin,6x/år,Selvstendig,Vinmagasinet,Direkte hos utgivare,,,SE,Food & Drink,General consumer,B2C,National,Print + Digital,High,,https://www.aktiebolag.se,UNVERIFIED
SE,Whisky,Magasin,Whisky/spirits,Kvartalsvis,Selvstendig,Whisky,Direkte hos utgivare,,,SE,Food & Drink,General consumer,B2C,National,Print + Digital,High,,https://www.whiskymagazine.com,UNVERIFIED
SE,Spirit,Magasin,Spirits,Periodisk,Selvstendig,Spirit,Direkte hos utgivare,,,SE,Food & Drink,General consumer,B2C,National,Print + Digital,High,,https://www.spirit.se,VERIFIED
SE,Tara Hem,Magasin,Bolig,Periodisk,Bonnier Group,Bonnier Magazines & Brands,Bonnier News Brands,Spesialutgave,,SE,Celebrity & Gossip,Celebrity & royal followers,B2C,National,Print + Digital,High,,https://www.tara.se,LIKELY_OK
SE,Vintage,Magasin,Livsstil/retro,Periodisk,Selvstendig,Vintage,Direkte hos utgivare,,,SE,Antiques & Collecting,General consumer,B2C,National,Print + Digital,High,,https://www.vintage.se,VERIFIED
SE,Magasinet Konkret,Magasin,Politikk/debatt,Periodisk,Selvstendig,Konkret,Direkte hos utgivare,,,SE,Politics & Current Affairs,General consumer,B2C,National,Print + Digital,High,,https://www.konkret.se,VERIFIED
SE,Expo,Magasin,Antirasism/granskning,Kvartalsvis,Stiftelsen Expo,Expo,Direkte hos utgivare,Granskingsmagasin,,SE,Politics & Current Affairs,Anti-extremism readers,B2C,National,Print + Digital,Medium,,https://expo.se,VERIFIED
SE,Ottar,Magasin,Seksualpolitikk,Kvartalsvis,RFSU,RFSU,Direkte hos utgivare,,,SE,Politics & Current Affairs,General consumer,B2C,National,Print + Digital,High,,https://www.rfsu.se,VERIFIED
SE,Bang,Magasin,Feminisme,Kvartalsvis,Bang,Bang,Direkte hos utgivare,,,SE,Politics & Current Affairs,Feminist readers,B2C,National,Print + Digital,Medium,,https://bang.se,VERIFIED
SE,Arena,Magasin,Idé/politikk,6x/år,Stiftelsen Arena,Arena,Direkte hos utgivare,Sosialdemokratisk,,SE,Politics & Current Affairs,General consumer,B2C,National,Print + Digital,High,social-democratic,https://www.dagensarena.se,VERIFIED
SE,Glänta,Magasin,Filosofi/kultur,Kvartalsvis,Glänta,Glänta,Direkte hos utgivare,,,SE,Politics & Current Affairs,General consumer,B2C,National,Print + Digital,High,,https://www.glanta.org,VERIFIED
SE,Ord & Bild,Magasin,Kultur/litteratur,Kvartalsvis,Föreningen Ord & Bild,Ord & Bild,Direkte hos utgivare,Fra 1892,,SE,Literature & Books,General consumer,B2C,National,Print + Digital,High,,https://www.ordbild.se,VERIFIED
SE,Karavan,Magasin,Litteratur,Kvartalsvis,Selvstendig,Karavan,Direkte hos utgivare,Internasjonal lit.,,SE,Literature & Books,General consumer,B2C,National,Print + Digital,High,,https://www.karavan.se,VERIFIED
SE,BLM,Magasin,Litteratur,Kvartalsvis,Albert Bonniers Förlag,Bonniers,Bonnier News Brands,Bonniers Litterära Magasin,,SE,Literature & Books,General consumer,B2C,National,Print + Digital,High,,https://blm.se,VERIFIED
SE,Lyrikvännen,Magasin,Lyrikk,6x/år,Selvstendig,Lyrikvännen,Direkte hos utgivare,,,SE,Literature & Books,General consumer,B2C,National,Print + Digital,High,,https://lyrikvannen.se,VERIFIED
SE,10TAL,Magasin,Litteratur/kultur,Kvartalsvis,Selvstendig,10TAL,Direkte hos utgivare,,,SE,Literature & Books,General consumer,B2C,National,Print + Digital,High,,https://www.10tal.se,VERIFIED
SE,ETC Magasin,Magasin,Politikk,Månedlig,ETC,ETC,Direkte hos utgivare,,,SE,Politics & Current Affairs,General consumer,B2C,National,Print + Digital,High,,https://www.etc.se,VERIFIED
SE,Galago,Magasin,Tegneserie,Kvartalsvis,Selvstendig,Galago,Direkte hos utgivare,,,SE,Arts & Culture,Adult comic readers,B2C,National,Print + Digital,Medium,,https://www.galago.se,VERIFIED
SE,Bild & Bubbla,Magasin,Tegneserie,Kvartalsvis,Selvstendig,Bild & Bubbla,Direkte hos utgivare,,,SE,Arts & Culture,Comic culture enthusiasts,B2C,National,Print + Digital,Medium,,https://www.seriefrämjandet.se,UNVERIFIED
SE,FLM,Magasin,Film,Kvartalsvis,Selvstendig,FLM,Direkte hos utgivare,,,SE,Film,General consumer,B2C,National,Print + Digital,High,,https://www.flm.nu,VERIFIED
SE,Filmtidskriften FLM,Magasin,Film,Kvartalsvis,Selvstendig,FLM,Direkte hos utgivare,,,SE,Film,General consumer,B2C,National,Print + Digital,High,,https://www.flm.nu,VERIFIED
SE,Sonic,Magasin,Musikk,6x/år,Selvstendig,Sonic,Direkte hos utgivare,,,SE,Music,General consumer,B2C,National,Print + Digital,High,,https://www.sonicmagazine.se,VERIFIED
SE,Lira Musikmagasin,Magasin,Musikk,6x/år,Selvstendig,Lira,Direkte hos utgivare,,,SE,Music,General consumer,B2C,National,Print + Digital,High,,https://www.lira.se,VERIFIED
SE,Cafe,Magasin,Mann/livsstil,Månedlig,Selvstendig,Café,Direkte hos utgivare,,,SE,Men's Lifestyle,Swedish men,B2C,National,Print + Digital,Medium,,https://www.cafe.se,VERIFIED
SE,MM Sport,Magasin,Sport/menn,Periodisk,Selvstendig,MM,Direkte hos utgivare,,,SE,Men's Lifestyle,General consumer,B2C,National,Print + Digital,Medium,,https://www.mmsports.se,VERIFIED
SE,King,Magasin,Mann/livsstil,Periodisk,Selvstendig,King,Direkte hos utgivare,,,SE,Men's Lifestyle,Swedish men,B2C,National,Print + Digital,Medium,,https://www.kingmagazine.se,VERIFIED
SE,Plaza Magazine,Magasin,Livsstil/mote,6x/år,Selvstendig,Plaza,Direkte hos utgivare,,,SE,Fashion,General consumer,B2C,National,Print + Digital,High,,https://plaza.se,LIKELY_OK
SE,Plaza Interiör,Magasin,Interiør,Kvartalsvis,Selvstendig,Plaza,Direkte hos utgivare,,,SE,Home & Interior,General consumer,B2C,National,Print + Digital,Medium,,https://plazainterior.se,VERIFIED
SE,Form,Magasin,Design,6x/år,Föreningen Svensk Form,Svensk Form,Direkte hos utgivare,,,SE,Arts & Culture,Design enthusiasts,B2C,National,Print + Digital,Medium,,https://www.form.se,VERIFIED
SE,Rum,Magasin,Interiør/arkitektur,6x/år,Selvstendig,Rum,Direkte hos utgivare,,,SE,Home & Interior,General consumer,B2C,National,Print + Digital,Medium,,https://www.rum.se,VERIFIED
SE,Arkitektur,Fackpress,Arkitektur,6x/år,Arkitektur Förlag,Arkitektur,Direkte hos utgivare,,,SE,B2B – Construction & Property,Architects,B2B,National,Print + Digital,High,,https://www.arkitektur.se,VERIFIED
SE,Hem & Hyra,Fackpress,Bolig/hyresgäst,Månedlig,Hyresgästföreningen,Hyresgästföreningen,Direkte hos utgivare,Sveriges störst medlemstidning,555000,SE,B2B – Trade Union,Trade union members,B2B,National,Print + Digital,High,"circulation-reported, largest-in-segment, mass-circulation",https://www.hemhyra.se,VERIFIED
SE,Kommunalarbetaren,Fackpress,Fagforening,Månedlig,Kommunal,LO Mediehus,LO Mediehus Annonsförsäljning,Norden största fackförbundstidning,525000,SE,B2B – Trade Union,Trade union members,B2B,National,Print + Digital,High,"circulation-reported, largest-in-segment, mass-circulation",https://www.ka.se,VERIFIED
SE,Kollega,Fackpress,Fagforening,8x/år,Unionen,Unionen,Direkte hos utgivare,TCO-forbund,540000,SE,B2B – Trade Union,Trade union members,B2B,National,Print + Digital,High,"circulation-reported, mass-circulation",https://www.kollega.se,VERIFIED
SE,Arbetet,Fackpress,Fagforening/arbete,Veckovis,LO,LO Mediehus,LO Mediehus Annonsförsäljning,Gjenoppstått 2012,,SE,B2B – Trade Union,Trade union members,B2B,National,Print + Digital,High,,https://www.arbetet.se,VERIFIED
SE,Tidningen Vision,Fackpress,Fagforening,Månedlig,Vision,Vision,Direkte hos utgivare,TCO,,SE,B2B – Trade Union,Trade union members,B2B,National,Print + Digital,High,,https://vision.se,VERIFIED
SE,Lärarnas Tidning,Fackpress,Utdanning,20x/år,Lärarförbundet,Lärartidningar,Lärartidningar Annonsförsäljning,Største lærertidning,230000,SE,B2B – Education,Teachers & educators,B2B,National,Print + Digital,High,"circulation-reported, high-circulation",https://www.lararnastidning.se,VERIFIED
SE,Skolvärlden,Fackpress,Utdanning,10x/år,Lärarnas Riksförbund,LR,Direkte hos utgivare,,85000,SE,B2B – Education,Teachers & educators,B2B,National,Print + Digital,High,circulation-reported,https://www.skolvarlden.se,VERIFIED
SE,Förskolan,Fackpress,Förskola,8x/år,Lärarförbundet,Lärartidningar,Lärartidningar Annonsförsäljning,,80000,SE,B2B – Education,Teachers & educators,B2B,National,Print + Digital,High,circulation-reported,https://forskolan.se,VERIFIED
SE,Specialpedagogik,Fackpress,Spesialpedagogikk,8x/år,Lärarförbundet,Lärartidningar,Lärartidningar Annonsförsäljning,,,SE,B2B – Education,Teachers & educators,B2B,National,Print + Digital,High,,https://www.lararen.se,VERIFIED
SE,Pedagogiska Magasinet,Fackpress,Pedagogikk,Kvartalsvis,Lärarförbundet,Lärartidningar,Lärartidningar Annonsförsäljning,,,SE,B2B – Education,Teachers & educators,B2B,National,Print + Digital,High,,https://pedagogiskamagasinet.se,VERIFIED
SE,Chef & Ledarskap,Fackpress,Ledelse,8x/år,Lärarförbundet,Lärartidningar,Lärartidningar Annonsförsäljning,,,SE,B2B – Education,Teachers & educators,B2B,National,Print + Digital,High,,https://www.lararen.se,VERIFIED
SE,Universitetsläraren,Fackpress,Høyere utdanning,8x/år,SULF,SULF,Direkte hos utgivare,,,SE,B2B – Education,Teachers & educators,B2B,National,Print + Digital,High,,https://universitetslararen.se,VERIFIED
SE,Vårdfokus,Fackpress,Helse,Månedlig,Vårdförbundet,Vårdförbundet,Direkte hos utgivare,"Sykepleiere, jordmødre m.fl.",115000,SE,B2B – Healthcare,Healthcare professionals,B2B,National,Print + Digital,High,"circulation-reported, high-circulation",https://www.vardfokus.se,VERIFIED
SE,Läkartidningen,Fackpress,Medisin,Veckovis,Sveriges läkarförbund,Läkartidningen,Direkte hos utgivare,,47000,SE,B2B – Healthcare,Healthcare professionals,B2B,National,Print + Digital,High,circulation-reported,https://lakartidningen.se,VERIFIED
SE,Dagens Medicin,Fackpress,Medisin,Veckovis,Bonnier Business,Bonnier,Bonnier News Brands,B2B sykehus/medisin,13000,SE,B2B – Healthcare,Healthcare professionals,B2B,National,Print + Digital,High,circulation-reported,https://www.dagensmedicin.se,LIKELY_OK
SE,Sjukhusläkaren,Fackpress,Medisin,6x/år,Sjukhusläkarna,Sjukhusläkarna,Direkte hos utgivare,,,SE,B2B – Healthcare,Healthcare professionals,B2B,National,Print + Digital,High,,https://sjukhuslakaren.se,VERIFIED
SE,Allmänmedicin,Fackpress,Medisin,Kvartalsvis,SFAM,SFAM,Direkte hos utgivare,Allmennmedisin,,SE,B2B – Healthcare,Healthcare professionals,B2B,National,Print + Digital,High,,https://www.sfam.se,VERIFIED
SE,Dagens Apotek,Fackpress,Farmasi,Månedlig,Selvstendig,Dagens Apotek,Direkte hos utgivare,,,SE,B2B – Healthcare,Healthcare professionals,B2B,National,Print + Digital,High,,https://www.dagensapotek.se,LIKELY_OK
SE,Tandläkartidningen,Fackpress,Tannlege,11x/år,Sveriges Tandläkarförbund,STF,Direkte hos utgivare,,,SE,B2B – Healthcare,Healthcare professionals,B2B,National,Print + Digital,High,,https://www.tandlakartidningen.se,VERIFIED
SE,Fysioterapi,Fackpress,Fysioterapi,8x/år,Fysioterapeuterna,Fysioterapeuterna,Direkte hos utgivare,,,SE,B2B – Healthcare,Healthcare professionals,B2B,National,Print + Digital,High,,https://www.fysioterapi.se,VERIFIED
SE,Tidningen Akademikern,Fackpress,Akademiker,8x/år,Akademikerförbundet SSR,SSR,Direkte hos utgivare,,,SE,B2B – Education,Teachers & educators,B2B,National,Print + Digital,High,,https://www.akademikern.se,VERIFIED
SE,Civilekonomen,Fackpress,Økonomi,8x/år,Civilekonomerna,Civilekonomerna,Direkte hos utgivare,,41000,SE,B2B – Finance & Insurance,Financial services pros,B2B,National,Print + Digital,High,circulation-reported,https://www.civilekonomen.se,LIKELY_OK
SE,Akademiliv,Fackpress,Akademiker,Periodisk,SACO,SACO,Direkte hos utgivare,,75000,SE,B2B – Education,Teachers & educators,B2B,National,Print + Digital,High,circulation-reported,https://www.saco.se,VERIFIED
SE,Pensionärernas Tidning,Fackpress,Pensjon,Månedlig,PRO,PRO,Direkte hos utgivare,Pensionärernas Riksorganisation,380000,SE,Seniors 55+,Adults 55+,B2B,National,Print + Digital,High,"circulation-reported, high-circulation",https://www.pro.se,VERIFIED
SE,Pensionären,Fackpress,Pensjon,Månedlig,SKPF,SKPF,Direkte hos utgivare,,,SE,Seniors 55+,Adults 55+,B2B,National,Print + Digital,High,,https://skpf.se,VERIFIED
SE,Affärsvärlden,Fackpress,Næringsliv,Veckovis,Bonnier,Bonnier,Bonnier News Brands,,,SE,Business & Finance,General consumer,B2B,National,Print + Digital,High,,https://www.affarsvarlden.se,VERIFIED
SE,Privata Affärer,Fackpress,Personlig økonomi,Månedlig,Bonnier News,Bonnier,Bonnier News Brands,,,SE,Business & Finance,General consumer,B2B,National,Print + Digital,High,,https://www.privataaffarer.se,VERIFIED
SE,Aktiespararen,Fackpress,Børs,10x/år,Aktiespararna,Aktiespararna,Direkte hos utgivare,Aksjonærforening,,SE,B2B – Finance & Insurance,Business decision-makers,B2B,National,Print + Digital,High,,https://www.aktiespararna.se,VERIFIED
SE,Driva Eget,Fackpress,Småbedrift,Månedlig,Selvstendig,Driva Eget,Direkte hos utgivare,,,SE,Business & Finance,General consumer,B2B,National,Print + Digital,High,,https://www.drivaeget.se,LIKELY_OK
SE,Foretagarna,Fackpress,Småbedrift,Periodisk,Företagarna,Företagarna,Direkte hos utgivare,,,SE,B2B – SME,Small business owners,B2B,National,Print + Digital,High,,https://www.foretagarna.se,VERIFIED
SE,Vd-tidningen,Fackpress,Ledelse,Periodisk,Selvstendig,VD-tidningen,Direkte hos utgivare,,,SE,B2B – HR & Management,HR & management pros,B2B,National,Print + Digital,High,,https://www.vdtidningen.se,VERIFIED
SE,Chef,Fackpress,Ledelse,11x/år,Bonnier Business,Bonnier,Bonnier News Brands,,,SE,B2B – HR & Management,HR & management pros,B2B,National,Print + Digital,High,,https://www.chef.se,VERIFIED
SE,Personal & Ledarskap,Fackpress,HR,8x/år,Selvstendig,P&L,Direkte hos utgivare,,,SE,B2B – HR & Management,HR & management pros,B2B,National,Print + Digital,High,,https://chef.se,UNVERIFIED
SE,CFO World,Fackpress,Økonomi,Periodisk,Selvstendig,CFO World,Direkte hos utgivare,,,SE,B2B – HR & Management,HR & management pros,B2B,International,Print + Digital,High,,https://cfoworld.se,VERIFIED
SE,Modern Industri,Fackpress,Industri,Månedlig,Selvstendig,Modern Industri,Direkte hos utgivare,,,SE,B2B – Engineering,Engineers,B2B,National,Print + Digital,High,,https://www.di.se/industri,UNVERIFIED
SE,Ny Teknik,Fackpress,Teknikk,Veckovis,Bonnier,Bonnier,Bonnier News Brands,Sveriges fagblad nr 1 ingeniør,165000,SE,B2B – Engineering,Engineers,B2B,National,Print + Digital,High,"circulation-reported, high-circulation",https://www.nyteknik.se,VERIFIED
SE,Verkstäderna,Fackpress,Industri,8x/år,Selvstendig,Verkstäderna,Direkte hos utgivare,,,SE,B2B – Engineering,Engineers,B2B,National,Print + Digital,High,,https://www.verkstaderna.se,VERIFIED
SE,Underhåll,Fackpress,Vedlikehold,6x/år,Selvstendig,Underhåll,Direkte hos utgivare,,,SE,B2B – Engineering,Engineers,B2B,National,Print + Digital,High,,https://www.underhall.se,VERIFIED
SE,Process Nordic,Fackpress,Prosessindustri,8x/år,Selvstendig,Process,Direkte hos utgivare,,,SE,B2B – Engineering,Engineers,B2B,National,Print + Digital,High,,https://www.processnet.se,VERIFIED
SE,Plast & Kemiteknik,Fackpress,Plast/kjemi,8x/år,Selvstendig,P&K,Direkte hos utgivare,,,SE,B2B – Engineering,Engineers,B2B,National,Print + Digital,High,,https://www.plastnet.se,VERIFIED
SE,Aktuell Hållbarhet,Fackpress,Bærekraft,Månedlig,Selvstendig,AH,Direkte hos utgivare,B2B miljø,,SE,B2B – Charity & Third Sector,Environment sector pros,B2B,National,Print + Digital,High,,https://www.aktuellhallbarhet.se,VERIFIED
SE,Miljö & Utveckling,Fackpress,Miljø,Periodisk,Selvstendig,M&U,Direkte hos utgivare,,,SE,B2B – Charity & Third Sector,Environment sector pros,B2B,National,Print + Digital,High,,https://miljo-utveckling.se,VERIFIED
SE,Recycling,Fackpress,Gjenvinning,Periodisk,Selvstendig,Recycling,Direkte hos utgivare,,,SE,B2B – Energy & Utilities,Recycling industry,B2B,National,Print + Digital,High,,https://www.recyclingnet.se,VERIFIED
SE,Energi & Miljö,Fackpress,Energi,6x/år,EMTF,EMTF,Direkte hos utgivare,,,SE,B2B – Energy & Utilities,IT professionals,B2B,National,Print + Digital,High,,https://www.energi-miljo.se,VERIFIED
SE,VVS-Forum,Fackpress,VVS,Månedlig,Selvstendig,VVS-Forum,Direkte hos utgivare,,,SE,B2B – Construction & Property,Construction & property pros,B2B,National,Print + Digital,High,,https://www.vvsforum.se,VERIFIED
SE,Energi,Fackpress,Energi,Månedlig,Energiföretagen,Energiföretagen,Direkte hos utgivare,,,SE,B2B – Energy & Utilities,Energy industry pros,B2B,National,Print + Digital,High,,https://www.energiforetagen.se,VERIFIED
SE,Byggvärlden,Fackpress,Bygg,Veckovis,Selvstendig,Byggvärlden,Direkte hos utgivare,,,SE,B2B – Construction & Property,Construction & property pros,B2B,National,Print + Digital,High,,https://www.byggvarlden.se,VERIFIED
SE,Byggindustrin,Fackpress,Bygg,Veckovis,Selvstendig,Byggindustrin,Direkte hos utgivare,Største byggebladet,,SE,B2B – Construction & Property,Construction & property pros,B2B,National,Print + Digital,High,,https://www.byggindustrin.se,VERIFIED
SE,Husbyggaren,Fackpress,Bygg/teknikk,8x/år,Selvstendig,Husbyggaren,Direkte hos utgivare,,,SE,B2B – Construction & Property,Construction & property pros,B2B,National,Print + Digital,High,,https://www.husbyggaren.se,VERIFIED
SE,Trä & Möbelforum,Fackpress,Tre/møbler,Periodisk,Selvstendig,T&M,Direkte hos utgivare,,,SE,B2B – Construction & Property,Wood industry pros,B2B,National,Print + Digital,High,,https://www.tmf.se,VERIFIED
SE,Cementa,Fackpress,Sement/bygg,Periodisk,Cementa,Cementa,Direkte hos utgivare,,,SE,B2B – Construction & Property,Construction & property pros,B2B,National,Print + Digital,High,,https://www.cementa.se,VERIFIED
SE,Anläggningsvärlden,Fackpress,Anlegg,Månedlig,Selvstendig,Anläggningsvärlden,Direkte hos utgivare,,,SE,B2B – Construction & Property,Construction & property pros,B2B,National,Print + Digital,High,,https://www.anlaggningsvarlden.se,VERIFIED
SE,Byggnadsarbetaren,Fackpress,Bygg/fagforening,Månedlig,Byggnads,Byggnads,Direkte hos utgivare,Største bygningsarbeider-tidning,100000,SE,B2B – Trade Union,Trade union members,B2B,National,Print + Digital,High,"circulation-reported, high-circulation",https://www.byggnadsarbetaren.se,VERIFIED
SE,Målaren,Fackpress,Maler,8x/år,Målareförbundet,Målareförbundet,Direkte hos utgivare,,,SE,B2B – Construction & Property,Construction & property pros,B2B,National,Print + Digital,High,,https://www.malareforbundet.se,LIKELY_OK
SE,Elektrikern,Fackpress,Elektriker,10x/år,Svenska Elektrikerförbundet,SEF,Direkte hos utgivare,,,SE,B2B – Construction & Property,Construction & property pros,B2B,National,Print + Digital,High,,https://www.sef.se,VERIFIED
SE,VVS-aktuellt,Fackpress,VVS,Periodisk,Selvstendig,VVS,Direkte hos utgivare,,,SE,B2B – Construction & Property,Construction & property pros,B2B,National,Print + Digital,High,,https://www.vvsforum.se,VERIFIED
SE,Transportarbetaren,Fackpress,Transport,Månedlig,Transportarbetareförbundet,Transport,LO Mediehus Annonsförsäljning,,60000,SE,B2B – Transport & Logistics,Transport & logistics pros,B2B,National,Print + Digital,High,circulation-reported,https://www.transportarbetaren.se,VERIFIED
SE,Sjömannen,Fackpress,Maritim,8x/år,SEKO sjöfolk,SEKO,Direkte hos utgivare,,,SE,B2B – Maritime,Seamen,B2B,National,Print + Digital,High,,https://www.seko.se,VERIFIED
SE,Trailer,Fackpress,Lastebil,11x/år,Sveriges Åkeriföretag,Åkeri,Direkte hos utgivare,,,SE,B2B – Transport & Logistics,Transport & logistics pros,B2B,National,Print + Digital,High,,https://www.transportnet.se,VERIFIED
SE,Tidningen Proffs,Fackpress,Lastebil,10x/år,Selvstendig,Proffs,Direkte hos utgivare,,,SE,B2B – Transport & Logistics,Truck drivers,B2B,National,Print + Digital,High,,https://www.proffs.com,LIKELY_OK
SE,Mobility Today,Fackpress,Mobilitet,Periodisk,Selvstendig,MT,Direkte hos utgivare,,,SE,B2B – Transport & Logistics,Mobility pros,B2B,National,Print + Digital,High,,https://www.allabilar.se,UNVERIFIED
SE,Auto Motor & Sport,Magasin,Bil,Månedlig,Bonnier,Bonnier,Bonnier News Brands,,32000,SE,Auto & Motor,General consumer,B2C,National,Print + Digital,High,circulation-reported,https://www.automotorsport.se,VERIFIED
SE,Auto News,Fackpress,Bilbransje,Veckovis,Selvstendig,Auto News,Direkte hos utgivare,B2B,,SE,B2B – Retail,Automotive trade,B2B,National,Print + Digital,High,,https://www.autonews.se,VERIFIED
SE,Branschnytt,Fackpress,Auto,Periodisk,Selvstendig,Branschnytt,Direkte hos utgivare,,,SE,Auto & Motor,General consumer,B2B,National,Print + Digital,High,,https://www.branschnytt.se,VERIFIED
SE,Tidskriften Äldreomsorg,Fackpress,Eldreomsorg,6x/år,Gothia Kompetens,Gothia,Direkte hos utgivare,,,SE,B2B – Healthcare,Elderly care pros,B2B,National,Print + Digital,High,,https://www.aldreomsorg.se,LIKELY_OK
SE,Funktionshinderpolitik,Fackpress,Funksjonshinder,Kvartalsvis,Selvstendig,FHP,Direkte hos utgivare,,,SE,B2B – Charity & Third Sector,Disability advocates,B2B,National,Print + Digital,Medium,,https://www.fub.se,VERIFIED
SE,Socionomen,Fackpress,Sosialarbeid,8x/år,Akademikerförbundet SSR,SSR,Direkte hos utgivare,,,SE,B2B – Public Sector,Social workers,B2B,National,Print + Digital,High,,https://www.akademssr.se,VERIFIED
SE,Tidskrift för Svensk Psykiatri,Fackpress,Psykiatri,Kvartalsvis,SLPF,SLPF,Direkte hos utgivare,,,SE,B2B – Healthcare,Psychiatrists,B2B,National,Print + Digital,High,,https://svenskpsykiatri.se,UNVERIFIED
SE,Psykologtidningen,Fackpress,Psykologi,8x/år,Sveriges Psykologförbund,PSF,Direkte hos utgivare,,,SE,B2B – Healthcare,Psychologists,B2B,National,Print + Digital,High,,https://psykologtidningen.se,VERIFIED
SE,Computer Sweden,Fackpress,IT,2x/uke,IDG,IDG,IDG Sales,CIO/IT-bransjen,,SE,B2B – IT & Tech,IT professionals,B2B,National,Print + Digital,High,,https://computersweden.idg.se,VERIFIED
SE,IDG.se,Fackpress,IT,Digital,IDG,IDG,IDG Sales,,,SE,B2B – IT & Tech,IT professionals,B2B,National,Digital,High,,https://www.idg.se,VERIFIED
SE,CIO Sweden,Fackpress,IT-ledelse,Periodisk,IDG,IDG,IDG Sales,,,SE,B2B – IT & Tech,IT professionals,B2B,National,Print + Digital,High,,https://cio.idg.se,VERIFIED
SE,Mobile-news,Fackpress,Mobil/telekom,Periodisk,Selvstendig,Mobile-news,Direkte hos utgivare,,,SE,B2B – IT & Tech,Mobile industry pros,B2B,National,Print + Digital,High,,https://www.mobile.se,LIKELY_OK
SE,PC för Alla,Magasin,Tech,Månedlig,IDG,IDG,IDG Sales,,,SE,Tech & Gadgets,General consumer,B2C,National,Print + Digital,Medium,,https://pcforalla.idg.se,VERIFIED
SE,M3,Magasin,Tech,Månedlig,IDG,IDG,IDG Sales,,,SE,Tech & Gadgets,General consumer,B2C,National,Print + Digital,Medium,,https://m3.idg.se,VERIFIED
SE,Mac World,Magasin,Tech/Apple,Månedlig,IDG,IDG,IDG Sales,,,SE,Tech & Gadgets,General consumer,B2C,International,Print + Digital,High,,https://macworld.idg.se,VERIFIED
SE,Voister,Fackpress,IT/offentlig sektor,Periodisk,Selvstendig,Voister,Direkte hos utgivare,,,SE,B2B – IT & Tech,IT professionals,B2B,National,Print + Digital,High,,https://www.voister.se,VERIFIED
SE,OffentligaJobb,Fackpress,Offentlig sektor,Digital,Selvstendig,OJ,Direkte hos utgivare,,,SE,B2B – Public Sector,Public sector workers,B2B,National,Digital,High,,https://www.offentligajobb.se,VERIFIED
SE,Dagens Samhälle,Fackpress,Offentlig sektor,Veckovis,SKR,SKR,Direkte hos utgivare,Sveriges Kommuner och Regioner,,SE,B2B – Public Sector,Public sector workers,B2B,National,Print + Digital,High,,https://www.dagenssamhalle.se,LIKELY_OK
SE,Förvaltning & Service,Fackpress,Offentlig,Periodisk,Selvstendig,F&S,Direkte hos utgivare,,,SE,B2B – Public Sector,Public sector workers,B2B,National,Print + Digital,High,,https://www.fastighetsfolket.se,VERIFIED
SE,Kommun & Politik,Fackpress,Kommune,Periodisk,Selvstendig,K&P,Direkte hos utgivare,,,SE,B2B – Public Sector,Public sector workers,B2B,National,Print + Digital,High,,https://www.skr.se,VERIFIED
SE,Tidningen Pension,Fackpress,Pensjon,Periodisk,Selvstendig,Pension,Direkte hos utgivare,,,SE,Seniors 55+,Adults 55+,B2B,National,Print + Digital,High,,https://www.pensionsmyndigheten.se,VERIFIED
SE,Inblicken,Fackpress,Offentlig,Periodisk,Selvstendig,Inblicken,Direkte hos utgivare,,,SE,B2B – Public Sector,Public sector workers,B2B,National,Print + Digital,High,,https://www.inblicken.se,VERIFIED
SE,Advokaten,Fackpress,Juss,Månedlig,Sveriges Advokatsamfund,Advokatsamfundet,Direkte hos utgivare,,,SE,B2B – Legal,Legal professionals,B2B,National,Print + Digital,High,,https://www.advokatsamfundet.se/advokaten,LIKELY_OK
SE,Juridisk Tidskrift,Fackpress,Juss,Kvartalsvis,Stiftelsen Juridisk Tidskrift,JT,Direkte hos utgivare,,,SE,B2B – Legal,Legal professionals,B2B,National,Print + Digital,High,,https://juridisktidskrift.se,VERIFIED
SE,Svensk Juristtidning,Fackpress,Juss,8x/år,Iustus Förlag,SvJT,Direkte hos utgivare,Fra 1916,,SE,B2B – Legal,Legal professionals,B2B,National,Print + Digital,High,,https://svjt.se,VERIFIED
SE,Lag & Avtal,Fackpress,Arbeidsrett,8x/år,Bonnier Business,Bonnier,Bonnier News Brands,,,SE,B2B – Finance & Insurance,Financial services pros,B2B,National,Print + Digital,High,,https://www.lag-avtal.se,VERIFIED
SE,Officerstidningen,Fackpress,Forsvar,8x/år,Officersförbundet,Officersförbundet,Direkte hos utgivare,,12000,SE,B2B – Defense & Police,Defence & police personnel,B2B,National,Print + Digital,High,circulation-reported,https://www.officersforbundet.se,VERIFIED
SE,Polistidningen,Fackpress,Politi,6x/år,Polisförbundet,Polisförbundet,Direkte hos utgivare,,21000,SE,B2B – Defense & Police,Defence & police personnel,B2B,National,Print + Digital,High,circulation-reported,https://polisforbundet.se,VERIFIED
SE,Försvarets Forum,Fackpress,Forsvar,6x/år,Försvarsmakten,Försvarsmakten,Direkte hos utgivare,,,SE,B2B – Defense & Police,Defence & police personnel,B2B,National,Print + Digital,High,,https://www.forsvarsmakten.se,VERIFIED
SE,Fritänk,Fackpress,Frimureri,Periodisk,Frimurarna,Frimurarna,Direkte hos utgivare,,,SE,B2B – Other Trade Press,Industry professionals,B2B,National,Print + Digital,High,,https://www.frimurarorden.se,VERIFIED
SE,Sändaren,Dagstidning,Religion,Veckovis,Berling Media,Berling,Direkte hos utgivare,Equmeniakyrkan,30000,SE,Religion,Religious (Christian),B2B,National,Print + Digital,Medium,circulation-reported,https://www.sandaren.se,VERIFIED
SE,Kyrkans Tidning,Dagstidning,Religion,Veckovis,Verbum,Verbum,Direkte hos utgivare,Svenska Kyrkan,90000,SE,Religion,Religious (Christian),B2B,National,Print + Digital,Medium,circulation-reported,https://www.kyrkanstidning.se,VERIFIED
SE,Hemmets Vän,Magasin,Religion,Veckovis,Selvstendig,Hemmets Vän,Direkte hos utgivare,Frikyrklig,,SE,Religion,Religious (Christian),B2C,National,Print + Digital,Low,,https://www.hemmetsvan.se,VERIFIED
SE,Pingst,Magasin,Religion,Månedlig,Pingst,Pingst,Direkte hos utgivare,Pinsebevegelsen,,SE,Religion,Religious (Christian),B2B,National,Print + Digital,Medium,,https://www.pingst.se,VERIFIED
SE,Liv & Hälsa,Magasin,Religion/helse,Månedlig,Adventistsamfundet,Adv.,Direkte hos utgivare,,,SE,Health & Fitness,General consumer,B2B,National,Print + Digital,High,,https://www.adventist.se,VERIFIED
SE,Svensk Idrott,Fackpress,Idrett,6x/år,Riksidrottsförbundet,RF,Direkte hos utgivare,Idrettsforbundet,,SE,Sports,General consumer,B2B,National,Print + Digital,High,,https://www.rf.se,VERIFIED
SE,Idrottens Affärer,Fackpress,Idrett/næring,Månedlig,Selvstendig,IA,Direkte hos utgivare,,,SE,Sports,General consumer,B2B,National,Print + Digital,High,,https://www.idrottensaffarer.se,VERIFIED
SE,Offside,Magasin,Fotball,6x/år,Selvstendig,Offside,Direkte hos utgivare,Største fotballmagasin,25000,SE,Sports – Football/Hockey,General consumer,B2C,National,Print + Digital,Medium,circulation-reported,https://www.offside.org,VERIFIED
SE,Fotbollsmagasinet,Magasin,Fotball,6x/år,Selvstendig,FM,Direkte hos utgivare,,,SE,Sports – Football/Hockey,General consumer,B2C,National,Print + Digital,Medium,,https://www.fotbollsmagasinet.se,VERIFIED
SE,Hockeysverige,Magasin,Ishockey,Månedlig,Bonnier,Bonnier,Bonnier News Brands,,,SE,Sports – Football/Hockey,General consumer,B2C,National,Print + Digital,Medium,,https://www.hockeysverige.se,VERIFIED
SE,Skidsport,Magasin,Ski,6x/år,Selvstendig,Skidsport,Direkte hos utgivare,,,SE,Sports,General consumer,B2C,National,Print + Digital,Medium,,https://www.skidor.com,VERIFIED
SE,Allt om Sport,Magasin,Sport,Månedlig,Selvstendig,AoS,Direkte hos utgivare,,,SE,Sports,General consumer,B2C,National,Print + Digital,Medium,,https://www.allas.se/sport,UNVERIFIED
SE,Längdåkning,Magasin,Langrenn,6x/år,Selvstendig,Längdåkning,Direkte hos utgivare,,,SE,Sports,Cross-country ski enthusiasts,B2C,National,Print + Digital,Medium,,https://www.skidor.com,VERIFIED
SE,På Snö,Magasin,Ski,6x/år,Selvstendig,På Snö,Direkte hos utgivare,,,SE,Sports,Ski enthusiasts,B2C,National,Print + Digital,Medium,,https://www.pa.se,UNVERIFIED
SE,Åka Skidor,Magasin,Ski,6x/år,Selvstendig,Åka Skidor,Direkte hos utgivare,,,SE,Sports,General consumer,B2C,National,Print + Digital,Medium,,https://www.akaskidor.se,VERIFIED
SE,Hundsport,Magasin,Hund,Månedlig,Svenska Kennelklubben,SKK,Direkte hos utgivare,,,SE,Pets,General consumer,B2C,National,Print + Digital,Medium,,https://www.skk.se,VERIFIED
SE,Hund,Magasin,Hund,8x/år,Selvstendig,Hund,Direkte hos utgivare,,,SE,Pets,General consumer,B2C,National,Print + Digital,Medium,,https://www.hund.se,VERIFIED
SE,Min Hund,Magasin,Hund,8x/år,Selvstendig,Min Hund,Direkte hos utgivare,,,SE,Pets,Children (3-12),B2C,National,Print + Digital,Medium,,https://www.minhund.com,LIKELY_OK
SE,Hästen,Magasin,Hest,Månedlig,Selvstendig,Hästen,Direkte hos utgivare,,,SE,Sports – Equestrian,Equestrian enthusiasts,B2C,National,Print + Digital,High,,https://www.hastnet.se,VERIFIED
SE,Hippson,Magasin,Hest,6x/år,Selvstendig,Hippson,Direkte hos utgivare,,,SE,Sports – Equestrian,Equestrian enthusiasts,B2C,National,Print + Digital,High,,https://www.hippson.se,VERIFIED
SE,Hästsport,Magasin,Hest,Månedlig,Selvstendig,Hästsport,Direkte hos utgivare,,,SE,Sports – Equestrian,Equestrian enthusiasts,B2C,National,Print + Digital,High,,https://www.hastsport.se,VERIFIED
SE,Ridsport,Magasin,Hest,8x/år,Svenska Ridsportförbundet,SvRF,Direkte hos utgivare,,,SE,Sports – Equestrian,Equestrian enthusiasts,B2B,National,Print + Digital,Low,,https://www.ridsport.se,VERIFIED
SE,Min Häst,Magasin,Hest/barn,Månedlig,Egmont Publishing,Egmont,Egmont Publishing Annons,,,SE,Sports – Equestrian,Children (3-12),B2C,National,Print + Digital,High,,https://www.minhast.se,VERIFIED
SE,Vi Med Häst,Magasin,Hest,8x/år,Selvstendig,ViMH,Direkte hos utgivare,,,SE,Sports – Equestrian,Equestrian enthusiasts,B2C,National,Print + Digital,High,,https://hippson.se,UNVERIFIED
SE,Katten,Magasin,Katt,Kvartalsvis,SVERAK,SVERAK,Direkte hos utgivare,,,SE,Pets,General consumer,B2C,National,Print + Digital,Medium,,https://www.sverak.se,VERIFIED
SE,Husdjur,Magasin,Husdyr,Månedlig,Bonnier,Bonnier,Bonnier News Brands,,,SE,Pets,General consumer,B2C,National,Print + Digital,Medium,,https://www.husdjur.se,VERIFIED
SE,Curie,Fackpress,Forskning,Digital,Vetenskapsrådet,VR,Direkte hos utgivare,,,SE,Science,Science enthusiasts,B2B,National,Digital,High,,https://www.tidningencurie.se,VERIFIED
SE,Universitetsvärlden,Fackpress,Akademi,Digital,UKÄ,UKÄ,Direkte hos utgivare,,,SE,B2B – Education,Higher education pros,B2B,National,Digital,High,,https://www.uka.se,VERIFIED
SE,Tidningen Mama,Magasin,Foreldre,Månedlig,Bonnier,Bonnier,Bonnier News Brands,,,SE,Family & Parenting,General consumer,B2C,National,Print + Digital,Medium,,https://www.mama.nu,LIKELY_OK
SE,VårGård,Magasin,Hage,6x/år,Selvstendig,VårGård,Direkte hos utgivare,,,SE,Garden,General consumer,B2C,National,Print + Digital,High,,https://www.vargard.se,VERIFIED
SE,Trädgård,Magasin,Hage,6x/år,Selvstendig,Trädgård,Direkte hos utgivare,,,SE,Garden,General consumer,B2C,National,Print + Digital,High,,https://www.tradgardsmastaren.se,VERIFIED
SE,Allt om Trädgårdsdesign,Magasin,Hagedesign,Periodisk,Bonnier,Bonnier,Bonnier News Brands,,,SE,Garden,General consumer,B2C,National,Print + Digital,Medium,,https://www.alltomtradgard.se,LIKELY_OK
SE,Foto,Magasin,Foto,Månedlig,Selvstendig,Foto,Direkte hos utgivare,,,SE,Photography,General consumer,B2C,National,Print + Digital,High,,https://www.foto.se,LIKELY_OK
SE,Kamera & Bild,Magasin,Foto,8x/år,Selvstendig,K&B,Direkte hos utgivare,,,SE,Photography,General consumer,B2C,National,Print + Digital,High,,https://www.kamerabild.se,VERIFIED
SE,Audio,Magasin,Hi-fi/musikk,8x/år,Selvstendig,Audio,Direkte hos utgivare,,,SE,Music,General consumer,B2C,National,Print + Digital,High,,https://www.audio.se,VERIFIED
SE,Hifi & Musik,Magasin,Hi-fi,8x/år,Selvstendig,H&M,Direkte hos utgivare,,,SE,Music,General consumer,B2C,National,Print + Digital,Medium,,https://www.hifi-musik.se,VERIFIED
SE,Hus & Mark,Magasin,Bolig,Periodisk,Selvstendig,H&M,Direkte hos utgivare,,,SE,Home & Interior,General consumer,B2C,National,Print + Digital,High,,https://husmark.se,LIKELY_OK
SE,HRT,Fackpress,HR,Periodisk,Selvstendig,HRT,Direkte hos utgivare,,,SE,B2B – HR & Management,HR & management pros,B2B,National,Print + Digital,High,,https://www.hrt.se,VERIFIED
SE,Insight,Fackpress,Konsulent,Periodisk,Selvstendig,Insight,Direkte hos utgivare,,,SE,B2B – HR & Management,HR & management pros,B2B,National,Print + Digital,High,,https://insight-magazine.com,UNVERIFIED
SE,Logistikk i Norden,Fackpress,Logistikk,Periodisk,Selvstendig,Logistikk,Direkte hos utgivare,,,SE,B2B – Transport & Logistics,Transport & logistics pros,B2B,National,Print + Digital,High,,https://www.intelligentlogistik.se,VERIFIED
SE,Inköp & Logistik,Fackpress,Innkjøp,Periodisk,Selvstendig,I&L,Direkte hos utgivare,,,SE,B2B – Transport & Logistics,Transport & logistics pros,B2B,National,Print + Digital,High,,https://www.silf.se,VERIFIED
SE,Market,Fackpress,Marknadsföring,Månedlig,Selvstendig,Market,Direkte hos utgivare,,,SE,B2B – Marketing & Media,Marketing & media pros,B2B,National,Print + Digital,High,,https://www.market.se,VERIFIED
SE,Hotell & Restaurang,Fackpress,Horeca,8x/år,Selvstendig,H&R,Direkte hos utgivare,,,SE,B2B – Hospitality,IT professionals,B2B,National,Print + Digital,High,,https://www.hotellrevyn.se,VERIFIED
SE,Restauratören,Fackpress,Horeca,Månedlig,Selvstendig,Restauratören,Direkte hos utgivare,,,SE,B2B – Hospitality,Hospitality pros,B2B,National,Print + Digital,High,,https://www.restauratoren.se,VERIFIED
SE,Hakon,Fackpress,Handel,Periodisk,Selvstendig,Hakon,Direkte hos utgivare,,,SE,B2B – Retail,Retail pros,B2B,National,Print + Digital,High,,https://www.icagruppen.se,VERIFIED
SE,Free,Fackpress,Detaljhandel,Periodisk,Selvstendig,Free,Direkte hos utgivare,,,SE,B2B – Retail,Retail pros,B2B,National,Print + Digital,High,,https://www.freemag.com,UNVERIFIED
SE,Habit,Fackpress,Mote/handel,6x/år,Selvstendig,Habit,Direkte hos utgivare,,,SE,B2B – Retail,Retail pros,B2B,National,Print + Digital,High,,https://www.habit.se,VERIFIED
SE,Resia News,Fackpress,Reise,Periodisk,Selvstendig,Resia,Direkte hos utgivare,,,SE,Travel,General consumer,B2B,National,Print + Digital,High,,https://www.resia.se,LIKELY_OK
SE,Travel News,Fackpress,Reise,Periodisk,Selvstendig,TN,Direkte hos utgivare,,,SE,Travel,General consumer,B2B,National,Print + Digital,High,,https://www.travelnews.se,VERIFIED
SE,ScandAsia,Fackpress,Næring/Asia,Periodisk,Selvstendig,ScandAsia,Direkte hos utgivare,,,SE,B2B – Other Trade Press,Industry professionals,B2B,National,Print + Digital,High,,https://scandasia.com,VERIFIED
SE,MedicalNews,Fackpress,Medisin,Periodisk,Svenska Docu Media,SDM,Svenska Docu Media Annons,,,SE,B2B – Healthcare,Healthcare professionals,B2B,National,Print + Digital,High,,https://www.dagensmedicin.se,UNVERIFIED
SE,Onkologi i Sverige,Fackpress,Onkologi,Kvartalsvis,Svenska Docu Media,SDM,Svenska Docu Media Annons,,,SE,B2B – Healthcare,Healthcare professionals,B2B,National,Print + Digital,High,,https://www.onkologiisverige.se,VERIFIED
SE,Diabetes Magazine,Fackpress,Diabetes,Kvartalsvis,Svenska Docu Media,SDM,Svenska Docu Media Annons,,,SE,B2B – Healthcare,Healthcare professionals,B2B,National,Print + Digital,High,,https://diabetes.se,UNVERIFIED
SE,BestPractice,Fackpress,Medisin,Periodisk,Svenska Docu Media,SDM,Svenska Docu Media Annons,,,SE,B2B – Healthcare,Healthcare professionals,B2B,National,Print + Digital,High,,https://bestpractice.se,VERIFIED
SE,NeurologiSverige,Fackpress,Nevrologi,Kvartalsvis,Svenska Docu Media,SDM,Svenska Docu Media Annons,,,SE,B2B – Healthcare,Healthcare professionals,B2B,National,Print + Digital,High,,https://www.neurologiisverige.se,LIKELY_OK
SE,OrtopedisktMagasin,Fackpress,Ortopedi,Kvartalsvis,Svenska Docu Media,SDM,Svenska Docu Media Annons,,,SE,B2B – Healthcare,Healthcare professionals,B2B,National,Print + Digital,High,,https://ortopedisktmagasin.se,UNVERIFIED
DK,Politiken,Dagblad,Riks,Dagligt,Politiken Fonden,JP/Politikens Hus,JP/Politikens Hus Annonce,"København, social-liberal, fra 1884",88597,DK,News (National),General consumer,B2C,National,Print + Digital,Medium,"circulation-reported, liberal",https://politiken.dk,LIKELY_OK
DK,Morgenavisen Jyllands-Posten,Dagblad,Riks,Dagligt,Jyllands-Postens Fond,JP/Politikens Hus,JP/Politikens Hus Annonce,"Aarhus, liberal-konservativ, fra 1871",67000,DK,News (National),General consumer,B2C,National,Print + Digital,Medium,"circulation-reported, liberal",https://jyllands-posten.dk,LIKELY_OK
DK,Ekstra Bladet,Tabloid,Riks,Dagligt,JP/Politikens Hus,JP/Politikens Hus,JP/Politikens Hus Annonce,"Tabloid, fra 1904",60000,DK,News (National Tabloid),Mass market consumer,B2C,National,Print + Digital,High,"circulation-reported, tabloid",https://ekstrabladet.dk,LIKELY_OK
DK,Berlingske,Dagblad,Riks,Dagligt,"Amedia (NO, fra 2025)",Berlingske Media,Berlingske Media Annonce,"Konservativ, fra 1749",96897,DK,News (National),General consumer,B2C,National,Print + Digital,High,"circulation-reported, conservative",https://www.berlingske.dk,LIKELY_OK
DK,B.T.,Tabloid,Riks,Dagligt,"Amedia (NO, fra 2025)",Berlingske Media,Berlingske Media Annonce,100% digital siden 2023,,DK,News (National Tabloid),Mass market consumer,B2C,National,Print + Digital,High,tabloid,https://www.bt.dk,LIKELY_OK
DK,Weekendavisen,Ugeavis,Riks,Ugentligt,"Amedia (NO, fra 2025)",Berlingske Media,Berlingske Media Annonce,"Konservativ ugeavis, fredage",60000,DK,News (National),General consumer,B2C,National,Print + Digital,High,"circulation-reported, conservative",https://www.weekendavisen.dk,LIKELY_OK
DK,Børsen,Dagblad,Erhverv,Dagligt,"Bonnier (50,1%) / JP/Politikens (49,9%)",Dagbladet Børsen,Børsen Annonce,Forretningsavis,65000,DK,Business & Finance,Business decision-makers,B2C,National,Print + Digital,High,circulation-reported,https://borsen.dk,LIKELY_OK
DK,Information,Dagblad,Riks,Dagligt,Mediefonden Dagbladet Information,Information,Direkte hos udgiver,"Uafhængig venstre, fra 1943",25000,DK,News (National),Quality consumer,B2C,National,Print + Digital,High,circulation-reported,https://www.information.dk,VERIFIED
DK,Kristeligt Dagblad,Dagblad,Religion,Dagligt,Kristeligt Dagblad A/S,Kristeligt Dagblad,Direkte hos udgiver,"Kristen, fra 1896",22000,DK,Religion,Religious (Christian),B2B,National,Print + Digital,Medium,circulation-reported,https://www.kristeligt-dagblad.dk,VERIFIED
DK,Avisen Danmark,Tværgående,Riks,Dagligt,Jysk Fynske Medier,JFM,Jysk Fynske Medier Annonce,'Avis i avisen' i alle 14 JFM-blade,,DK,News (National),General consumer,B2C,National,Print + Digital,Medium,,https://avisendanmark.dk,VERIFIED
DK,Finans,Webavis,Erhverv,Digital,JP/Politikens Hus,JP/Politikens Hus,JP/Politikens Hus Annonce,Erhvervsnyheder online,,DK,Business & Finance,General consumer,B2C,National,Digital,High,digital-only,https://finans.dk,LIKELY_OK
DK,Watch Medier (samlet),Webavis,Erhverv/niche,Digital,JP/Politikens Hus,JP/Politikens Hus,JP/Politikens Hus Annonce,"FinansWatch, MediaWatch, EnergyWatch, MaritimeWatch m.fl. (15+)",,DK,B2B – Marketing & Media,Marketing & media pros,B2B,National,Digital,High,digital-only,https://watchmedier.dk,LIKELY_OK
DK,Altinget,Webavis,Politik,Digital,Altinget.dk,Altinget,Direkte hos udgiver,Politikbaseret,,DK,Politics & Current Affairs,General consumer,B2C,National,Digital,High,digital-only,https://www.altinget.dk,VERIFIED
DK,OLFI,Webavis,Forsvar,Digital,OLFI,OLFI,Direkte hos udgiver,Forsvarsfagligt,,DK,Politics & Current Affairs,General consumer,B2B,National,Digital,High,digital-only,https://olfi.dk,UNVERIFIED
DK,Jyllands-Posten Erhverv,Tillæg,Erhverv,Ugentligt,JP/Politikens Hus,JP,JP/Politikens Hus Annonce,,,DK,Business & Finance,General consumer,B2C,National,Print + Digital,High,,https://jyllands-posten.dk/erhverv,LIKELY_OK
DK,Politiken Magasinet,Tillæg,Livsstil,Ugentligt,JP/Politikens Hus,Politiken,JP/Politikens Hus Annonce,Lørdagstillæg,,DK,Affluent Lifestyle,Politiken weekend readers,B2C,National,Print + Digital,High,,https://politiken.dk/magasinet,LIKELY_OK
DK,Berlingske Business,Tillæg,Erhverv,Dagligt,Amedia,Berlingske Media,Berlingske Media Annonce,Erhvervssektion,,DK,Business & Finance,General consumer,B2C,National,Print + Digital,High,,https://www.berlingske.dk/business,LIKELY_OK
DK,AOK,Webavis,Kultur/livsstil,Digital,Amedia,Berlingske Media,Berlingske Media Annonce,Kulturguide,,DK,Arts & Culture,Culture-engaged consumers,B2C,National,Digital,Medium,digital-only,https://aok.dk/,LIKELY_OK
DK,Fyens Stiftstidende,Dagblad,Regional,Dagligt,Jysk Fynske Medier,JFM,Jysk Fynske Medier Annonce,"Odense, fra 1772",,DK,News (Regional),Regional consumer,B2C,Regional,Print + Digital,Medium,,https://www.fyens.dk,LIKELY_OK
DK,Fyns Amts Avis,Dagblad,Regional,Dagligt,Jysk Fynske Medier,JFM,Jysk Fynske Medier Annonce,Svendborg/Sydfyn,,DK,News (Regional),Regional consumer,B2C,Regional,Print + Digital,Medium,,https://fyens.dk,LIKELY_OK
DK,JydskeVestkysten,Dagblad,Regional,Dagligt,Jysk Fynske Medier,JFM,Jysk Fynske Medier Annonce,Esbjerg/Sydvestjylland,,DK,News (Regional),Regional consumer,B2C,Regional,Print + Digital,Medium,,https://jv.dk,LIKELY_OK
DK,Århus Stiftstidende,Dagblad,Regional,Dagligt,Jysk Fynske Medier,JFM,Jysk Fynske Medier Annonce,"Aarhus, fra 1794",,DK,News (Regional),Regional consumer,B2C,Regional,Print + Digital,Medium,,https://stiften.dk,LIKELY_OK
DK,Vejle Amts Folkeblad,Dagblad,Regional,Dagligt,Jysk Fynske Medier,JFM,Jysk Fynske Medier Annonce,Vejle,,DK,News (Regional),Regional consumer,B2C,Regional,Print + Digital,Medium,,https://vafo.dk,LIKELY_OK
DK,Horsens Folkeblad,Dagblad,Regional,Dagligt,Jysk Fynske Medier,JFM,Jysk Fynske Medier Annonce,Horsens,,DK,News (Regional),Regional consumer,B2C,Regional,Print + Digital,Medium,,https://hsfo.dk,LIKELY_OK
DK,Fredericia Dagblad,Dagblad,Lokal,Dagligt,Jysk Fynske Medier,JFM,Jysk Fynske Medier Annonce,Fredericia,,DK,News (Local),Regional consumer,B2C,Local,Print + Digital,Medium,,https://fredericiadagblad.dk,LIKELY_OK
DK,Randers Amtsavis,Dagblad,Regional,Dagligt,Jysk Fynske Medier,JFM,Jysk Fynske Medier Annonce,Randers,,DK,News (Regional),Regional consumer,B2C,Regional,Print + Digital,Medium,,https://amtsavisen.dk,VERIFIED
DK,Viborg Stifts Folkeblad,Dagblad,Regional,Dagligt,Jysk Fynske Medier,JFM,Jysk Fynske Medier Annonce,Viborg,,DK,News (Regional),Regional consumer,B2C,Regional,Print + Digital,Medium,,https://viborg-folkeblad.dk,LIKELY_OK
DK,Folkebladet Lemvig,Dagblad,Lokal,Dagligt,Jysk Fynske Medier,JFM,Jysk Fynske Medier Annonce,Lemvig,,DK,News (Local),Regional consumer,B2C,Local,Print + Digital,Medium,,https://folkebladetlemvig.dk,VERIFIED
DK,Dagbladet Holstebro,Dagblad,Lokal,Dagligt,Jysk Fynske Medier,JFM,Jysk Fynske Medier Annonce,Holstebro,,DK,News (Local),Mass market consumer,B2C,Local,Print + Digital,Medium,,https://dagbladet-holstebro-struer.dk,VERIFIED
DK,Dagbladet Struer,Dagblad,Lokal,Dagligt,Jysk Fynske Medier,JFM,Jysk Fynske Medier Annonce,Struer,,DK,News (Local),Mass market consumer,B2C,Local,Print + Digital,Medium,,https://dagbladet-holstebro-struer.dk,VERIFIED
DK,Dagbladet Ringkøbing-Skjern,Dagblad,Lokal,Dagligt,Jysk Fynske Medier,JFM,Jysk Fynske Medier Annonce,Ringkøbing,,DK,News (Local),Mass market consumer,B2C,Local,Print + Digital,Medium,,https://www.dbrs.dk,VERIFIED
DK,Helsingør Dagblad,Dagblad,Lokal,Dagligt,Jysk Fynske Medier,JFM,Jysk Fynske Medier Annonce,Helsingør,,DK,News (Local),Regional consumer,B2C,Local,Print + Digital,Medium,,https://sn.dk,VERIFIED
DK,Frederiksborg Amts Avis,Dagblad,Regional,Dagligt,Jysk Fynske Medier,JFM,Jysk Fynske Medier Annonce,Nordsjælland,,DK,News (Regional),Regional consumer,B2C,Regional,Print + Digital,Medium,,https://sn.dk,VERIFIED
DK,Sjællandske,Dagblad,Regional,Dagligt,Sjællandske Medier,Sjællandske Medier,Sjællandske Medier Annonce,Slagelse/Vestsjælland,,DK,News (Regional),Regional consumer,B2C,Regional,Print + Digital,Medium,,https://sn.dk,VERIFIED
DK,Dagbladet (Sjælland),Dagblad,Regional,Dagligt,Sjællandske Medier,Sjællandske Medier,Sjællandske Medier Annonce,Holbæk/Roskilde,,DK,News (Regional),Mass market consumer,B2C,Regional,Print + Digital,Medium,,https://sn.dk/dagbladet,VERIFIED
DK,Nordvestnyt,Dagblad,Regional,Dagligt,Sjællandske Medier,Sjællandske Medier,Sjællandske Medier Annonce,Kalundborg/Holbæk,,DK,News (Regional),Regional consumer,B2C,Regional,Print + Digital,Medium,,https://sn.dk,VERIFIED
DK,Lolland-Falsters Folketidende,Dagblad,Regional,Dagligt,Sjællandske Medier,Sjællandske Medier,Sjællandske Medier Annonce,Nykøbing F,,DK,News (Regional),Regional consumer,B2C,Regional,Print + Digital,Medium,,https://sn.dk,VERIFIED
DK,Nordjyske Stiftstidende,Dagblad,Regional,Dagligt,Nordjyske Medier,Nordjyske Medier,Nordjyske Medier Annonce,Aalborg,,DK,News (Regional),Regional consumer,B2C,Regional,Print + Digital,Medium,,https://nordjyske.dk,VERIFIED
DK,Vendsyssel Tidende,Dagblad,Regional,Dagligt,Nordjyske Medier,Nordjyske Medier,Nordjyske Medier Annonce,Hjørring,,DK,News (Regional),Regional consumer,B2C,Regional,Print + Digital,Medium,,https://nordjyske.dk,VERIFIED
DK,Bornholms Tidende,Dagblad,Regional,Dagligt,Bornholms Tidende AS,BT,Direkte hos udgiver,Rønne,,DK,News (Regional),Regional consumer,B2C,Regional,Print + Digital,Medium,,https://tidende.dk,VERIFIED
DK,Skive Folkeblad,Dagblad,Regional,Dagligt,Berlingske Local Media,Skive Folkeblad,Direkte hos udgiver,Skive,,DK,News (Regional),Regional consumer,B2C,Regional,Print + Digital,Medium,,https://skivefolkeblad.dk,VERIFIED
DK,Herning Folkeblad,Dagblad,Regional,Dagligt,Den Midtjyske Avis,Herning Folkeblad,Direkte hos udgiver,Herning,,DK,News (Regional),Regional consumer,B2C,Regional,Print + Digital,Medium,,https://herningfolkeblad.dk,VERIFIED
DK,Ringkøbing-Skjern Dagblad,Dagblad,Lokal,Dagligt,Selvstændig,RSD,Direkte hos udgiver,,,DK,News (Local),Regional consumer,B2C,Local,Print + Digital,Medium,,https://dagbladetringskjern.dk,VERIFIED
DK,KøgeAvisen,Gratisavis,Lokal,Ugentligt,Selvstændig,KøgeAvisen,Direkte hos udgiver,Køge,,DK,News (Local),Regional consumer,B2C,Local,Print + Digital,Medium,free-distribution,https://www.sn.dk/koege-avis,UNVERIFIED
DK,Lokalavisen Taastrup,Gratisavis,Lokal,Ugentligt,Sjællandske Medier,Sjællandske Medier,Sjællandske Medier Annonce,Taastrup,,DK,News (Local),Regional consumer,B2C,Local,Print + Digital,Medium,free-distribution,https://lokalavisen.dk,VERIFIED
DK,Det ny Odsherred,Gratisavis,Lokal,Ugentligt,Sjællandske Medier,Sjællandske Medier,Sjællandske Medier Annonce,Odsherred,,DK,News (Local),Regional consumer,B2C,Local,Print + Digital,Medium,free-distribution,https://sn.dk,VERIFIED
DK,Vestegnen,Gratisavis,Lokal,Ugentligt,Sjællandske Medier,Sjællandske Medier,Sjællandske Medier Annonce,Hovedstadens vestegn,,DK,News (Local),Regional consumer,B2C,Local,Print + Digital,Medium,free-distribution,https://lokalavisen.dk,VERIFIED
DK,Sermitsiaq,Avis,Regional,Ugentligt,Sermitsiaq.AG,SermitsiaqAG,Direkte hos udgiver,Grønland,,DK,News (Regional),Regional consumer,B2C,Regional,Print + Digital,Medium,,https://sermitsiaq.ag,VERIFIED
DK,Atuagagdliutit (AG),Avis,Regional,Ugentligt,Sermitsiaq.AG,SermitsiaqAG,Direkte hos udgiver,"Grønland, grønlandsk/dansk",,DK,News (Regional),Regional consumer,B2C,Regional,Print + Digital,Medium,,https://sermitsiaq.ag,VERIFIED
DK,Udfordringen,Ugeavis,Religion,Ugentligt,Udfordringen,Udfordringen,Direkte hos udgiver,Kristen ugeavis,,DK,Religion,Religious (Christian),B2B,National,Print + Digital,Medium,,https://udfordringen.dk,VERIFIED
DK,Magasinet KMD,Magasin,Religion,Periodisk,Selvstændig,KMD,Direkte hos udgiver,,,DK,Religion,Religious (Christian),B2B,National,Print + Digital,Medium,,https://www.kmd.dk,VERIFIED
DK,Israel-Information,Magasin,Religion/politik,Periodisk,Selvstændig,Israel-Information,Direkte hos udgiver,,,DK,Politics & Current Affairs,General consumer,B2C,National,Print + Digital,High,,https://www.israel-online.dk,UNVERIFIED
DK,MediaWatch,Webavis,Medier,Digital,JP/Politikens Hus,Watch Medier,JP/Politikens Hus Annonce,Mediefaglig,,DK,B2B – Marketing & Media,Marketing & media pros,B2B,National,Digital,High,digital-only,https://mediawatch.dk,LIKELY_OK
DK,FinansWatch,Webavis,Finans,Digital,JP/Politikens Hus,Watch Medier,JP/Politikens Hus Annonce,,,DK,B2B – Finance & Insurance,Financial services pros,B2B,National,Digital,High,digital-only,https://finanswatch.dk,LIKELY_OK
DK,EnergyWatch,Webavis,Energi,Digital,JP/Politikens Hus,Watch Medier,JP/Politikens Hus Annonce,,,DK,B2B – Energy & Utilities,Energy industry pros,B2B,National,Digital,High,digital-only,https://energiwatch.dk,LIKELY_OK
DK,MaritimeWatch,Webavis,Maritim,Digital,JP/Politikens Hus,Watch Medier,JP/Politikens Hus Annonce,,,DK,B2B – Maritime,Maritime industry pros,B2B,National,Digital,High,digital-only,https://shippingwatch.dk,LIKELY_OK
DK,AgriWatch,Webavis,Landbrug,Digital,JP/Politikens Hus,Watch Medier,JP/Politikens Hus Annonce,,,DK,B2B – Agriculture,Farmers,B2B,National,Digital,High,digital-only,https://agriwatch.dk,LIKELY_OK
DK,FoodSupply,Webavis,Fødevarer,Digital,JP/Politikens Hus,Watch Medier,JP/Politikens Hus Annonce,,,DK,News (General),General consumer,B2C,National,Digital,High,digital-only,https://foodsupply.com,UNVERIFIED
DK,Travel Watch,Webavis,Rejse,Digital,JP/Politikens Hus,Watch Medier,JP/Politikens Hus Annonce,,,DK,B2B – Travel Trade,Travel trade pros,B2B,National,Digital,High,digital-only,https://travelwatch.dk,VERIFIED
DK,ITWatch,Webavis,IT,Digital,JP/Politikens Hus,Watch Medier,JP/Politikens Hus Annonce,,,DK,B2B – IT & Tech,IT professionals,B2B,National,Digital,High,digital-only,https://itwatch.dk,VERIFIED
DK,HealthcareWatch,Webavis,Sundhed,Digital,JP/Politikens Hus,Watch Medier,JP/Politikens Hus Annonce,,,DK,B2B – Healthcare,Healthcare professionals,B2B,National,Digital,High,digital-only,https://medwatch.dk,UNVERIFIED
DK,EduWatch,Webavis,Uddannelse,Digital,JP/Politikens Hus,Watch Medier,JP/Politikens Hus Annonce,,,DK,B2B – Education,Teachers & educators,B2B,National,Digital,High,digital-only,https://edutech.dk,UNVERIFIED
DK,BygTek,Webavis,Bygge,Digital,JP/Politikens Hus,Watch Medier,JP/Politikens Hus Annonce,,,DK,News (General),General consumer,B2C,National,Digital,High,digital-only,https://bygtek.dk,LIKELY_OK
DK,Ejendomswatch,Webavis,Ejendom,Digital,JP/Politikens Hus,Watch Medier,JP/Politikens Hus Annonce,,,DK,B2B – Construction & Property,Construction & property pros,B2B,National,Digital,High,digital-only,https://ejendomswatch.dk,LIKELY_OK
DK,Detailwatch,Webavis,Detailhandel,Digital,JP/Politikens Hus,Watch Medier,JP/Politikens Hus Annonce,,,DK,B2B – Retail,Retail pros,B2B,National,Digital,High,digital-only,https://detailwatch.dk,LIKELY_OK
DK,PolicyWatch,Webavis,Politik,Digital,JP/Politikens Hus,Watch Medier,JP/Politikens Hus Annonce,,,DK,B2B – Public Sector,Public sector workers,B2B,National,Digital,High,digital-only,https://policywatch.dk,LIKELY_OK
DK,CleantechWatch,Webavis,Cleantech,Digital,JP/Politikens Hus,Watch Medier,JP/Politikens Hus Annonce,,,DK,B2B – Energy & Utilities,Cleantech industry pros,B2B,National,Digital,High,digital-only,https://cleantechwatch.dk,LIKELY_OK
DK,AutoBranchen,Webavis,Bil/branche,Digital,Selvstændig,AB,Direkte hos udgiver,,,DK,Auto & Motor,Car enthusiasts,B2C,National,Digital,High,digital-only,https://www.autobranchen.dk,VERIFIED
DK,ShippingWatch,Webavis,Shipping,Digital,JP/Politikens Hus,Watch Medier,JP/Politikens Hus Annonce,,,DK,B2B – Maritime,Shipping industry pros,B2B,National,Digital,High,digital-only,https://shippingwatch.dk,LIKELY_OK
DK,KapWatch,Webavis,Kapital,Digital,JP/Politikens Hus,Watch Medier,JP/Politikens Hus Annonce,Investering,,DK,B2B – Finance & Insurance,Capital markets pros,B2B,National,Digital,High,digital-only,https://finanswatch.dk,LIKELY_OK
DK,Frederiksborg Amts Avis (lokal),Lokalavis,Lokal,2x/uge,Jysk Fynske Medier,JFM,Jysk Fynske Medier Annonce,Hillerød,,DK,News (Local),Regional consumer,B2C,Local,Print + Digital,Medium,,https://sn.dk/frederiksborg-amts-avis,VERIFIED
DK,Lemvig Folkeblad,Lokalavis,Lokal,2x/uge,Jysk Fynske Medier,JFM,Jysk Fynske Medier Annonce,Lemvig,,DK,News (Local),Regional consumer,B2C,Local,Print + Digital,Medium,,https://folkebladetlemvig.dk,VERIFIED
DK,Thisted Dagblad,Lokalavis,Lokal,Dagligt,Selvstændig,TD,Direkte hos udgiver,Thisted,,DK,News (Local),Regional consumer,B2C,Local,Print + Digital,Medium,,https://nordjyske.dk,VERIFIED
DK,Morsø Folkeblad,Lokalavis,Lokal,Dagligt,Selvstændig,MF,Direkte hos udgiver,Mors,,DK,News (Local),Regional consumer,B2C,Local,Print + Digital,Medium,,https://www.morso.dk,UNVERIFIED
DK,Stiften,Lokalavis,Lokal,Dagligt,Jysk Fynske Medier,JFM,Jysk Fynske Medier Annonce,Aarhus tabloid,,DK,News (Local),Regional consumer,B2C,Local,Print + Digital,Medium,tabloid,https://www.stiften.dk,LIKELY_OK
DK,Se og Hør,Magasin,Sladder/kjendis,Ugentligt,Aller Media (DK),Aller Media,Aller Media DK Annonce,"Originalen, fra 1938",200000,DK,Celebrity & Gossip,General consumer,B2C,National,Print + Digital,Medium,"circulation-reported, high-circulation",https://www.seoghoer.dk,VERIFIED
DK,Billed-Bladet,Magasin,Royale/kjendis,Ugentligt,Aller Media (DK),Aller Media,Aller Media DK Annonce,"Fokus på kongehus, fra 1938",180000,DK,Celebrity & Gossip,General consumer,B2C,National,Print + Digital,Medium,"circulation-reported, high-circulation",https://www.billedbladet.dk,VERIFIED
DK,Familie Journal,Magasin,Familie,Ugentligt,Aller Media (DK),Aller Media,Aller Media DK Annonce,"Klassisk familieblad, fra 1877",250000,DK,Family & Parenting,Parents of young children,B2C,National,Print + Digital,Medium,"circulation-reported, high-circulation",https://www.familiejournal.dk,VERIFIED
DK,Allers DK,Magasin,Familie/livsstil,Ugentligt,Aller Media (DK),Aller Media,Aller Media DK Annonce,"Den originale Allers, fra 1873",200000,DK,Celebrity & Gossip,Celebrity & royal followers,B2C,National,Print + Digital,Medium,"circulation-reported, high-circulation",https://www.aller.dk,LIKELY_OK
DK,Femina (DK),Magasin,Kvinde/livsstil,Ugentligt,Aller Media (DK),Aller Media,Aller Media DK Annonce,Original Femina,60000,DK,Women's Lifestyle,Women 25-54,B2C,National,Print + Digital,High,circulation-reported,https://www.femina.dk,VERIFIED
DK,Hjemmet (DK),Magasin,Familie,Ugentligt,Aller Media (DK),Aller Media,Aller Media DK Annonce,Klassisk ugeblad,130000,DK,Family & Parenting,Families with children,B2C,National,Print + Digital,Medium,"circulation-reported, high-circulation",https://www.hjemmet.dk,VERIFIED
DK,Ude og Hjemme,Magasin,Familie/kjendis,Ugentligt,Aller Media (DK),Aller Media,Aller Media DK Annonce,,90000,DK,Family & Parenting,Families with children,B2C,National,Print + Digital,Medium,circulation-reported,https://www.udeoghjemme.dk,VERIFIED
DK,ELLE Denmark,Magasin,Mode,Månedligt,Aller Media (DK),Aller Media,Aller Media DK Annonce,,,DK,Fashion,Fashion-engaged women 18-49,B2C,National,Print + Digital,Medium,,https://www.elle.dk,VERIFIED
DK,Costume DK,Magasin,Mode,Månedligt,Aller Media (DK),Aller Media,Aller Media DK Annonce,,,DK,Fashion,Fashion-engaged women 18-49,B2C,National,Print + Digital,High,,https://www.costume.dk,LIKELY_OK
DK,Hus & Have,Magasin,Bolig/have,8x/år,Aller Media (DK),Aller Media,Aller Media DK Annonce,,,DK,Home & Interior,General consumer,B2C,National,Print + Digital,High,,https://www.husoghave.dk,VERIFIED
DK,I Form (DK),Magasin,Træning/sundhed,Månedligt,Bonnier Publications,Bonnier Publications DK,Bonnier Publications DK Annonce,Original I Form,70000,DK,Health & Fitness,General consumer,B2C,National,Print + Digital,High,circulation-reported,https://iform.dk,VERIFIED
DK,Anderledes,Magasin,Livsstil,Periodisk,Aller Media (DK),Aller Media,Aller Media DK Annonce,,,DK,Women's Lifestyle,Women,B2C,National,Print + Digital,Medium,,https://www.aller.dk,VERIFIED
DK,Q Magasinet,Magasin,Kvinde 50+,Månedligt,Aller Media (DK),Aller Media,Aller Media DK Annonce,,,DK,Seniors 55+,Adults 55+,B2C,National,Print + Digital,Medium,,https://www.q.dk,LIKELY_OK
DK,ALT for Damerne,Magasin,Kvinde/livsstil,Ugentligt,Egmont Publishing,Egmont,Egmont Publishing DK Annonce,Fra 1946,50000,DK,Women's Lifestyle,Women 25-54,B2C,National,Print + Digital,High,circulation-reported,https://www.alt.dk,VERIFIED
DK,Eurowoman,Magasin,Mode,Månedligt,Egmont Publishing,Egmont,Egmont Publishing DK Annonce,DK's mest læste modemagasin,40000,DK,Fashion,Fashion-engaged women 18-49,B2C,National,Print + Digital,Medium,circulation-reported,https://www.eurowoman.dk,VERIFIED
DK,Euroman,Magasin,Mand/livsstil,Månedligt,Egmont Publishing,Egmont,Egmont Publishing DK Annonce,,,DK,Men's Lifestyle,General consumer,B2C,National,Print + Digital,Medium,,https://www.euroman.dk,VERIFIED
DK,RUM,Magasin,Interiør,Månedligt,Egmont Publishing,Egmont,Egmont Publishing DK Annonce,,,DK,Home & Interior,General consumer,B2C,National,Print + Digital,Medium,,https://www.rummag.com,UNVERIFIED
DK,BoligLiv,Magasin,Bolig,Månedligt,Egmont Publishing,Egmont,Egmont Publishing DK Annonce,,,DK,Home & Interior,General consumer,B2C,National,Print + Digital,High,,https://www.boligliv.dk,VERIFIED
DK,fit living,Magasin,Træning/sundhed,Månedligt,Egmont Publishing,Egmont,Egmont Publishing DK Annonce,,,DK,Health & Fitness,General consumer,B2C,National,Print + Digital,High,,https://www.fitliving.dk,LIKELY_OK
DK,Gastro,Magasin,Mad/vin,8x/år,Egmont Publishing,Egmont,Egmont Publishing DK Annonce,,,DK,Food & Drink,General consumer,B2C,National,Print + Digital,High,,https://www.gastro.dk,VERIFIED
DK,Vores Børn,Magasin,Forældre/børn,Månedligt,Egmont Publishing,Egmont,Egmont Publishing DK Annonce,,,DK,Family & Parenting,Parents of young children,B2C,National,Print + Digital,Medium,,https://www.voresboern.dk,VERIFIED
DK,GRAVID,Magasin,Forældre,6x/år,Egmont Publishing,Egmont,Egmont Publishing DK Annonce,,,DK,Family & Parenting,General consumer,B2C,National,Print + Digital,Medium,,https://www.gravid.dk,VERIFIED
DK,Hendes Verden,Magasin,Kvinde/livsstil,Ugentligt,Egmont Publishing,Egmont,Egmont Publishing DK Annonce,,50000,DK,Women's Lifestyle,Women 25-54,B2C,National,Print + Digital,Medium,circulation-reported,https://www.hendesverden.dk,VERIFIED
DK,HER&NU,Magasin,Sladder/kjendis,Ugentligt,Egmont Publishing,Egmont,Egmont Publishing DK Annonce,,60000,DK,Celebrity & Gossip,Celebrity & royal followers,B2C,National,Print + Digital,High,circulation-reported,https://www.hernu.dk,LIKELY_OK
DK,Anders And & Co.,Magasin,Tegneserie/børn,Ugentligt,Egmont Publishing,Egmont,Egmont Publishing DK Annonce,"Donald Duck DK, fra 1949",65000,DK,Children – Comics & TV,Children (3-12),B2C,National,Print + Digital,Low,circulation-reported,https://www.andersand.dk,VERIFIED
DK,Anders And Junior,Magasin,Børn,Månedligt,Egmont Publishing,Egmont,Egmont Publishing DK Annonce,,,DK,Children – Comics & TV,Children (3-12),B2C,National,Print + Digital,Low,,https://www.andersand.dk,VERIFIED
DK,Anders And Spar Sjov,Magasin,Børn,Kvartalsvis,Egmont Publishing,Egmont,Egmont Publishing DK Annonce,,,DK,Children – Comics & TV,Children (3-12),B2C,National,Print + Digital,Low,,https://www.andersand.dk,VERIFIED
DK,Basserne,Magasin,Tegneserie,Månedligt,Egmont Publishing,Egmont,Egmont Publishing DK Annonce,,,DK,Children – Comics & TV,Children (3-12),B2C,National,Print + Digital,Low,,https://www.egmont.dk,VERIFIED
DK,Bibi & Tina,Magasin,Børn/heste,Månedligt,Egmont Publishing,Egmont,Egmont Publishing DK Annonce,,,DK,Children – Comics & TV,Children (3-12),B2C,National,Print + Digital,Low,,https://www.egmont.dk,VERIFIED
DK,Barbie,Magasin,Børn/piger,Månedligt,Egmont Publishing,Egmont,Egmont Publishing DK Annonce,,,DK,Children – Comics & TV,Children (3-12),B2C,National,Print + Digital,Low,,https://www.egmont.dk,VERIFIED
DK,Pixiline,Magasin,Børn,Månedligt,Egmont Publishing,Egmont,Egmont Publishing DK Annonce,,,DK,Children – Comics & TV,Children (3-12),B2C,National,Print + Digital,Low,,https://www.egmont.dk,VERIFIED
DK,Disney Magasinet,Magasin,Børn,Månedligt,Egmont Publishing,Egmont,Egmont Publishing DK Annonce,,,DK,Children – Comics & TV,Children (3-12),B2C,National,Print + Digital,Low,,https://www.egmont.dk,VERIFIED
DK,Mickey Mouse Magasinet,Magasin,Børn,Månedligt,Egmont Publishing,Egmont,Egmont Publishing DK Annonce,,,DK,Children & Kids,General consumer,B2C,National,Print + Digital,Medium,,https://www.egmont.dk,VERIFIED
DK,Star Wars Magasinet,Magasin,Tegneserie/børn,Månedligt,Egmont Publishing,Egmont,Egmont Publishing DK Annonce,,,DK,Children – Comics & TV,Children (3-12),B2C,National,Print + Digital,Low,,https://www.egmont.dk,VERIFIED
DK,LEGO Magasinet,Magasin,Børn,Månedligt,Egmont Publishing,Egmont,Egmont Publishing DK Annonce,,,DK,Children & Kids,General consumer,B2C,National,Print + Digital,Medium,,https://www.lego.com,LIKELY_OK
DK,Aktiv Træning (DK),Magasin,Træning,Månedligt,Bonnier Publications,Bonnier Publications DK,Bonnier Publications DK Annonce,Original Aktiv Træning,,DK,Health & Fitness,Fitness enthusiasts,B2C,National,Print + Digital,Medium,,https://www.aktivtraening.dk,VERIFIED
DK,Bo Bedre (DK),Magasin,Bolig/interiør,Månedligt,Bonnier Publications,Bonnier Publications DK,Bonnier Publications DK Annonce,"Originalen, fra 1961",50000,DK,Home & Interior,General consumer,B2C,National,Print + Digital,High,circulation-reported,https://www.bobedre.dk,VERIFIED
DK,Bolig Magasinet,Magasin,Bolig,Månedligt,Bonnier Publications,Bonnier Publications DK,Bonnier Publications DK Annonce,,,DK,Home & Interior,General consumer,B2C,National,Print + Digital,High,,https://www.boligmagasinet.dk,VERIFIED
DK,Illustreret Videnskab,Magasin,Vitenskap,15x/år,Bonnier Publications,Bonnier Publications DK,Bonnier Publications DK Annonce,"Nordens største vit.magasin, fra 1984",100000,DK,Science,General consumer,B2C,National,Print + Digital,High,"circulation-reported, high-circulation",https://illvid.dk,VERIFIED
DK,Illustreret Videnskab Historie,Magasin,Historie,Månedligt,Bonnier Publications,Bonnier Publications DK,Bonnier Publications DK Annonce,,,DK,Science,General consumer,B2C,National,Print + Digital,High,,https://historienet.dk,VERIFIED
DK,Historie,Magasin,Historie,Månedligt,Bonnier Publications,Bonnier Publications DK,Bonnier Publications DK Annonce,,,DK,History,General consumer,B2C,National,Print + Digital,High,,https://historienet.dk,VERIFIED
DK,Hvorfor,Magasin,Vitenskap,Periodisk,Bonnier Publications,Bonnier Publications DK,Bonnier Publications DK Annonce,,,DK,Science,General consumer,B2C,National,Print + Digital,High,,https://bonnierpublications.com,LIKELY_OK
DK,National Geographic Denmark,Magasin,Geografi/natur,Månedligt,Bonnier Publications,Bonnier Publications DK,Bonnier Publications DK Annonce,,,DK,Science,General consumer,B2C,National,Print + Digital,High,,https://www.natgeo.dk,LIKELY_OK
DK,Komputer for Alle,Magasin,Tech,Månedligt,Bonnier Publications,Bonnier Publications DK,Bonnier Publications DK Annonce,Originalen,,DK,Tech & Gadgets,PC enthusiasts,B2C,National,Print + Digital,Medium,,https://komputerforalle.dk,VERIFIED
DK,Digital Foto,Magasin,Foto,Månedligt,Bonnier Publications,Bonnier Publications DK,Bonnier Publications DK Annonce,Originalen,,DK,Photography,General consumer,B2C,National,Print + Digital,High,,https://digitalfoto.dk,LIKELY_OK
DK,Gør Det Selv,Magasin,DIY/bolig,Månedligt,Bonnier Publications,Bonnier Publications DK,Bonnier Publications DK Annonce,Originalen,,DK,Home & Interior,General consumer,B2C,National,Print + Digital,High,,https://www.gds.dk,LIKELY_OK
DK,Bilrevyen,Magasin,Bil,Månedligt,Bonnier Publications,Bonnier Publications DK,Bonnier Publications DK Annonce,,,DK,Auto & Motor,General consumer,B2C,National,Print + Digital,Medium,,https://bilrevyen.dk,VERIFIED
DK,Bil Magasinet,Magasin,Bil,Månedligt,Bonnier Publications,Bonnier Publications DK,Bonnier Publications DK Annonce,,,DK,Auto & Motor,General consumer,B2C,National,Print + Digital,Medium,,https://bilmagasinet.dk,VERIFIED
DK,Arena,Magasin,Sport,Månedligt,Bonnier Publications,Bonnier Publications DK,Bonnier Publications DK Annonce,,,DK,Sports,General consumer,B2C,National,Print + Digital,Medium,,https://arenamag.com,UNVERIFIED
DK,Mandag Morgen,Magasin,Politik/erhverv,Ugentligt,Mandag Morgen,Mandag Morgen,Direkte hos udgiver,Politisk magasin,,DK,Business & Finance,General consumer,B2C,National,Print + Digital,High,,https://mandagmorgen.dk,VERIFIED
DK,Zetland,Magasin,Aktualitet,Digital,Zetland,Zetland,Direkte hos udgiver,Medlemsbaseret digital,,DK,Politics & Current Affairs,General consumer,B2C,National,Digital,High,,https://www.zetland.dk,VERIFIED
DK,Føljeton,Magasin,Aktualitet,Digital,Føljeton,Føljeton,Direkte hos udgiver,,,DK,Politics & Current Affairs,Quality journalism readers,B2C,National,Digital,High,,https://foljeton.dk,VERIFIED
DK,Politiken Magasinet,Magasin,Livsstil,Ugentligt,JP/Politikens Hus,Politiken,JP/Politikens Hus Annonce,Lørdagstillæg,,DK,Affluent Lifestyle,Politiken weekend readers,B2C,National,Print + Digital,High,,https://politiken.dk/magasinet,LIKELY_OK
DK,Bobedre.dk,Magasin,Bolig,Digital,Bonnier Publications,Bonnier Publications DK,Bonnier Publications DK Annonce,,,DK,Home & Interior,General consumer,B2C,National,Digital,High,,https://www.bobedre.dk,VERIFIED
DK,Costume Living,Magasin,Bolig,Periodisk,Aller Media (DK),Aller Media,Aller Media DK Annonce,,,DK,Home & Interior,Affluent 35+ (luxury),B2C,National,Print + Digital,High,,https://costume.dk,LIKELY_OK
DK,Dansk,Magasin,Mode/design,4x/år,Selvstændig,Dansk Magazine,Direkte hos udgiver,Internasjonalt modemagasin,,DK,Fashion,Fashion-engaged women 18-49,B2C,National,Print + Digital,Medium,,https://dansk.dk,VERIFIED
DK,Eurowoman.dk,Webmagasin,Mode,Digital,Egmont Publishing,Egmont,Egmont Publishing DK Annonce,,,DK,Fashion,Fashion-engaged women 18-49,B2C,National,Digital,High,digital-only,https://www.eurowoman.dk,VERIFIED
DK,ALT.dk,Webmagasin,Kvinde,Digital,Egmont Publishing,Egmont,Egmont Publishing DK Annonce,Egmont's kvindeunivers,,DK,Women's Lifestyle,Women 25-54,B2C,National,Digital,High,digital-only,https://www.alt.dk,VERIFIED
DK,Tænk,Magasin,Forbruger,10x/år,Forbrugerrådet Tænk,Forbrugerrådet,Direkte hos udgiver,Forbrugertest,,DK,Business & Finance,Consumer rights advocates,B2C,National,Print + Digital,Medium,,https://taenk.dk,VERIFIED
DK,Bilen,Magasin,Bil,Månedligt,FDM,FDM,Direkte hos udgiver,FDMs medlemsblad,,DK,Auto & Motor,General consumer,B2C,National,Print + Digital,Medium,,https://www.fdm.dk,VERIFIED
DK,Motor (FDM),Magasin,Bil,Månedligt,FDM,FDM,Direkte hos udgiver,Forenede Danske Motorejere,,DK,Auto & Motor,General consumer,B2C,National,Print + Digital,Medium,,https://www.fdm.dk/motor,VERIFIED
DK,Sundhed for Alle,Magasin,Sundhed,Periodisk,Selvstændig,SFA,Direkte hos udgiver,,,DK,Health & Fitness,General consumer,B2C,National,Print + Digital,High,,https://www.sundhedsforum.dk,UNVERIFIED
DK,Nat og Dag,Magasin,Kultur/musik,Månedligt,Selvstændig,Nat og Dag,Direkte hos udgiver,København,,DK,Music,General consumer,B2C,National,Print + Digital,High,,https://natogdag.dk,LIKELY_OK
DK,Magasinet Bil,Magasin,Bil,Månedligt,Selvstændig,MB,Direkte hos udgiver,,,DK,Auto & Motor,General consumer,B2C,National,Print + Digital,High,,https://www.bilmagasinet.dk,VERIFIED
DK,Bil Magasinet (DK),Magasin,Bil,Månedligt,Selvstændig,BM,Direkte hos udgiver,,,DK,Auto & Motor,General consumer,B2C,National,Print + Digital,Medium,,https://bilmagasinet.dk,VERIFIED
DK,Camping og Friluftsliv,Magasin,Camping/friluft,Månedligt,Selvstændig,C&F,Direkte hos udgiver,,,DK,Camping & Caravan,Caravan/camping enthusiasts,B2C,National,Print + Digital,High,,http://campingnyt.dk/,VERIFIED
DK,Lystfiskeri Magasinet,Magasin,Fiske,Månedligt,Selvstændig,LM,Direkte hos udgiver,,,DK,Hunting & Fishing,Outdoor enthusiasts (hunting/fishing),B2C,National,Print + Digital,High,,https://www.lystfiskeren.dk,LIKELY_OK
DK,Jæger,Magasin,Jakt,Månedligt,Danmarks Jægerforbund,DJF,Direkte hos udgiver,DJF medlemsblad,,DK,Hunting & Fishing,Outdoor enthusiasts (hunting/fishing),B2B,National,Print + Digital,Low,,https://www.jaegerforbundet.dk,VERIFIED
DK,Vand & Vind,Magasin,Sejlsport,8x/år,Selvstændig,V&V,Direkte hos udgiver,,,DK,Sports,General consumer,B2C,National,Print + Digital,Medium,,https://www.havnen.dk,UNVERIFIED
DK,Sejlerbladet,Magasin,Sejlsport,8x/år,Dansk Sejlunion,DS,Direkte hos udgiver,,,DK,Sports,General consumer,B2B,National,Print + Digital,Low,,https://www.dansksejlunion.dk,UNVERIFIED
DK,Bådmagasinet,Magasin,Båt,Månedligt,Selvstændig,BM,Direkte hos udgiver,,,DK,Boating & Sailing,Boating enthusiasts,B2C,National,Print + Digital,High,,https://www.baadmagasinet.dk,VERIFIED
DK,Hund & Træning,Magasin,Hund,Månedligt,Selvstændig,HT,Direkte hos udgiver,,,DK,Pets,General consumer,B2C,National,Print + Digital,Medium,,https://www.dkk.dk,UNVERIFIED
DK,Kennel-Bladet,Magasin,Hund,Månedligt,Dansk Kennel Klub,DKK,Direkte hos udgiver,,,DK,Pets,General consumer,B2C,National,Print + Digital,Medium,,https://www.dkk.dk,VERIFIED
DK,Heste-Magasinet,Magasin,Hest,Månedligt,Selvstændig,HM,Direkte hos udgiver,,,DK,Sports – Equestrian,Equestrian enthusiasts,B2C,National,Print + Digital,High,,https://hestemagasinet.dk,VERIFIED
DK,Ridehesten,Magasin,Hest,Månedligt,Selvstændig,Ridehesten,Direkte hos udgiver,,,DK,Sports – Equestrian,Equestrian enthusiasts,B2C,National,Print + Digital,High,,https://ridehesten.com,VERIFIED
DK,Hesten,Magasin,Hest,Månedligt,Selvstændig,Hesten,Direkte hos udgiver,,,DK,Sports – Equestrian,Equestrian enthusiasts,B2C,National,Print + Digital,High,,https://www.hesten.dk,VERIFIED
DK,Cykelmagasinet,Magasin,Cykling,8x/år,Selvstændig,CM,Direkte hos udgiver,,,DK,Sports – Cycling,General consumer,B2C,National,Print + Digital,Medium,,https://cykelmagasinet.dk,LIKELY_OK
DK,Aktiv Træning,Magasin,Træning,Månedligt,Bonnier Publications,Bonnier Publications DK,Bonnier Publications DK Annonce,,,DK,Health & Fitness,Fitness enthusiasts,B2C,National,Print + Digital,Medium,,https://aktivtraening.dk,VERIFIED
DK,Mit Hjem,Magasin,Bolig,Månedligt,Selvstændig,MH,Direkte hos udgiver,,,DK,Home & Interior,General consumer,B2C,National,Print + Digital,High,,https://mithjem.dk,VERIFIED
DK,Stylista,Magasin,Mode/livsstil,Periodisk,Selvstændig,Stylista,Direkte hos udgiver,,,DK,Fashion,Fashion-engaged women 18-49,B2C,National,Print + Digital,Medium,,https://stylista.dk,VERIFIED
DK,Atlas,Magasin,Internasjonalt,Månedligt,Selvstændig,Atlas,Direkte hos udgiver,Politisk dybde,,DK,Politics & Current Affairs,Internationally minded,B2C,National,Print + Digital,Medium,,https://www.atlasmag.dk,VERIFIED
DK,Friktion,Magasin,Idéhistorie,Kvartalsvis,Selvstændig,Friktion,Direkte hos udgiver,,,DK,Arts & Culture,General consumer,B2C,National,Print + Digital,High,,https://friktionmagasin.dk,VERIFIED
DK,Lettre Internationale,Magasin,Kultur/litteratur,Kvartalsvis,Selvstændig,LI,Direkte hos udgiver,,,DK,Literature & Books,General consumer,B2C,National,Print + Digital,High,,https://www.lettre.dk,VERIFIED
DK,Standart,Magasin,Litteratur,Kvartalsvis,Selvstændig,Standart,Direkte hos udgiver,Bokmagasin,,DK,Literature & Books,General consumer,B2C,National,Print + Digital,High,,https://standart.dk,VERIFIED
DK,Vagant DK,Magasin,Litteratur,Kvartalsvis,Selvstændig,Vagant,Direkte hos udgiver,,,DK,Literature & Books,General consumer,B2C,National,Print + Digital,High,,https://www.vagant.no,VERIFIED
DK,Kritik,Magasin,Litteratur,Kvartalsvis,Gyldendal,Gyldendal,Direkte hos udgiver,,,DK,Literature & Books,General consumer,B2C,National,Print + Digital,High,,https://www.gyldendal-uddannelse.dk,VERIFIED
DK,Spring,Magasin,Litteratur,Halvårligt,Spring,Spring,Direkte hos udgiver,,,DK,Literature & Books,General consumer,B2C,National,Print + Digital,High,,https://spring.dk,UNVERIFIED
DK,Den Blå Port,Magasin,Litteratur,Kvartalsvis,Selvstændig,DBP,Direkte hos udgiver,,,DK,Literature & Books,General consumer,B2C,National,Print + Digital,High,,https://denblaaport.dk,VERIFIED
DK,Banana Split,Magasin,Tegneserie,Kvartalsvis,Selvstændig,BS,Direkte hos udgiver,,,DK,Children & Kids,Children (3-12),B2C,National,Print + Digital,Low,,https://basilisk.dk,UNVERIFIED
DK,Strix Magazine,Magasin,Kunst,Periodisk,Selvstændig,Strix,Direkte hos udgiver,,,DK,Arts & Culture,General consumer,B2C,National,Print + Digital,Medium,,https://www.strix.com,UNVERIFIED
DK,Soundvenue,Magasin,Musikk/film,6x/år,Soundvenue,Soundvenue,Direkte hos udgiver,,,DK,Music,Music fans,B2C,National,Print + Digital,High,,https://soundvenue.com,VERIFIED
DK,Gaffa,Magasin,Musikk,Månedligt,Gaffa,Gaffa,Direkte hos udgiver,Største musikkmagasin,,DK,Music,General consumer,B2C,National,Print + Digital,High,,https://gaffa.dk,VERIFIED
DK,Filmmagasinet,Magasin,Film,Kvartalsvis,Selvstændig,Film,Direkte hos udgiver,,,DK,Film,General consumer,B2C,National,Print + Digital,High,,https://www.dfi.dk,VERIFIED
DK,EKKO,Magasin,Film,Kvartalsvis,Selvstændig,EKKO,Direkte hos udgiver,,,DK,Film,General consumer,B2C,National,Print + Digital,High,,https://www.ekkofilm.dk,VERIFIED
DK,Apertura,Magasin,Foto/film,Kvartalsvis,Selvstændig,Apertura,Direkte hos udgiver,,,DK,Film,General consumer,B2C,National,Print + Digital,High,,https://apertura.dk,VERIFIED
DK,Maden,Magasin,Mat,Periodisk,Selvstændig,Maden,Direkte hos udgiver,,,DK,Food & Drink,General consumer,B2C,National,Print + Digital,Medium,,https://maden.dk,VERIFIED
DK,Spis Bedre,Magasin,Mat,Månedligt,Aller Media (DK),Aller Media,Aller Media DK Annonce,,,DK,Food & Drink,General consumer,B2C,National,Print + Digital,High,,https://www.spisbedre.dk,VERIFIED
DK,Vin & Mad,Magasin,Vin/mat,6x/år,Selvstændig,V&M,Direkte hos udgiver,,,DK,Food & Drink,General consumer,B2C,National,Print + Digital,High,,https://www.vinogmad.dk,VERIFIED
DK,Vinbladet,Magasin,Vin,6x/år,Selvstændig,Vinbladet,Direkte hos udgiver,,,DK,Food & Drink,General consumer,B2C,National,Print + Digital,High,,https://www.vinbladet.dk,VERIFIED
DK,Spirits,Magasin,Spirits,Kvartalsvis,Selvstændig,Spirits,Direkte hos udgiver,,,DK,Food & Drink,General consumer,B2C,National,Print + Digital,High,,https://drinks.dk,UNVERIFIED
DK,Drinks,Magasin,Drikke,Kvartalsvis,Selvstændig,Drinks,Direkte hos udgiver,,,DK,Food & Drink,Drinks enthusiasts,B2C,National,Print + Digital,Medium,,https://www.drinks.dk,LIKELY_OK
DK,Smag,Magasin,Mat,Kvartalsvis,Selvstændig,Smag,Direkte hos udgiver,,,DK,Food & Drink,General consumer,B2C,National,Print + Digital,Medium,,https://www.gastro.dk,VERIFIED
DK,Sygeplejersken,Fagblad,Sygepleje,11x/år,Dansk Sygeplejeråd,DSR,DSR Annonce,Største medlemsblad sygepleje,65000,DK,B2B – Healthcare,Healthcare professionals,B2B,National,Print + Digital,High,circulation-reported,https://dsr.dk/sygeplejersken,VERIFIED
DK,Ugeskrift for Læger,Fagblad,Medicin,Ugentligt,Lægeforeningen,Lægeforeningen,Lægeforeningen Annonce,Fra 1839,30000,DK,B2B – Healthcare,Healthcare professionals,B2B,National,Print + Digital,High,circulation-reported,https://ugeskriftet.dk,VERIFIED
DK,Tandlægebladet,Fagblad,Tandlæge,11x/år,Tandlægeforeningen,Tandlægeforeningen,Direkte hos udgiver,,,DK,B2B – Healthcare,Dentists,B2B,National,Print + Digital,High,,https://www.tandlaegebladet.dk,VERIFIED
DK,Farmaceuten,Fagblad,Farmaci,11x/år,Pharmadanmark,Pharmadanmark,Direkte hos udgiver,,,DK,B2B – Healthcare,Healthcare professionals,B2B,National,Print + Digital,High,,https://www.pharmadanmark.dk,LIKELY_OK
DK,Apotekeren,Fagblad,Farmaci,Månedligt,Danmarks Apotekerforening,DAF,Direkte hos udgiver,,,DK,B2B – Healthcare,Healthcare professionals,B2B,National,Print + Digital,High,,https://www.apotekerforeningen.dk,VERIFIED
DK,Dansk Veterinærtidsskrift,Fagblad,Veterinærmedisin,18x/år,Den Danske Dyrlægeforening,DDD,Direkte hos udgiver,,,DK,B2B – Healthcare,Veterinarians,B2B,National,Print + Digital,High,,https://www.ddd.dk,VERIFIED
DK,Fysioterapeuten (DK),Fagblad,Fysioterapi,10x/år,Danske Fysioterapeuter,DFys,Direkte hos udgiver,,,DK,B2B – Healthcare,Healthcare professionals,B2B,National,Print + Digital,High,,https://fysio.dk,VERIFIED
DK,Ergoterapeuten,Fagblad,Ergoterapi,8x/år,Ergoterapeutforeningen,Ergo,Direkte hos udgiver,,,DK,B2B – Healthcare,Healthcare professionals,B2B,National,Print + Digital,High,,https://www.etf.dk,VERIFIED
DK,Bioanalytikeren,Fagblad,Bioanalyse,10x/år,DBio,DBio,Direkte hos udgiver,,,DK,B2B – Healthcare,Healthcare professionals,B2B,National,Print + Digital,High,,https://www.dbio.dk,VERIFIED
DK,Jordemoderforeningen Tidsskrift,Fagblad,Jordemoder,6x/år,Jordemoderforeningen,JMF,Direkte hos udgiver,,,DK,B2B – Healthcare,Healthcare professionals,B2B,National,Print + Digital,High,,https://jordemoderforeningen.dk,VERIFIED
DK,Sundhed i Praksis,Fagblad,Sundhed,Kvartalsvis,Selvstændig,SiP,Direkte hos udgiver,,,DK,Health & Fitness,General consumer,B2B,National,Print + Digital,High,,https://www.laeger.dk,UNVERIFIED
DK,Dagens Medicin (DK),Fagblad,Medisin,Ugentligt,Bonnier Business,Bonnier,Direkte hos udgiver,B2B sundhedsvæsen,,DK,B2B – Healthcare,Healthcare professionals,B2B,National,Print + Digital,High,,https://dagensmedicin.dk,VERIFIED
DK,Onkologisk Tidsskrift,Fagblad,Onkologi,Kvartalsvis,Selvstændig,OT,Direkte hos udgiver,,,DK,B2B – Healthcare,Healthcare professionals,B2B,National,Print + Digital,High,,https://www.dso.dk,UNVERIFIED
DK,Psykiatri Information,Fagblad,Psykiatri,4x/år,Psykiatrifonden,Psykiatrifonden,Direkte hos udgiver,,,DK,B2B – Healthcare,Psychiatry pros,B2B,National,Print + Digital,High,,https://psykiatrifonden.dk,VERIFIED
DK,Folkeskolen,Fagblad,Utdanning,18x/år,Danmarks Lærerforening,DLF,Direkte hos udgiver,Største lærerblad,100000,DK,B2B – Education,Teachers & educators,B2B,National,Print + Digital,High,"circulation-reported, high-circulation",https://www.dlf.org,UNVERIFIED
DK,Gymnasieskolen,Fagblad,Utdanning,8x/år,Gymnasieskolernes Lærerforening,GL,Direkte hos udgiver,,,DK,B2B – Education,Teachers & educators,B2B,National,Print + Digital,High,,https://www.gl.org,UNVERIFIED
DK,Børn&Unge,Fagblad,Pædagog,12x/år,BUPL,BUPL,Direkte hos udgiver,Pædagogers fagblad,65000,DK,B2B – Trade Union,Trade union members,B2B,National,Print + Digital,High,circulation-reported,https://www.bupl.dk,VERIFIED
DK,Asterisk,Fagblad,Universitet,Kvartalsvis,DPU,DPU,Direkte hos udgiver,Pædagogisk forskning,,DK,B2B – Education,Teachers & educators,B2B,National,Print + Digital,High,,https://www.au.dk,VERIFIED
DK,Pædagogiske Magasinet,Fagblad,Pædagogik,6x/år,Selvstændig,PM,Direkte hos udgiver,,,DK,B2B – Education,Educators,B2B,National,Print + Digital,High,,https://www.bupl.dk,UNVERIFIED
DK,Forskerforum (DK),Fagblad,Forskning,Månedligt,DM,Dansk Magisterforening,Direkte hos udgiver,,,DK,B2B – Education,Teachers & educators,B2B,National,Print + Digital,High,,https://www.forskerforum.dk,VERIFIED
DK,Magisterbladet,Fagblad,Akademiker,11x/år,DM,Dansk Magisterforening,Direkte hos udgiver,,55000,DK,B2B – Education,Teachers & educators,B2B,National,Print + Digital,High,circulation-reported,https://magisterbladet.dk,VERIFIED
DK,Akademikerbladet,Fagblad,Akademiker,Periodisk,DM,Dansk Magisterforening,Direkte hos udgiver,,,DK,B2B – Education,Teachers & educators,B2B,National,Print + Digital,High,,https://www.akademikerbladet.dk,VERIFIED
DK,DJØFbladet,Fagblad,Jura/økonomi,18x/år,DJØF,DJØF,Direkte hos udgiver,,95000,DK,B2B – Education,Teachers & educators,B2B,National,Print + Digital,High,circulation-reported,https://www.djoefbladet.dk,VERIFIED
DK,Uddannelsesbladet,Fagblad,Utdanning,Periodisk,Uddannelsesforbundet,UF,Direkte hos udgiver,,,DK,B2B – Education,Educators,B2B,National,Print + Digital,High,,https://uddannelsesforbundet.dk,VERIFIED
DK,Fagbladet 3F,Fagblad,Fagforening,10x/år,3F,3F,Direkte hos udgiver,Største fagforbund DK,230000,DK,B2B – Trade Union,Trade union members,B2B,National,Print + Digital,High,"circulation-reported, high-circulation, union-member-publication",https://fagbladet3f.dk,VERIFIED
DK,Magasinet HK,Fagblad,Fagforening,8x/år,HK,HK,Direkte hos udgiver,HK Danmark,250000,DK,B2B – Trade Union,Trade union members,B2B,National,Print + Digital,High,"circulation-reported, high-circulation",https://hk.dk,VERIFIED
DK,FOAs medlemsblad,Fagblad,Fagforening,10x/år,FOA,FOA,Direkte hos udgiver,Pleje/social,,DK,Membership/Customer Magazine,General consumer,B2B,National,Print + Digital,High,,https://www.foa.dk,VERIFIED
DK,Sosu-bladet,Fagblad,Pleje,Periodisk,FOA,FOA,Direkte hos udgiver,,,DK,B2B – Healthcare,Healthcare professionals,B2B,National,Print + Digital,High,,https://www.foa.dk,VERIFIED
DK,Ugebrevet A4,Fagblad,Fagforening/politik,Ugentligt,Avisen.dk / FH,FH,Direkte hos udgiver,Fagbevegelsens hovedorganisation,,DK,Politics & Current Affairs,General consumer,B2B,National,Print + Digital,High,,https://www.a4nu.dk,VERIFIED
DK,FH Magasin,Fagblad,Fagforening,Periodisk,FH (Fagbevægelsens Hovedorganisation),FH,Direkte hos udgiver,,,DK,B2B – Trade Union,Trade union members,B2B,National,Print + Digital,High,,https://fho.dk,VERIFIED
DK,Akademikerbladet (AC),Fagblad,Akademiker,Periodisk,Akademikerne,AC,Direkte hos udgiver,,,DK,B2B – Education,Teachers & educators,B2B,National,Print + Digital,High,,https://www.akademikerbladet.dk,VERIFIED
DK,Maskinmesteren,Fagblad,Maskinmester,11x/år,Maskinmestrenes Forening,MMF,Direkte hos udgiver,,,DK,B2B – Engineering,Engineers,B2B,National,Print + Digital,High,,http://maskinmesteren.dk/,VERIFIED
DK,Konstruktøren,Fagblad,Bygg,8x/år,Konstruktørforeningen,KF,Direkte hos udgiver,,,DK,B2B – Construction & Property,Construction & property pros,B2B,National,Print + Digital,High,,https://kf.dk,LIKELY_OK
DK,Politibladet,Fagblad,Politi,12x/år,Politiforbundet,Politiforbundet,Direkte hos udgiver,,12000,DK,B2B – Defense & Police,Defence & police personnel,B2B,National,Print + Digital,High,circulation-reported,https://politiforbundet.dk,VERIFIED
DK,Forsvarsavisen,Fagblad,Forsvar,8x/år,Forsvarskommandoen,Forsvaret,Direkte hos udgiver,,,DK,B2B – Defense & Police,Defense & police pros,B2B,National,Print + Digital,High,,https://forsvaret.dk,VERIFIED
DK,Tjenestemandsbladet,Fagblad,Forsvar,Periodisk,CS,CS,Direkte hos udgiver,Centralforeningen for Stampersonel,,DK,B2B – Trade Union,Trade union members,B2B,National,Print + Digital,High,,https://cs.dk,VERIFIED
DK,Hjemmeværnsbladet,Fagblad,Forsvar,6x/år,Hjemmeværnet,HJV,Direkte hos udgiver,,,DK,B2B – Defense & Police,Defense & police pros,B2B,National,Print + Digital,High,,https://hjv.dk,VERIFIED
DK,Kommunalbladet,Fagblad,Kommune,Periodisk,KL,KL,Direkte hos udgiver,Kommunernes Landsforening,,DK,B2B – Public Sector,Public sector workers,B2B,National,Print + Digital,High,,https://www.kl.dk,VERIFIED
DK,DanskFire,Fagblad,Brand,Periodisk,Beredskabsstyrelsen,BRS,Direkte hos udgiver,,,DK,B2B – Public Sector,Fire/emergency pros,B2B,National,Print + Digital,High,,https://brs.dk,VERIFIED
DK,Ingeniøren,Fagblad,Ingeniør,Ugentligt,Mediehuset Ingeniøren,Ingeniøren,Direkte hos udgiver,Mest læste tekniske ugeblad,65000,DK,B2B – Engineering,Engineers,B2B,National,Print + Digital,High,circulation-reported,https://ing.dk,VERIFIED
DK,Version2,Fagblad,IT,Digital,Mediehuset Ingeniøren,Ingeniøren,Direkte hos udgiver,IT-fag,,DK,B2B – IT & Tech,IT professionals,B2B,National,Digital,High,,https://www.version2.dk,VERIFIED
DK,Computerworld DK,Fagblad,IT,Ugentligt,IDG,IDG,Direkte hos udgiver,,,DK,B2B – IT & Tech,IT professionals,B2B,National,Print + Digital,High,,https://www.computerworld.dk,VERIFIED
DK,Børsens Magasin,Magasin,Erhverv,Månedligt,Bonnier,Børsen,Børsen Annonce,Med Børsen-abonnement,,DK,Business & Finance,General consumer,B2C,National,Print + Digital,High,,https://borsen.dk,LIKELY_OK
DK,Erhvervsmagasinet,Fagblad,Erhverv,Periodisk,Selvstændig,Erhvervsmagasinet,Direkte hos udgiver,,,DK,Business & Finance,General consumer,B2B,National,Print + Digital,High,,https://www.erhvervet.dk,UNVERIFIED
DK,Markedsføring,Fagblad,Marketing,Periodisk,Selvstændig,Markedsføring,Direkte hos udgiver,,,DK,B2B – Marketing & Media,Marketing & media pros,B2B,National,Print + Digital,High,,https://markedsforing.dk,VERIFIED
DK,Bureaubiz,Fagblad,Reklame,Digital,Selvstændig,Bureaubiz,Direkte hos udgiver,Reklamebranchen,,DK,B2B – Marketing & Media,Marketing & media pros,B2B,National,Digital,High,,https://bureaubiz.dk,VERIFIED
DK,Mediavision,Fagblad,Reklame/medier,Periodisk,Selvstændig,Mediavision,Direkte hos udgiver,,,DK,B2B – Marketing & Media,Marketing & media pros,B2B,National,Print + Digital,High,,https://mediavision.dk,LIKELY_OK
DK,Logistik & Transport,Fagblad,Logistikk,Periodisk,Selvstændig,L&T,Direkte hos udgiver,,,DK,B2B – Transport & Logistics,Transport & logistics pros,B2B,National,Print + Digital,High,,https://www.transportmagasinet.dk,VERIFIED
DK,Transportmagasinet,Fagblad,Transport,Månedligt,DTL,DTL,Direkte hos udgiver,,,DK,B2B – Transport & Logistics,Transport & logistics pros,B2B,National,Print + Digital,High,,https://www.transportmagasinet.dk,VERIFIED
DK,Dansk Industri,Fagblad,Industri,Månedligt,DI,DI,Direkte hos udgiver,Største erhvervsorg.,,DK,B2B – Engineering,Engineers,B2B,National,Print + Digital,High,,https://danskindustri.dk,VERIFIED
DK,DI Business,Fagblad,Erhverv,Ugentligt,DI,DI,Direkte hos udgiver,,,DK,Business & Finance,General consumer,B2B,National,Print + Digital,High,,https://www.dibusiness.dk,VERIFIED
DK,HORESTA Magasinet,Fagblad,Horeca,Periodisk,HORESTA,HORESTA,Direkte hos udgiver,,,DK,B2B – Hospitality,IT professionals,B2B,National,Print + Digital,High,,https://www.horesta.dk,VERIFIED
DK,Restauratøren,Fagblad,Horeca,Månedligt,Selvstændig,Restauratøren,Direkte hos udgiver,,,DK,B2B – Hospitality,Hospitality pros,B2B,National,Print + Digital,High,,https://www.horesta.dk,UNVERIFIED
DK,Madkærligheden,Magasin,Mat/branche,Periodisk,Selvstændig,Madkærligheden,Direkte hos udgiver,,,DK,Food & Drink,General consumer,B2C,National,Print + Digital,Medium,,https://madkærlighed.dk,UNVERIFIED
DK,Hotel & Restaurant,Fagblad,Horeca,Periodisk,Selvstændig,H&R,Direkte hos udgiver,,,DK,B2B – Hospitality,IT professionals,B2B,National,Print + Digital,High,,https://hrf.dk,VERIFIED
DK,Mester Tidende,Fagblad,Håndverk,Månedligt,Dansk Håndværk,DH,Direkte hos udgiver,,,DK,Craft & DIY,General consumer,B2B,National,Print + Digital,High,,https://danskhaandvaerk.dk,LIKELY_OK
DK,Tømrerforbundet,Fagblad,Bygg,Periodisk,3F,3F,Direkte hos udgiver,,,DK,B2B – Construction & Property,Construction & property pros,B2B,National,Print + Digital,High,,https://3f.dk,VERIFIED
DK,Bygmesteren,Fagblad,Bygg,Periodisk,Dansk Byggeri,DB,Direkte hos udgiver,,,DK,B2B – Construction & Property,Construction & property pros,B2B,National,Print + Digital,High,,https://www.danskbyggeri.dk,VERIFIED
DK,Licitationen,Fagblad,Bygg,Ugentligt,Licitationen,Licitationen,Direkte hos udgiver,Byggebranchen,,DK,B2B – Construction & Property,Construction & property pros,B2B,National,Print + Digital,High,,https://www.licitationen.dk,VERIFIED
DK,Byggeplads.dk,Fagblad,Bygg,Digital,Selvstændig,Byggeplads,Direkte hos udgiver,,,DK,B2B – Construction & Property,Construction & property pros,B2B,National,Digital,High,,https://www.byggeplads.com,UNVERIFIED
DK,Murermester,Fagblad,Bygg,Periodisk,Murerlauget,Murerlauget,Direkte hos udgiver,,,DK,B2B – Construction & Property,Construction & property pros,B2B,National,Print + Digital,High,,https://murermester.dk,VERIFIED
DK,Maler,Fagblad,Maler,Periodisk,Malernes Fagforening,MF,Direkte hos udgiver,,,DK,B2B – Construction & Property,Construction & property pros,B2B,National,Print + Digital,High,,https://www.maler.dk,VERIFIED
DK,VVS,Fagblad,VVS,Månedligt,TEKNIQ,TEKNIQ,Direkte hos udgiver,,,DK,B2B – Construction & Property,Construction & property pros,B2B,National,Print + Digital,High,,https://www.tekniq.dk,VERIFIED
DK,Elektriker,Fagblad,Elektro,Periodisk,Dansk El-Forbund,DEF,Direkte hos udgiver,,,DK,B2B – Construction & Property,Construction & property pros,B2B,National,Print + Digital,High,,https://def.dk,VERIFIED
DK,EL-Branchen,Fagblad,Elektro,Periodisk,TEKNIQ,TEKNIQ,Direkte hos udgiver,,,DK,B2B – Energy & Utilities,Energy industry pros,B2B,National,Print + Digital,High,,https://www.tekniq.dk,VERIFIED
DK,Plast,Fagblad,Plast,Periodisk,Plastindustrien,PI,Direkte hos udgiver,,,DK,B2B – Engineering,Engineers,B2B,National,Print + Digital,High,,https://www.plastindustrien.dk,UNVERIFIED
DK,Landbrugsavisen,Avis,Landbrug,Ugentligt,Landbrugsmedierne,LM,Landbrugsmedierne Annonce,Største landbrugsavis,40000,DK,B2B – Agriculture,Farmers,B2B,National,Print + Digital,High,circulation-reported,https://landbrugsavisen.dk,VERIFIED
DK,Mark,Fagblad,Landbrug,Periodisk,Landbrugsmedierne,LM,Landbrugsmedierne Annonce,,,DK,B2B – Agriculture,Farmers,B2B,National,Print + Digital,High,,https://www.landbrugsmedierne.dk,VERIFIED
DK,Maskinbladet,Fagblad,Landbrug/maskin,Ugentligt,Selvstændig,Maskinbladet,Direkte hos udgiver,,,DK,B2B – Agriculture,Farm machinery pros,B2B,National,Print + Digital,High,,https://www.maskinbladet.dk,VERIFIED
DK,Bovi,Fagblad,Landbrug/kvæg,8x/år,SEGES,SEGES,Direkte hos udgiver,,,DK,B2B – Agriculture,Cattle farmers,B2B,National,Print + Digital,High,,https://www.seges.dk,VERIFIED
DK,Svin,Fagblad,Landbrug/svin,Månedligt,SEGES,SEGES,Direkte hos udgiver,,,DK,B2B – Agriculture,Farmers,B2B,National,Print + Digital,High,,https://www.seges.dk,VERIFIED
DK,Frilandet,Fagblad,Landbrug,Periodisk,Frilandsmuseet,FM,Direkte hos udgiver,,,DK,B2B – Agriculture,Outdoor farming,B2B,National,Print + Digital,High,,https://frilandsmuseet.dk,VERIFIED
DK,Frugt & Grønt,Fagblad,Landbrug/grønt,Månedligt,Gartneribruget,Gartneribruget,Direkte hos udgiver,,,DK,B2B – Agriculture,Fruit/vegetable growers,B2B,National,Print + Digital,High,,https://gartnertidende.dk,UNVERIFIED
DK,Gartner Tidende,Fagblad,Gartneri,11x/år,Dansk Gartneri,DG,Direkte hos udgiver,,,DK,B2B – Agriculture,Farmers,B2B,National,Print + Digital,High,,https://www.gartnertidende.dk,VERIFIED
DK,Grønt Miljø,Fagblad,Anlegg,8x/år,Danske Anlægsgartnere,DAG,Direkte hos udgiver,,,DK,B2B – Construction & Property,Construction & property pros,B2B,National,Print + Digital,High,,https://www.dag.dk,LIKELY_OK
DK,Skoven,Fagblad,Skog,11x/år,Dansk Skovforening,DSF,Direkte hos udgiver,,,DK,B2B – Agriculture,Farmers,B2B,National,Print + Digital,High,,https://skoven.dk,VERIFIED
DK,Fiskeri Tidende,Fagblad,Fiskeri,Ugentligt,Danmarks Fiskeriforening,DF,Direkte hos udgiver,,,DK,B2B – Transport & Logistics,Transport & logistics pros,B2B,National,Print + Digital,High,,https://fiskeritidende.dk,UNVERIFIED
DK,Fødevarewatch,Fagblad,Fødevarer,Digital,JP/Politikens Hus,Watch Medier,JP/Politikens Hus Annonce,,,DK,B2B – Retail,Food industry pros,B2B,National,Digital,High,,https://fodevarewatch.dk,VERIFIED
DK,Kirken i Dag,Fagblad,Religion,Månedligt,Folkekirken,Folkekirken,Direkte hos udgiver,,,DK,Religion,Religious (Christian),B2B,National,Print + Digital,High,,https://www.folkekirken.dk,VERIFIED
DK,Præsteforeningens Blad,Fagblad,Religion,8x/år,Den Danske Præsteforening,DDP,Direkte hos udgiver,,,DK,Religion,Religious (Christian),B2B,National,Print + Digital,High,,https://www.praesteforening.dk,VERIFIED
DK,Magasinet Liv,Magasin,Religion,Månedligt,Indre Mission,IM,Direkte hos udgiver,,,DK,Religion,Religious (Christian),B2B,National,Print + Digital,Medium,,https://indremission.dk,VERIFIED
DK,Missionsbladet,Magasin,Religion,Periodisk,Missionsselskaberne,Mission,Direkte hos udgiver,,,DK,Religion,Religious (Christian),B2B,National,Print + Digital,Medium,,https://www.mfdk.dk,UNVERIFIED
DK,Idrætsliv,Fagblad,Idrett,6x/år,DIF,DIF,Direkte hos udgiver,Danmarks Idrætsforbund,,DK,Sports,Sports federation members,B2B,National,Print + Digital,Medium,union-member-publication,https://www.dif.dk,VERIFIED
DK,DBU Magasin,Magasin,Fotball,6x/år,DBU,DBU,Direkte hos udgiver,,,DK,Sports – Football/Hockey,General consumer,B2C,National,Print + Digital,Medium,,https://www.dbu.dk,VERIFIED
DK,Fodboldmagasinet,Magasin,Fotball,Månedligt,Selvstændig,FBM,Direkte hos udgiver,,,DK,Sports – Football/Hockey,General consumer,B2C,National,Print + Digital,Medium,,https://www.tipsbladet.dk,UNVERIFIED
DK,Tipsbladet,Avis,Sport/fotball,Ugentligt,Tipsbladet,Tipsbladet,Direkte hos udgiver,Sportsavis,30000,DK,Sports – Football/Hockey,General consumer,B2C,National,Print + Digital,Medium,circulation-reported,https://tipsbladet.dk,VERIFIED
DK,Sport24,Webavis,Sport,Digital,Bonnier,Bonnier,Direkte hos udgiver,,,DK,Sports,General consumer,B2C,National,Digital,High,digital-only,https://sport24.dk,LIKELY_OK
DK,Faglig Senior,Fagblad,Pension,Periodisk,FOA Senior,FOA,Direkte hos udgiver,,,DK,Seniors 55+,Adults 55+,B2B,National,Print + Digital,High,,https://foa.dk/senior,VERIFIED
DK,Pensionisten,Fagblad,Pension,6x/år,Faglige Seniorer,FS,Direkte hos udgiver,,,DK,Seniors 55+,Adults 55+,B2B,National,Print + Digital,High,,https://pensionisten.dk,UNVERIFIED
DK,Ældre Sagens Magasin,Magasin,Pension/livsstil,6x/år,Ældre Sagen,Ældre Sagen,Direkte hos udgiver,Største medlemsorg. DK,850000,DK,Seniors 55+,Senior members (Ældre Sagen),B2C,National,Print + Digital,Medium,"circulation-reported, mass-circulation",https://www.aeldresagen.dk,VERIFIED
DK,Tænk Penge,Magasin,Personlig økonomi,Månedligt,Forbrugerrådet Tænk,Forbrugerrådet,Direkte hos udgiver,,,DK,Business & Finance,Personal finance readers,B2C,National,Print + Digital,Medium,,https://taenk.dk/penge,VERIFIED
DK,Penge & Privatøkonomi,Magasin,Personlig økonomi,11x/år,Bonnier,Bonnier,Direkte hos udgiver,,,DK,Business & Finance,Personal finance readers,B2C,National,Print + Digital,Medium,,https://www.penge.dk,LIKELY_OK
DK,Mit liv,Magasin,Livsstil,Periodisk,Selvstændig,Mit liv,Direkte hos udgiver,,,DK,Women's Lifestyle,Women,B2C,National,Print + Digital,Medium,,https://www.mitliv.dk,VERIFIED
DK,Advokaten,Fagblad,Juss,9x/år,Advokatsamfundet,Advokatsamfundet,Direkte hos udgiver,,,DK,B2B – Legal,Legal professionals,B2B,National,Print + Digital,High,,https://www.advokatsamfundet.dk,VERIFIED
DK,UfR (Ugeskrift for Retsvæsen),Fagblad,Juss,Ugentligt,Karnov Group,Karnov,Direkte hos udgiver,,,DK,B2B – Legal,Legal professionals,B2B,National,Print + Digital,High,,https://www.karnov.dk,VERIFIED
DK,Lov & Ret,Fagblad,Juss,Periodisk,Selvstændig,L&R,Direkte hos udgiver,,,DK,B2B – Legal,Legal professionals,B2B,National,Print + Digital,High,,https://www.advokatsamfundet.dk,VERIFIED
DK,MEDIETUSEN,Fagblad,Medier,Periodisk,Selvstændig,MEDIETUSEN,Direkte hos udgiver,,,DK,B2B – Marketing & Media,Marketing & media pros,B2B,National,Print + Digital,High,,https://www.markedsforing.dk,UNVERIFIED
DK,Journalisten,Fagblad,Medier,11x/år,Dansk Journalistforbund,DJ,Direkte hos udgiver,Journalisters fagblad,,DK,B2B – Journalism,Journalists & media pros,B2B,National,Print + Digital,High,,https://journalisten.dk,VERIFIED
DK,Mediatel,Fagblad,Tele,Periodisk,Selvstændig,Mediatel,Direkte hos udgiver,,,DK,B2B – IT & Tech,IT professionals,B2B,National,Print + Digital,High,,https://www.markedsforing.dk,UNVERIFIED
DK,Aktuel Naturvidenskab,Magasin,Vitenskap,6x/år,Aarhus Universitet,AU,Direkte hos udgiver,Populærvit.,,DK,Science,General consumer,B2C,National,Print + Digital,High,,https://aktuelnaturvidenskab.dk,VERIFIED
DK,Weekendavisen Ideer,Tillæg,Idé,Ugentligt,Berlingske Media,Weekendavisen,Berlingske Media Annonce,Tillæg i WA,,DK,Affluent Lifestyle,Weekendavisen readers,B2C,National,Print + Digital,High,,https://www.weekendavisen.dk,LIKELY_OK
DK,Atom,Magasin,Vitenskap,Periodisk,DTU,DTU,Direkte hos udgiver,,,DK,Science,General consumer,B2C,National,Print + Digital,High,,https://www.dtu.dk,VERIFIED
DK,Polyteknisk Forlag,Fagblad,Tech,Periodisk,DTU,DTU,Direkte hos udgiver,,,DK,B2B – IT & Tech,IT professionals,B2B,National,Print + Digital,High,,https://www.polyteknisk.dk,LIKELY_OK
DK,Forbundet Arkitekters Tidsskrift,Fagblad,Arkitektur,6x/år,Akademisk Arkitektforening,AAF,Direkte hos udgiver,,,DK,B2B – Trade Union,Trade union members,B2B,National,Print + Digital,High,,https://arkitektforeningen.dk,VERIFIED
DK,Arkitekten,Fagblad,Arkitektur,9x/år,Akademisk Arkitektforening,AAF,Direkte hos udgiver,,,DK,B2B – Education,Teachers & educators,B2B,National,Print + Digital,High,,https://arkitektforeningen.dk/arkitekten,VERIFIED
DK,DAB,Fagblad,Boligforening,Periodisk,Danmarks Almene Boliger,DAB,Direkte hos udgiver,,,DK,B2B – Construction & Property,Housing association pros,B2B,National,Print + Digital,High,,https://www.bl.dk,VERIFIED
DK,Beboerbladet,Fagblad,Bolig,Periodisk,BL,BL,Direkte hos udgiver,,,DK,Home & Interior,General consumer,B2B,National,Print + Digital,High,,https://www.bl.dk,VERIFIED
DK,BoligNyt,Fagblad,Bolig,Periodisk,Selvstændig,BN,Direkte hos udgiver,,,DK,Home & Interior,General consumer,B2B,National,Print + Digital,High,,https://bolignyt.dk,VERIFIED
DK,Ejendomsforeningen Danmark,Fagblad,Ejendom,Periodisk,Ejendomsforeningen,EFD,Direkte hos udgiver,,,DK,B2B – Construction & Property,Real estate pros,B2B,National,Print + Digital,High,,https://www.ejendomsforeningen.dk,VERIFIED
DK,FOTM (Frivilligt Folkelig Oplysning),Fagblad,Folkeoplysning,Periodisk,Selvstændig,FOTM,Direkte hos udgiver,,,DK,B2B – Other Trade Press,Industry professionals,B2B,National,Print + Digital,High,,https://www.dfs.dk,VERIFIED
DK,HR Magasinet,Fagblad,HR,8x/år,HR Foreningen,HR,Direkte hos udgiver,,,DK,B2B – HR & Management,HR & management pros,B2B,National,Print + Digital,High,,https://www.djoef.dk,UNVERIFIED
DK,Lederne,Fagblad,Ledelse,Månedligt,Lederne,Lederne,Direkte hos udgiver,,,DK,B2B – HR & Management,HR & management pros,B2B,National,Print + Digital,High,,https://www.lederne.dk,VERIFIED
FI,Helsingin Sanomat,Sanomalehti,Valtak.,Päivittäin,Sanoma,Sanoma Media Finland,Sanoma Media Finland Mainosmyynti,"Helsinki, liberaali, levikki 120 000 (2024)",120000,FI,News (National),General consumer,B2C,National,Print + Digital,High,"circulation-reported, high-circulation, liberal",https://www.hs.fi,LIKELY_OK
FI,Ilta-Sanomat,Iltapäivälehti,Valtak.,Päivittäin,Sanoma,Sanoma Media Finland,Sanoma Media Finland Mainosmyynti,"Helsinki, digitaalisesti 2,5 milj. lukijaa",55000,FI,News (National Tabloid),Mass market consumer,B2C,National,Print + Digital,High,"circulation-reported, evening-paper",https://www.is.fi,LIKELY_OK
FI,Iltalehti,Iltapäivälehti,Valtak.,Päivittäin,Alma Media,Alma Media,Alma Media Mainosmyynti,"Helsinki, 2,8 milj. viikkotavoittavuus",44000,FI,News (National Tabloid),Mass market consumer,B2C,National,Print + Digital,High,"circulation-reported, evening-paper",https://www.iltalehti.fi,VERIFIED
FI,Kauppalehti,Sanomalehti,Talous,Päivittäin,Alma Media,Alma Media (Alma Talent),Alma Media Mainosmyynti,"Suomen johtava talouslehti, vuodesta 1898",50000,FI,Business & Finance,Business decision-makers,B2B,National,Print + Digital,High,circulation-reported,https://www.kauppalehti.fi,VERIFIED
FI,Hufvudstadsbladet,Sanomalehti,Ruots.kiel.,Päivittäin,KSF Media,KSF Media,KSF Media Mainosmyynti,Suomenruotsalainen valtakunnallinen,28000,FI,News (General),General consumer,B2C,National,Print + Digital,High,circulation-reported,https://www.hbl.fi,VERIFIED
FI,Demokraatti,Sanomalehti,Politiikka,Viikoittain,SDP,Demokraatti,Direkte hos utgiver,Sosiaalidemokraattinen,,FI,Politics & Current Affairs,General consumer,B2C,National,Print + Digital,High,,https://demokraatti.fi,VERIFIED
FI,Kansan Uutiset,Sanomalehti,Politiikka,Viikoittain,Vasemmistolehdet,Kansan Uutiset,Direkte hos utgiver,Vasemmistoliitto,,FI,Politics & Current Affairs,General consumer,B2C,National,Print + Digital,High,,,VERIFIED
FI,Suomenmaa,Sanomalehti,Politiikka,Viikoittain,Keskustamedia,Suomenmaa,Direkte hos utgiver,Keskustan äänenkannattaja,,FI,Politics & Current Affairs,General consumer,B2C,National,Print + Digital,High,,https://www.suomenmaa.fi,VERIFIED
FI,Maaseudun Tulevaisuus,Sanomalehti,Maatalous,3x/viikko,MTK,Viestilehdet,Viestilehdet Mainosmyynti,"Maa- ja metsätaloustuottajat, valtak.",70000,FI,B2B – Agriculture,Farmers,B2B,National,Print + Digital,High,circulation-reported,https://www.maaseuduntulevaisuus.fi,VERIFIED
FI,Vihreä Lanka,Verkkolehti,Politiikka,Digitaal.,Vihreä Lanka,Vihreä Lanka,Direkte hos utgiver,Vihreät,,FI,Politics & Current Affairs,General consumer,B2C,National,Digital,High,digital-only,https://www.vihrealanka.fi,LIKELY_OK
FI,Talouselämä,Aikakauslehti,Talous,Viikoittain,Alma Media,Alma Media (Alma Talent),Alma Media Mainosmyynti,Suomen ainoa viikoittainen talouslehti,65000,FI,Business & Finance,General consumer,B2B,National,Print + Digital,High,circulation-reported,https://www.talouselama.fi,VERIFIED
FI,Aamulehti,Sanomalehti,Alueellinen,Päivittäin,Sanoma,Sanoma Media Finland,Sanoma Media Finland Mainosmyynti,"Tampere, Pirkanmaa",75000,FI,News (Regional),Regional consumer,B2C,Regional,Print + Digital,Medium,circulation-reported,https://www.aamulehti.fi,LIKELY_OK
FI,Satakunnan Kansa,Sanomalehti,Alueellinen,Päivittäin,Sanoma,Sanoma Media Finland,Sanoma Media Finland Mainosmyynti,"Pori, Satakunta",35000,FI,News (Regional),Regional consumer,B2C,Regional,Print + Digital,Medium,circulation-reported,https://www.satakunnankansa.fi,LIKELY_OK
FI,Lapin Kansa,Sanomalehti,Alueellinen,Päivittäin,Sanoma,Sanoma Media Finland,Sanoma Media Finland Mainosmyynti,"Rovaniemi, Lappi",25000,FI,News (Regional),Regional consumer,B2C,Regional,Print + Digital,Medium,circulation-reported,https://www.lapinkansa.fi,VERIFIED
FI,Pohjolan Sanomat,Sanomalehti,Alueellinen,Päivittäin,Sanoma,Sanoma Media Finland,Sanoma Media Finland Mainosmyynti,"Kemi, Tornionlaakso",,FI,News (Regional),Regional consumer,B2C,Regional,Print + Digital,Medium,,https://www.pohjolansanomat.fi,VERIFIED
FI,Kainuun Sanomat,Sanomalehti,Alueellinen,Päivittäin,Sanoma,Sanoma Media Finland,Sanoma Media Finland Mainosmyynti,"Kajaani, Kainuu",15000,FI,News (Regional),Regional consumer,B2C,Regional,Print + Digital,Medium,circulation-reported,https://www.kainuunsanomat.fi,VERIFIED
FI,Iisalmen Sanomat,Sanomalehti,Paikallinen,Päivittäin,Sanoma,Sanoma Media Finland,Sanoma Media Finland Mainosmyynti,Iisalmi,,FI,News (Local),Regional consumer,B2C,Local,Print + Digital,Medium,,https://www.iisalmensanomat.fi,VERIFIED
FI,Aamuposti,Sanomalehti,Paikallinen,Päivittäin,Sanoma,Sanoma Media Finland,Sanoma Media Finland Mainosmyynti,Hyvinkää,,FI,News (Local),Regional consumer,B2C,Local,Print + Digital,Medium,,https://www.aamuposti.fi,VERIFIED
FI,Forssan Lehti,Sanomalehti,Paikallinen,Päivittäin,Sanoma,Sanoma Media Finland,Sanoma Media Finland Mainosmyynti,Forssa,,FI,News (Local),Regional consumer,B2C,Local,Print + Digital,Medium,,https://www.forssanlehti.fi,VERIFIED
FI,Hämeen Sanomat,Sanomalehti,Alueellinen,Päivittäin,Sanoma,Sanoma Media Finland,Sanoma Media Finland Mainosmyynti,Hämeenlinna,,FI,News (Regional),Regional consumer,B2C,Regional,Print + Digital,Medium,,https://www.hameensanomat.fi,VERIFIED
FI,Janakkalan Sanomat,Sanomalehti,Paikallinen,2x/viikko,Sanoma,Sanoma Media Finland,Sanoma Media Finland Mainosmyynti,Janakkala,,FI,News (Local),Regional consumer,B2C,Local,Print + Digital,Medium,,https://www.janakkalansanomat.fi,LIKELY_OK
FI,Riihimäen Sanomat,Sanomalehti,Paikallinen,Päivittäin,Sanoma,Sanoma Media Finland,Sanoma Media Finland Mainosmyynti,Riihimäki,,FI,News (Local),Regional consumer,B2C,Local,Print + Digital,Medium,,https://www.sanoma.fi,UNVERIFIED
FI,Salon Seudun Sanomat,Sanomalehti,Paikallinen,Päivittäin,Sanoma,Sanoma Media Finland,Sanoma Media Finland Mainosmyynti,Salo,,FI,News (Local),Regional consumer,B2C,Local,Print + Digital,Medium,,https://www.sss.fi,VERIFIED
FI,Uusi Suomi,Verkkolehti,Valtak.,Digitaal.,Selvstendig,Uusi Suomi,Direkte hos utgiver,Verkkolehti,,FI,News (General),Quality consumer,B2C,National,Digital,High,digital-only,https://www.uusisuomi.fi,VERIFIED
FI,Keskisuomalainen,Sanomalehti,Alueellinen,Päivittäin,Keskisuomalainen Oyj,Keskisuomalainen,Keskisuomalainen Oyj Mainosmyynti,"Jyväskylä, Keski-Suomi",50000,FI,News (Regional),Regional consumer,B2C,Regional,Print + Digital,Medium,circulation-reported,https://www.ksml.fi,VERIFIED
FI,Savon Sanomat,Sanomalehti,Alueellinen,Päivittäin,Keskisuomalainen Oyj,Savon Sanomat,Keskisuomalainen Oyj Mainosmyynti,"Kuopio, Pohjois-Savo",40000,FI,News (Regional),Regional consumer,B2C,Regional,Print + Digital,Medium,circulation-reported,https://www.savonsanomat.fi,VERIFIED
FI,Etelä-Suomen Sanomat,Sanomalehti,Alueellinen,Päivittäin,Keskisuomalainen Oyj,ESS,Keskisuomalainen Oyj Mainosmyynti,"Lahti, Päijät-Häme",30000,FI,News (Regional),Regional consumer,B2C,Regional,Print + Digital,Medium,circulation-reported,https://www.ess.fi,VERIFIED
FI,Karjalainen,Sanomalehti,Alueellinen,Päivittäin,Keskisuomalainen Oyj,Karjalainen,Keskisuomalainen Oyj Mainosmyynti,"Joensuu, Pohjois-Karjala",28000,FI,News (Regional),Regional consumer,B2C,Regional,Print + Digital,Medium,circulation-reported,https://www.karjalainen.fi,VERIFIED
FI,Itä-Savo,Sanomalehti,Paikallinen,Päivittäin,Keskisuomalainen Oyj,Itä-Savo,Keskisuomalainen Oyj Mainosmyynti,Savonlinna,,FI,News (Local),Regional consumer,B2C,Local,Print + Digital,Medium,,https://www.ita-savo.fi,VERIFIED
FI,Länsi-Savo,Sanomalehti,Paikallinen,Päivittäin,Keskisuomalainen Oyj,Länsi-Savo,Keskisuomalainen Oyj Mainosmyynti,Mikkeli,,FI,News (Local),Regional consumer,B2C,Local,Print + Digital,Medium,,https://www.lansi-savo.fi,VERIFIED
FI,Kymen Sanomat,Sanomalehti,Alueellinen,Päivittäin,Keskisuomalainen Oyj,Kymen Sanomat,Keskisuomalainen Oyj Mainosmyynti,Kotka,,FI,News (Regional),Regional consumer,B2C,Regional,Print + Digital,Medium,,https://www.kymensanomat.fi,VERIFIED
FI,Kouvolan Sanomat,Sanomalehti,Paikallinen,Päivittäin,Keskisuomalainen Oyj,Kouvolan Sanomat,Keskisuomalainen Oyj Mainosmyynti,Kouvola,,FI,News (Local),Regional consumer,B2C,Local,Print + Digital,Medium,,https://www.kouvolansanomat.fi,VERIFIED
FI,Etelä-Saimaa,Sanomalehti,Paikallinen,Päivittäin,Keskisuomalainen Oyj,Etelä-Saimaa,Keskisuomalainen Oyj Mainosmyynti,Lappeenranta,,FI,News (Local),Regional consumer,B2C,Local,Print + Digital,Medium,,https://www.esaimaa.fi,VERIFIED
FI,Uutisvuoksi,Sanomalehti,Paikallinen,Päivittäin,Keskisuomalainen Oyj,Uutisvuoksi,Keskisuomalainen Oyj Mainosmyynti,Imatra,,FI,News (Local),Regional consumer,B2C,Local,Print + Digital,Medium,,https://www.uutisvuoksi.fi,VERIFIED
FI,Warkauden Lehti,Sanomalehti,Paikallinen,Päivittäin,Keskisuomalainen Oyj,Warkauden Lehti,Keskisuomalainen Oyj Mainosmyynti,Varkaus,,FI,News (Local),Regional consumer,B2C,Local,Print + Digital,Medium,,https://www.warkaudenlehti.fi,VERIFIED
FI,Soisalon Seutu,Sanomalehti,Paikallinen,2x/viikko,Keskisuomalainen Oyj,Soisalon Seutu,Keskisuomalainen Oyj Mainosmyynti,Leppävirta,,FI,News (Local),Regional consumer,B2C,Local,Print + Digital,Medium,,https://soisalonseutu.fi,VERIFIED
FI,Pieksämäen Lehti,Sanomalehti,Paikallinen,2x/viikko,Keskisuomalainen Oyj,Pieksämäen Lehti,Keskisuomalainen Oyj Mainosmyynti,Pieksämäki,,FI,News (Local),Regional consumer,B2C,Local,Print + Digital,Medium,,https://www.pieksamaenlehti.fi,VERIFIED
FI,Joutseno-lehti,Sanomalehti,Paikallinen,Viikoittain,Keskisuomalainen Oyj,Joutseno,Keskisuomalainen Oyj Mainosmyynti,Joutseno,,FI,News (Local),Regional consumer,B2C,Local,Print + Digital,Medium,,https://www.lappeenrannanuutiset.fi,VERIFIED
FI,Kaleva,Sanomalehti,Alueellinen,Päivittäin,Kaleva Media,Kaleva,Kaleva Media Mainosmyynti,"Oulu, Pohjois-Pohjanmaa",50000,FI,News (Regional),Regional consumer,B2C,Regional,Print + Digital,Medium,circulation-reported,https://www.kaleva.fi,VERIFIED
FI,Raahen Seutu,Sanomalehti,Paikallinen,3x/viikko,Kaleva Media,Raahen Seutu,Kaleva Media Mainosmyynti,Raahe,,FI,News (Local),Regional consumer,B2C,Local,Print + Digital,Medium,,https://www.raahenseutu.fi,VERIFIED
FI,Pyhäjokiseutu,Sanomalehti,Paikallinen,2x/viikko,Kaleva Media,Pyhäjokiseutu,Kaleva Media Mainosmyynti,Oulainen,,FI,News (Local),Regional consumer,B2C,Local,Print + Digital,Medium,,https://www.pyhajokiseutu.fi,VERIFIED
FI,Iijokiseutu,Sanomalehti,Paikallinen,2x/viikko,Kaleva Media,Iijokiseutu,Kaleva Media Mainosmyynti,Pudasjärvi,,FI,News (Local),Regional consumer,B2C,Local,Print + Digital,Medium,,https://www.iijokiseutu.fi,VERIFIED
FI,Ilkka-Pohjalainen,Sanomalehti,Alueellinen,Päivittäin,I-Mediat,Ilkka-Pohjalainen,I-Mediat Mainosmyynti,"Seinäjoki/Vaasa, yhdistynyt 2020",40000,FI,News (Regional),Regional consumer,B2C,Regional,Print + Digital,Medium,circulation-reported,https://ilkkapohjalainen.fi,VERIFIED
FI,Etelä-Pohjanmaa,Sanomalehti,Alueellinen,Päivittäin,I-Mediat,Etelä-Pohjanmaa,I-Mediat Mainosmyynti,Seinäjoki,,FI,News (Regional),Regional consumer,B2C,Regional,Print + Digital,Medium,,https://www.epari.fi,VERIFIED
FI,Suupohjan Sanomat,Sanomalehti,Paikallinen,Päivittäin,I-Mediat,Suupohjan Sanomat,I-Mediat Mainosmyynti,Kauhajoki,,FI,News (Local),Regional consumer,B2C,Local,Print + Digital,Medium,,https://www.suupohjansanomat.fi,VERIFIED
FI,Viiskunta,Sanomalehti,Paikallinen,2x/viikko,I-Mediat,Viiskunta,I-Mediat Mainosmyynti,Lapua,,FI,News (Local),Regional consumer,B2C,Local,Print + Digital,Medium,,https://www.viiskunta.fi,VERIFIED
FI,Komiat,Sanomalehti,Paikallinen,Viikoittain,I-Mediat,Komiat,I-Mediat Mainosmyynti,Etelä-Pohjanmaa,,FI,News (Local),Regional consumer,B2C,Local,Print + Digital,Medium,,https://www.komiat.fi,VERIFIED
FI,Turun Sanomat,Sanomalehti,Alueellinen,Päivittäin,TS-Yhtymä,Turun Sanomat,TS-Yhtymä Mainosmyynti,"Turku, Varsinais-Suomi",45000,FI,News (Regional),Regional consumer,B2C,Regional,Print + Digital,Medium,circulation-reported,https://www.ts.fi,VERIFIED
FI,Auranmaan Viikkolehti,Sanomalehti,Paikallinen,Viikoittain,TS-Yhtymä,Auranmaan VL,TS-Yhtymä Mainosmyynti,Auranmaa,,FI,News (Local),Regional consumer,B2C,Local,Print + Digital,Medium,,https://www.auranmaa.fi,UNVERIFIED
FI,Rannikkoseutu,Sanomalehti,Paikallinen,Viikoittain,TS-Yhtymä,Rannikkoseutu,TS-Yhtymä Mainosmyynti,Uusikaupunki,,FI,News (Local),Regional consumer,B2C,Local,Print + Digital,Medium,,https://www.rannikkoseutu.fi,LIKELY_OK
FI,Vasabladet,Sanomalehti,Alueellinen (ruots.),Päivittäin,KSF Media,KSF Media,KSF Media Mainosmyynti,"Vaasa, ruotsinkielinen",,FI,News (Regional),Regional consumer,B2C,Regional,Print + Digital,Medium,,https://www.vasabladet.fi,VERIFIED
FI,Östnyland,Sanomalehti,Alueellinen (ruots.),2x/viikko,KSF Media,KSF Media,KSF Media Mainosmyynti,"Porvoo, ruots.",,FI,News (Regional),Regional consumer,B2C,Regional,Print + Digital,Medium,,https://www.ostnyland.fi,VERIFIED
FI,Västra Nyland,Sanomalehti,Alueellinen (ruots.),2x/viikko,KSF Media,KSF Media,KSF Media Mainosmyynti,"Tammisaari, ruots.",,FI,News (Regional),Regional consumer,B2C,Regional,Print + Digital,Medium,,https://www.vastranyland.fi,VERIFIED
FI,Borgåbladet,Sanomalehti,Paikallinen (ruots.),2x/viikko,KSF Media,KSF Media,KSF Media Mainosmyynti,Porvoo,,FI,News (Local),Regional consumer,B2C,Local,Print + Digital,Medium,,https://www.bbl.fi,VERIFIED
FI,Loviisan Sanomat,Sanomalehti,Paikallinen,2x/viikko,KSF Media,KSF Media,KSF Media Mainosmyynti,Loviisa,,FI,News (Local),Regional consumer,B2C,Local,Print + Digital,Medium,,https://www.loviisansanomat.fi,VERIFIED
FI,Åbo Underrättelser,Sanomalehti,Alueellinen (ruots.),3x/viikko,Selvstendig,ÅU,Direkte hos utgiver,"Turku, ruots., Suomen vanhin",,FI,News (Regional),Regional consumer,B2C,Regional,Print + Digital,Medium,historic,https://www.abounderrattelser.fi,VERIFIED
FI,Syd-Österbotten,Sanomalehti,Alueellinen (ruots.),2x/viikko,HSS Media,Syd-Österbotten,HSS Media Mainosmyynti,Närpiö,,FI,News (Regional),Regional consumer,B2C,Regional,Print + Digital,Medium,,https://www.syd-osterbotten.fi,VERIFIED
FI,Österbottens Tidning,Sanomalehti,Alueellinen (ruots.),Päivittäin,HSS Media,Österbottens Tidning,HSS Media Mainosmyynti,Pietarsaari/Kokkola,,FI,News (Regional),Regional consumer,B2C,Regional,Print + Digital,Medium,,https://www.ostnyland.fi,VERIFIED
FI,Pietarsaaren Sanomat,Sanomalehti,Paikallinen,2x/viikko,HSS Media,Pietarsaaren Sanomat,HSS Media Mainosmyynti,Pietarsaari,,FI,News (Local),Regional consumer,B2C,Local,Print + Digital,Medium,,https://www.pietarsaarensanomat.fi,VERIFIED
FI,Vasabladet & Co (yhteissuomennos),Sanomalehti,Paikallinen,Päivittäin,KSF Media,KSF Media,KSF Media Mainosmyynti,Vaasa,,FI,News (Local),Regional consumer,B2C,Local,Print + Digital,Medium,,https://www.vasabladet.fi,VERIFIED
FI,Hämeen Kaiku,Sanomalehti,Paikallinen,2x/viikko,Selvstendig,Hämeen Kaiku,Direkte hos utgiver,Hämeenlinna,,FI,News (Local),Regional consumer,B2C,Local,Print + Digital,Medium,,https://www.hameen.fi,UNVERIFIED
FI,Itä-Häme,Sanomalehti,Paikallinen,2x/viikko,Selvstendig,Itä-Häme,Direkte hos utgiver,Heinola,,FI,News (Local),Regional consumer,B2C,Local,Print + Digital,Medium,,https://www.itahame.fi,VERIFIED
FI,Sisä-Suomen Lehti,Sanomalehti,Paikallinen,2x/viikko,Selvstendig,SSL,Direkte hos utgiver,Keuruu,,FI,News (Local),Regional consumer,B2C,Local,Print + Digital,Medium,,https://www.sisasuomenlehti.fi,VERIFIED
FI,Suur-Jyväskylän Lehti,Sanomalehti,Paikallinen,Viikoittain,Keskisuomalainen Oyj,SJL,Keskisuomalainen Oyj Mainosmyynti,"Jyväskylä, kaupunkilehti",,FI,News (Local),Regional consumer,B2C,Local,Print + Digital,Medium,free-distribution,https://www.surkkari.fi,VERIFIED
FI,Lestin-Reisjärvi,Sanomalehti,Paikallinen,Viikoittain,Selvstendig,Lestin-Reisjärvi,Direkte hos utgiver,Lestijärvi,,FI,News (Local),Regional consumer,B2C,Local,Print + Digital,Medium,,https://www.kalajokiseutu.fi,UNVERIFIED
FI,Lapin Liitto,Sanomalehti,Paikallinen,2x/viikko,Sanoma,Sanoma Media Finland,Sanoma Media Finland Mainosmyynti,Lappi,,FI,News (Local),Regional consumer,B2C,Local,Print + Digital,Medium,,https://www.lappi.fi,VERIFIED
FI,Inarilainen,Sanomalehti,Paikallinen,Viikoittain,Selvstendig,Inarilainen,Direkte hos utgiver,Inari,,FI,News (Local),Regional consumer,B2C,Local,Print + Digital,Medium,,https://www.inarilainen.fi,VERIFIED
FI,Nuorten Sara,Lehti,Saamenkiel.,Viikoittain,Selvstendig,Saamen Lehti,Direkte hos utgiver,Saamelaisalue,,FI,Arts & Culture,Sami youth,B2C,National,Print + Digital,Low,,https://www.nuortenelama.fi,UNVERIFIED
FI,Karjala,Sanomalehti,Paikallinen,Päivittäin,Selvstendig,Karjala,Direkte hos utgiver,Lappeenranta,,FI,News (Local),Regional consumer,B2C,Local,Print + Digital,Medium,,https://www.karjala.fi,VERIFIED
FI,Etelä-Suomen Lehti,Sanomalehti,Paikallinen,Viikoittain,Selvstendig,ESL,Direkte hos utgiver,Lahti,,FI,News (Local),Regional consumer,B2C,Local,Print + Digital,Medium,,https://www.helsinginuutiset.fi,VERIFIED
FI,Tammelan Sanomat,Sanomalehti,Paikallinen,Viikoittain,Selvstendig,TS,Direkte hos utgiver,Tammela,,FI,News (Local),Regional consumer,B2C,Local,Print + Digital,Medium,,https://www.forssanlehti.fi,UNVERIFIED
FI,Loimaan Lehti,Sanomalehti,Paikallinen,2x/viikko,Selvstendig,LL,Direkte hos utgiver,Loimaa,,FI,News (Local),Regional consumer,B2C,Local,Print + Digital,Medium,,https://www.loimaanlehti.fi,VERIFIED
FI,Tyrvään Sanomat,Sanomalehti,Paikallinen,Viikoittain,Selvstendig,TS,Direkte hos utgiver,Sastamala,,FI,News (Local),Regional consumer,B2C,Local,Print + Digital,Medium,,https://www.tyrvaansanomat.fi,LIKELY_OK
FI,Sydän-Hämeen Lehti,Sanomalehti,Paikallinen,2x/viikko,Selvstendig,SHL,Direkte hos utgiver,Pälkäne,,FI,News (Local),Regional consumer,B2C,Local,Print + Digital,Medium,,https://shl.fi,UNVERIFIED
FI,Sastamalan Lehti,Sanomalehti,Paikallinen,2x/viikko,Selvstendig,Sastamalan,Direkte hos utgiver,Sastamala,,FI,News (Local),Regional consumer,B2C,Local,Print + Digital,Medium,,https://www.alueviesti.fi,UNVERIFIED
FI,Sydän-Satakunta,Sanomalehti,Paikallinen,Viikoittain,Selvstendig,SS,Direkte hos utgiver,Kankaanpää,,FI,News (Local),Regional consumer,B2C,Local,Print + Digital,Medium,,https://sydansatakunta.fi,UNVERIFIED
FI,Helsingin Uutiset,Kaupunkilehti,Paikallinen,Viikoittain,Sanoma,Sanoma Media Finland,Sanoma Media Finland Mainosmyynti,Pääkaupunkiseutu,,FI,News (Local),Regional consumer,B2C,Local,Print + Digital,Medium,free-distribution,https://www.helsinginuutiset.fi,VERIFIED
FI,Vantaan Sanomat,Kaupunkilehti,Paikallinen,Viikoittain,Sanoma,Sanoma Media Finland,Sanoma Media Finland Mainosmyynti,Vantaa,,FI,News (Local),Regional consumer,B2C,Local,Print + Digital,Medium,free-distribution,https://www.vantaansanomat.fi,VERIFIED
FI,Länsiväylä,Kaupunkilehti,Paikallinen,Viikoittain,Sanoma,Sanoma Media Finland,Sanoma Media Finland Mainosmyynti,Espoo,,FI,News (Local),Regional consumer,B2C,Local,Print + Digital,Medium,free-distribution,https://www.lansivayla.fi,VERIFIED
FI,Tamperelainen,Kaupunkilehti,Paikallinen,Viikoittain,Sanoma,Sanoma Media Finland,Sanoma Media Finland Mainosmyynti,Tampere,,FI,News (Local),Regional consumer,B2C,Local,Print + Digital,Medium,free-distribution,https://www.tamperelainen.fi,VERIFIED
FI,Aamuset,Kaupunkilehti,Paikallinen,Viikoittain,TS-Yhtymä,Aamuset,TS-Yhtymä Mainosmyynti,Turku,,FI,News (Local),Regional consumer,B2C,Local,Print + Digital,Medium,free-distribution,https://www.aamuset.fi,VERIFIED
FI,Oulu-lehti,Kaupunkilehti,Paikallinen,Viikoittain,Kaleva Media,Oulu-lehti,Kaleva Media Mainosmyynti,Oulu,,FI,News (Local),Regional consumer,B2C,Local,Print + Digital,Medium,free-distribution,https://oululehti.fi,UNVERIFIED
FI,Jyväskylän Kaupunkilehti,Kaupunkilehti,Paikallinen,Viikoittain,Keskisuomalainen Oyj,JKL,Keskisuomalainen Oyj Mainosmyynti,Jyväskylä,,FI,News (Local),Regional consumer,B2C,Local,Print + Digital,Medium,free-distribution,https://www.kaupunkilehti.fi,VERIFIED
FI,Etelä-Helsingin Sanomat,Kaupunkilehti,Paikallinen,2x/viikko,Sanoma,Sanoma Media Finland,Sanoma Media Finland Mainosmyynti,"Helsinki, Eteläiset",,FI,News (Local),Regional consumer,B2C,Local,Print + Digital,Medium,free-distribution,https://www.helsinginuutiset.fi,VERIFIED
FI,Itäväylä,Kaupunkilehti,Paikallinen,Viikoittain,Sanoma,Sanoma Media Finland,Sanoma Media Finland Mainosmyynti,Helsinki itä,,FI,News (Local),Regional consumer,B2C,Local,Print + Digital,Medium,free-distribution,https://www.itavayla.fi,VERIFIED
FI,Erikoislehti Riista,Lehti,Erikoislehti,Kuukausittain,Selvstendig,RR,Direkte hos utgiver,,,FI,Hunting & Fishing,General consumer,B2C,National,Print + Digital,High,,https://www.metsastysjakalastus.fi,VERIFIED
FI,Etelä-Suomen Uutiset,Verkkolehti,Alueellinen,Digitaal.,Selvstendig,ESU,Direkte hos utgiver,,,FI,News (Regional),Regional consumer,B2C,Regional,Digital,Medium,digital-only,https://www.helsinginuutiset.fi,VERIFIED
FI,Turkulainen,Kaupunkilehti,Paikallinen,Viikoittain,TS-Yhtymä,Turkulainen,TS-Yhtymä Mainosmyynti,Turku,,FI,News (Local),Regional consumer,B2C,Local,Print + Digital,Medium,free-distribution,https://www.turkulainen.fi,VERIFIED
FI,Aku Ankka,Aikakauslehti,Sarjakuva/lapset,Viikoittain,Sanoma,Sanoma Media Finland,Sanoma Media Finland Mainosmyynti,Donald Duck Suomi,250000,FI,Children & Kids,Children (3-12),B2C,National,Print + Digital,Low,"circulation-reported, high-circulation",https://akuankka.fi,LIKELY_OK
FI,Me Naiset,Aikakauslehti,Nainen/elämäntapa,Viikoittain,Sanoma,Sanoma Media Finland,Sanoma Media Finland Mainosmyynti,Suomen suurin naistenlehti,150000,FI,Women's Lifestyle,Women 25-54,B2C,National,Print + Digital,High,"circulation-reported, high-circulation, largest-in-segment",https://www.menaiset.fi,LIKELY_OK
FI,Kodin Kuvalehti,Aikakauslehti,Perhe/koti,2x/kk,Sanoma,Sanoma Media Finland,Sanoma Media Finland Mainosmyynti,Klassinen kodin lehti,130000,FI,Family & Parenting,Families with children,B2C,National,Print + Digital,Medium,"circulation-reported, high-circulation",https://www.kodinkuvalehti.fi,LIKELY_OK
FI,Hyvä Terveys,Aikakauslehti,Terveys,Kuukausittain,Sanoma,Sanoma Media Finland,Sanoma Media Finland Mainosmyynti,,130000,FI,Health & Fitness,General consumer,B2C,National,Print + Digital,High,"circulation-reported, high-circulation",https://www.hyvaterveys.fi,LIKELY_OK
FI,Tiede,Aikakauslehti,Tiede,11x/v,Sanoma,Sanoma Media Finland,Sanoma Media Finland Mainosmyynti,Populaaritiede,60000,FI,Science,General consumer,B2C,National,Print + Digital,High,circulation-reported,https://www.tiede.fi,LIKELY_OK
FI,ET-lehti,Aikakauslehti,Seniori/eläke,Kuukausittain,Sanoma,Sanoma Media Finland,Sanoma Media Finland Mainosmyynti,55+ kohderyhmä,130000,FI,Seniors 55+,Adults 55+,B2C,National,Print + Digital,Medium,"circulation-reported, high-circulation",https://www.etlehti.fi,LIKELY_OK
FI,Kotivinkki,Aikakauslehti,Koti/elämäntapa,16x/v,Sanoma,Sanoma Media Finland,Sanoma Media Finland Mainosmyynti,,110000,FI,Women's Lifestyle,Women 30+,B2C,National,Print + Digital,Medium,"circulation-reported, high-circulation",https://www.kotivinkki.fi,VERIFIED
FI,7 päivää,Aikakauslehti,Juoru/viihde,Viikoittain,Sanoma,Sanoma Media Finland,Sanoma Media Finland Mainosmyynti,Suomen suurin viikkolehti,280000,FI,Celebrity & Gossip,General consumer,B2C,National,Print + Digital,Medium,"circulation-reported, high-circulation, largest-in-segment",https://www.seiska.fi,VERIFIED
FI,Hymy,Aikakauslehti,Juoru/viihde,Kuukausittain,Otavamedia,Otavamedia,Otavamedia Mainosmyynti,"Klassikko, vuodesta 1959",130000,FI,Celebrity & Gossip,General consumer,B2C,National,Print + Digital,Medium,"circulation-reported, high-circulation",https://www.hymy.fi,VERIFIED
FI,Glorian Koti,Aikakauslehti,Koti/sisustus,Kuukausittain,Sanoma,Sanoma Media Finland,Sanoma Media Finland Mainosmyynti,Premium,,FI,Home & Interior,General consumer,B2C,National,Print + Digital,Medium,,https://www.glorianantiikki.fi,LIKELY_OK
FI,Glorian Ruoka & Viini,Aikakauslehti,Ruoka/viini,8x/v,Sanoma,Sanoma Media Finland,Sanoma Media Finland Mainosmyynti,Premium,,FI,Food & Drink,General consumer,B2C,National,Print + Digital,Medium,,https://www.gloria.fi,LIKELY_OK
FI,Gloria,Aikakauslehti,Naiset/muoti,Kuukausittain,Sanoma,Sanoma Media Finland,Sanoma Media Finland Mainosmyynti,Premium-naistenlehti,50000,FI,Fashion,General consumer,B2C,National,Print + Digital,Medium,circulation-reported,https://www.gloria.fi,LIKELY_OK
FI,Image,Aikakauslehti,Muoti/elämäntapa,8x/v,Sanoma,Sanoma Media Finland,Sanoma Media Finland Mainosmyynti,Mies/kulttuuri,30000,FI,Fashion,General consumer,B2C,National,Print + Digital,Medium,circulation-reported,https://www.image.fi,VERIFIED
FI,Trendi,Aikakauslehti,Nuoret naiset/muoti,Kuukausittain,Sanoma,Sanoma Media Finland,Sanoma Media Finland Mainosmyynti,,,FI,Fashion,Children (3-12),B2C,National,Print + Digital,High,,https://www.trendi.fi,VERIFIED
FI,Aku Ankan Juhlavuosi,Aikakauslehti,Sarjakuva,Vuosittain,Sanoma,Sanoma Media Finland,Sanoma Media Finland Mainosmyynti,Erikoisnumero,,FI,Children & Kids,General consumer,B2C,National,Print + Digital,Low,,https://www.akuankka.fi,LIKELY_OK
FI,Roope-setä,Aikakauslehti,Sarjakuva/lapset,Kuukausittain,Sanoma,Sanoma Media Finland,Sanoma Media Finland Mainosmyynti,,,FI,Children & Kids,General consumer,B2C,National,Print + Digital,Low,,https://www.akuankka.fi,LIKELY_OK
FI,Aku Ankka Junior,Aikakauslehti,Sarjakuva/lapset,Kuukausittain,Sanoma,Sanoma Media Finland,Sanoma Media Finland Mainosmyynti,,,FI,Children & Kids,Children (3-12),B2C,National,Print + Digital,Low,,https://www.akuankka.fi,LIKELY_OK
FI,Disney Junior,Aikakauslehti,Lapset,Kuukausittain,Sanoma,Sanoma Media Finland,Sanoma Media Finland Mainosmyynti,,,FI,Children – Comics & TV,Children (3-12),B2C,National,Print + Digital,Low,,https://www.disney.fi,LIKELY_OK
FI,Frozen,Aikakauslehti,Lapset,Kuukausittain,Sanoma,Sanoma Media Finland,Sanoma Media Finland Mainosmyynti,,,FI,Children – Comics & TV,Children (3-12),B2C,National,Print + Digital,Low,,https://www.sanoma.fi,LIKELY_OK
FI,LEGO Magasin Suomi,Aikakauslehti,Lapset,Kuukausittain,Sanoma,Sanoma Media Finland,Sanoma Media Finland Mainosmyynti,,,FI,Children & Kids,Children 6-12,B2C,National,Print + Digital,Medium,,https://www.lego.com/fi-fi,LIKELY_OK
FI,Marvel,Aikakauslehti,Sarjakuva/lapset,Kuukausittain,Sanoma,Sanoma Media Finland,Sanoma Media Finland Mainosmyynti,,,FI,Children – Comics & TV,Children (3-12),B2C,National,Print + Digital,Low,,https://www.sanoma.fi,LIKELY_OK
FI,Star Wars,Aikakauslehti,Lapset,Kuukausittain,Sanoma,Sanoma Media Finland,Sanoma Media Finland Mainosmyynti,,,FI,Children – Comics & TV,Children (3-12),B2C,National,Print + Digital,Low,,https://www.sanoma.fi,LIKELY_OK
FI,Suomen Kuvalehti,Aikakauslehti,Politiikka/yhteiskunta,Viikoittain,Otavamedia,Otavamedia,Otavamedia Mainosmyynti,Suomen tunnetuin uutismagazine,75000,FI,Politics & Current Affairs,General consumer,B2C,National,Print + Digital,High,circulation-reported,https://suomenkuvalehti.fi,VERIFIED
FI,Seura,Aikakauslehti,Yleisaikakausl.,Viikoittain,Otavamedia,Otavamedia,Otavamedia Mainosmyynti,Suuri vakiinnutettu yleisl.,140000,FI,Women's Lifestyle,Women 35+,B2C,National,Print + Digital,Medium,"circulation-reported, high-circulation",https://seura.fi,VERIFIED
FI,Anna,Aikakauslehti,Nainen/elämäntapa,Viikoittain,Otavamedia,Otavamedia,Otavamedia Mainosmyynti,Klassinen naistenlehti,130000,FI,Women's Lifestyle,Women 25-54,B2C,National,Print + Digital,High,"circulation-reported, high-circulation",https://anna.fi,VERIFIED
FI,Kotiliesi,Aikakauslehti,Perhe/koti,20x/v,Otavamedia,Otavamedia,Otavamedia Mainosmyynti,Vuodesta 1922,110000,FI,Family & Parenting,Women 25-54,B2C,National,Print + Digital,Medium,"circulation-reported, high-circulation",https://kotiliesi.fi,VERIFIED
FI,Kotiliesi Käsityö,Aikakauslehti,Käsityö,6x/v,Otavamedia,Otavamedia,Otavamedia Mainosmyynti,,,FI,Craft & DIY,Women 25-54,B2C,National,Print + Digital,Medium,,https://kotiliesi.fi,VERIFIED
FI,Tekniikan Maailma,Aikakauslehti,Tekniikka/auto,26x/v,Otavamedia,Otavamedia,Otavamedia Mainosmyynti,Suomen suurin tekniikkalehti,100000,FI,Auto & Motor,General consumer,B2C,National,Print + Digital,High,"circulation-reported, high-circulation, largest-in-segment",https://www.tekniikanmaailma.fi,VERIFIED
FI,TM Rakennusmaailma,Aikakauslehti,Rakentaminen,12x/v,Otavamedia,Otavamedia,Otavamedia Mainosmyynti,Asuntomessuluettelo,,FI,Home & Interior,Homeowners,B2C,National,Print + Digital,Medium,,https://www.tekniikanmaailma.fi,VERIFIED
FI,Vauhdin Maailma,Aikakauslehti,Auto/moottori,12x/v,Otavamedia,Otavamedia,Otavamedia Mainosmyynti,,,FI,Auto & Motor,General consumer,B2C,National,Print + Digital,High,,https://www.vauhdinmaailma.fi,VERIFIED
FI,Deko,Aikakauslehti,Sisustus/elämäntapa,8x/v,Otavamedia,Otavamedia,Otavamedia Mainosmyynti,Moderni sisustus,70000,FI,Home & Interior,General consumer,B2C,National,Print + Digital,Medium,circulation-reported,https://www.deko.fi,VERIFIED
FI,Maalla,Aikakauslehti,Maaseutu/elämäntapa,8x/v,Otavamedia,Otavamedia,Otavamedia Mainosmyynti,,,FI,B2B – Agriculture,Farmers,B2C,National,Print + Digital,High,,https://otavamedia.fi/maalla,LIKELY_OK
FI,Viva,Aikakauslehti,Seniori/elämäntapa,8x/v,Otavamedia,Otavamedia,Otavamedia Mainosmyynti,55+ kohderyhmä,,FI,Seniors 55+,Adults 55+,B2C,National,Print + Digital,Medium,,https://www.viva.fi,LIKELY_OK
FI,Erä,Aikakauslehti,Metsästys/luonto,11x/v,Otavamedia,Otavamedia,Otavamedia Mainosmyynti,,,FI,Hunting & Fishing,Outdoor enthusiasts (hunting/fishing),B2C,National,Print + Digital,High,,https://era.fi,VERIFIED
FI,Metsästys ja Kalastus,Aikakauslehti,Metsästys/kalastus,11x/v,Otavamedia,Otavamedia,Otavamedia Mainosmyynti,,,FI,Hunting & Fishing,Outdoor enthusiasts (hunting/fishing),B2C,National,Print + Digital,High,,https://www.metsastysjakalastus.fi,VERIFIED
FI,Kippari,Aikakauslehti,Vene/kalastus,11x/v,Otavamedia,Otavamedia,Otavamedia Mainosmyynti,Veneilylehti,,FI,Boating & Sailing,Boating enthusiasts,B2C,National,Print + Digital,High,,https://www.kippari.fi,VERIFIED
FI,Golflehti,Aikakauslehti,Golf,6x/v,Otavamedia,Otavamedia,Otavamedia Mainosmyynti,,,FI,Sports – Golf,General consumer,B2C,National,Print + Digital,High,,https://www.golflehti.fi,VERIFIED
FI,Alibi,Aikakauslehti,Rikos/tositarinat,Kuukausittain,Otavamedia,Otavamedia,Otavamedia Mainosmyynti,Klassinen rikoslehti,110000,FI,Real-life Weeklies,General consumer,B2C,National,Print + Digital,Medium,"circulation-reported, high-circulation",https://www.alibilehti.fi,VERIFIED
FI,Kanava,Aikakauslehti,Kulttuuri/kirjall.,8x/v,Otavamedia,Otavamedia,Otavamedia Mainosmyynti,Kirjallinen aikakauskirja,,FI,Arts & Culture,General consumer,B2C,National,Print + Digital,High,,https://www.kanava.fi,VERIFIED
FI,Parnasso,Aikakauslehti,Kirjallisuus,6x/v,Otavamedia,Otavamedia,Otavamedia Mainosmyynti,Suomen vanhin kirjallisuuslehti,,FI,Literature & Books,General consumer,B2C,National,Print + Digital,High,historic,https://parnasso.fi,VERIFIED
FI,Koululainen,Aikakauslehti,Lapset,16x/v,Otavamedia,Otavamedia,Otavamedia Mainosmyynti,Koululaisille,,FI,Children & Kids,Children (3-12),B2C,National,Print + Digital,Medium,,https://www.koululainen.fi,VERIFIED
FI,Suosikki,Aikakauslehti,Nuoret,12x/v,Otavamedia,Otavamedia,Otavamedia Mainosmyynti,"Nuorten teinilehti, vuodesta 1961",,FI,Youth & Teens,Teens (13-19),B2C,National,Print + Digital,Medium,,http://www.otavamedia.fi,VERIFIED
FI,Lemmikki,Aikakauslehti,Lemmikit,6x/v,Otavamedia,Otavamedia,Otavamedia Mainosmyynti,Lasten lemmikkilehti,,FI,Pets,Children (3-12),B2C,National,Print + Digital,Medium,,https://www.lemmikki.fi,LIKELY_OK
FI,Villivarsa,Aikakauslehti,Lapset/hevoset,6x/v,Otavamedia,Otavamedia,Otavamedia Mainosmyynti,,,FI,Children & Kids,Children (3-12),B2C,National,Print + Digital,Medium,,http://www.otavamedia.fi,VERIFIED
FI,Kotilääkäri,Aikakauslehti,Terveys,8x/v,Otavamedia,Otavamedia,Otavamedia Mainosmyynti,,,FI,Health & Fitness,General consumer,B2C,National,Print + Digital,High,,https://www.kotilaakari.fi,VERIFIED
FI,Kaksplus,Aikakauslehti,Vauva/lapsi,Kuukausittain,Otavamedia,Otavamedia,Otavamedia Mainosmyynti,Vauva- ja lapsiperheille,,FI,Family & Parenting,Parents of young children,B2C,National,Print + Digital,Medium,,https://www.kaksplus.fi,VERIFIED
FI,Vene,Aikakauslehti,Veneily,8x/v,Otavamedia,Otavamedia,Otavamedia Mainosmyynti,,,FI,Boating & Sailing,Boating enthusiasts,B2C,National,Print + Digital,Medium,,https://venelehti.fi,UNVERIFIED
FI,Moda,Aikakauslehti,Muoti,6x/v,Otavamedia,Otavamedia,Otavamedia Mainosmyynti,,,FI,Fashion,General consumer,B2C,National,Print + Digital,Medium,,https://www.moda.fi,VERIFIED
FI,TV-Maailma,Aikakauslehti,TV-opas,Viikoittain,Otavamedia,Otavamedia,Otavamedia Mainosmyynti,Suomen suurin tv-lehti,250000,FI,TV & Listings,General consumer,B2C,National,Print + Digital,Low,"circulation-reported, high-circulation, largest-in-segment",https://www.tvmaailma.fi,VERIFIED
FI,Seura SuperRistikot,Aikakauslehti,Ristikko/peli,Kuukausittain,Otavamedia,Otavamedia,Otavamedia Mainosmyynti,,,FI,Hobby & Leisure,Crossword enthusiasts,B2C,National,Print + Digital,Medium,,https://www.seura.fi,VERIFIED
FI,Apu,Aikakauslehti,Yleisaikakausl.,Viikoittain,A-lehdet,A-lehdet,A-lehdet Mainosmyynti,Klassinen yleislehti,,FI,Women's Lifestyle,Women 30+,B2C,National,Print + Digital,Medium,,https://www.apu.fi,VERIFIED
FI,Apu Terveys,Aikakauslehti,Terveys,Kuukausittain,A-lehdet,A-lehdet,A-lehdet Mainosmyynti,,,FI,Health & Fitness,General consumer,B2C,National,Print + Digital,High,,https://www.apu.fi/terveys,VERIFIED
FI,Tarina,Aikakauslehti,Tositarinat,Kuukausittain,A-lehdet,A-lehdet,A-lehdet Mainosmyynti,,,FI,Women's Lifestyle,Women 25-54,B2C,National,Print + Digital,High,,https://www.a-lehdet.fi,VERIFIED
FI,Maailman Kuvalehti,Aikakauslehti,Kansainvälinen,8x/v,Solidaarisuus,Maailman Kuvalehti,Direkte hos utgiver,Kehitysmaakysymykset,,FI,Politics & Current Affairs,Internationally minded,B2C,National,Print + Digital,Medium,,https://maailmankuvalehti.fi,VERIFIED
FI,Lapsen Maailma,Aikakauslehti,Lapsiperheet,6x/v,Lastensuojeluliitto,MLL,Direkte hos utgiver,,,FI,Family & Parenting,Families with children,B2C,National,Print + Digital,Medium,,https://www.lapsenmaailma.fi,VERIFIED
FI,Avotakka,Aikakauslehti,Koti/sisustus,11x/v,Selvstendig,Avotakka,Direkte hos utgiver,Klassikko vuodesta 1967,,FI,Home & Interior,General consumer,B2C,National,Print + Digital,High,,https://www.avotakka.fi,VERIFIED
FI,Meidän Talo,Aikakauslehti,Rakentaminen,8x/v,Selvstendig,Meidän Talo,Direkte hos utgiver,,,FI,Home & Interior,General consumer,B2B,National,Print + Digital,High,,https://www.meidantalo.fi,VERIFIED
FI,Meidän Mökki,Aikakauslehti,Mökki,8x/v,Selvstendig,Meidän Mökki,Direkte hos utgiver,,,FI,Home & Interior,General consumer,B2C,National,Print + Digital,High,,https://www.meidanmokki.fi,VERIFIED
FI,Meidän Mummola,Aikakauslehti,Nostalgia,6x/v,Selvstendig,Meidän Mummola,Direkte hos utgiver,,,FI,Family & Parenting,Grandparents,B2C,National,Print + Digital,Medium,,https://meidanperhe.fi,UNVERIFIED
FI,Pirkka,Aikakauslehti,Ruoka/kauppa,10x/v,K-ryhmä,Kesko,Kesko Mainosmyynti,"K-ryhmän asiakaslehti, suurin levikki",2200000,FI,Food & Drink,General consumer,B2C,National,Print + Digital,High,"circulation-reported, largest-in-segment, mass-circulation",https://www.pirkka.fi,VERIFIED
FI,Yhteishyvä,Aikakauslehti,Ruoka/kauppa,10x/v,SOK,S-ryhmä,S-ryhmä Mainosmyynti,"S-ryhmän asiakaslehti, n. 1,8 milj. levikki",1800000,FI,Food & Drink,General consumer,B2C,National,Print + Digital,High,"circulation-reported, mass-circulation",https://www.yhteishyva.fi,VERIFIED
FI,Hartwall Capital,Aikakauslehti,Liiketoiminta,Kuukausittain,Selvstendig,HC,Direkte hos utgiver,,,FI,Business & Finance,Business decision-makers,B2B,National,Print + Digital,Medium,,https://hartwallcapital.fi,VERIFIED
FI,Apu Sport,Aikakauslehti,Urheilu,Kuukausittain,A-lehdet,A-lehdet,A-lehdet Mainosmyynti,,,FI,Sports,General consumer,B2C,National,Print + Digital,Medium,,https://www.apu.fi,VERIFIED
FI,Tuulilasi,Aikakauslehti,Auto,12x/v,Selvstendig,Tuulilasi,Direkte hos utgiver,Autolehti,,FI,Auto & Motor,General consumer,B2C,National,Print + Digital,High,,https://www.tuulilasi.fi,VERIFIED
FI,Auto Bild Suomi,Aikakauslehti,Auto,Kuukausittain,Selvstendig,AB,Direkte hos utgiver,,,FI,Auto & Motor,General consumer,B2C,National,Print + Digital,High,,https://www.autobild.fi,VERIFIED
FI,V8 Magazine,Aikakauslehti,Auto,6x/v,Selvstendig,V8,Direkte hos utgiver,,,FI,Auto & Motor,General consumer,B2C,National,Print + Digital,High,,https://www.v8mag.com,UNVERIFIED
FI,Kuljetus,Aikakauslehti,Kuljetus,Kuukausittain,Selvstendig,Kuljetus,Direkte hos utgiver,,,FI,B2B – Transport & Logistics,Transport & logistics pros,B2B,National,Print + Digital,High,,https://www.kuljetuslehti.fi,VERIFIED
FI,Moottori,Aikakauslehti,Auto,Kuukausittain,Autoliitto,Autoliitto,Direkte hos utgiver,Autoliiton jäsenlehti,,FI,Auto & Motor,General consumer,B2C,National,Print + Digital,High,,https://www.moottori.fi,VERIFIED
FI,Mopo,Aikakauslehti,Mopo/moottoripyörä,8x/v,Selvstendig,Mopo,Direkte hos utgiver,,,FI,Motorcycle,General consumer,B2C,National,Print + Digital,Medium,,https://www.mopo.fi,VERIFIED
FI,MP Lehti,Aikakauslehti,Moottoripyörä,11x/v,Selvstendig,MP,Direkte hos utgiver,,,FI,Motorcycle,General consumer,B2C,National,Print + Digital,Medium,,https://www.motouutiset.fi,UNVERIFIED
FI,Tekniikan Maailma Klassikot,Aikakauslehti,Auto/klassikko,6x/v,Otavamedia,Otavamedia,Otavamedia Mainosmyynti,,,FI,Auto & Motor,General consumer,B2C,National,Print + Digital,High,,https://www.tekniikanmaailma.fi,VERIFIED
FI,Latu & Polku,Aikakauslehti,Ulkoilu,6x/v,Suomen Latu,Suomen Latu,Direkte hos utgiver,Suomen Ladun jäsenlehti,,FI,Outdoor & Adventure,General consumer,B2C,National,Print + Digital,High,,https://www.suomenlatu.fi/latupolku,VERIFIED
FI,Retki,Aikakauslehti,Ulkoilu,6x/v,Selvstendig,Retki,Direkte hos utgiver,,,FI,Outdoor & Adventure,General consumer,B2C,National,Print + Digital,High,,https://www.retkilehti.fi,VERIFIED
FI,Jalkapallolehti,Aikakauslehti,Jalkapallo,Kuukausittain,Selvstendig,JL,Direkte hos utgiver,,,FI,Sports – Football/Hockey,General consumer,B2C,National,Print + Digital,Medium,,https://www.jalkapallolehti.fi,VERIFIED
FI,Veikkaaja,Aikakauslehti,Urheilu/veto,Viikoittain,Selvstendig,Veikkaaja,Direkte hos utgiver,,,FI,Sports – Football/Hockey,General consumer,B2C,National,Print + Digital,Medium,,https://www.iltalehti.fi,LIKELY_OK
FI,Suomen Urheilulehti,Aikakauslehti,Urheilu,Kuukausittain,Selvstendig,SU,Direkte hos utgiver,,,FI,Sports,Sports enthusiasts,B2C,National,Print + Digital,Medium,,https://www.urheilulehti.fi,LIKELY_OK
FI,Kiekkomaa,Aikakauslehti,Jääkiekko,8x/v,Selvstendig,Kiekkomaa,Direkte hos utgiver,,,FI,Sports – Football/Hockey,General consumer,B2C,National,Print + Digital,Medium,,https://www.jatkoaika.com,UNVERIFIED
FI,Suomen Hiihtotapahtumat,Aikakauslehti,Hiihto,6x/v,Selvstendig,SH,Direkte hos utgiver,,,FI,Sports,Ski enthusiasts,B2C,National,Print + Digital,Medium,,https://www.hiihtoliitto.fi,VERIFIED
FI,Hippos,Aikakauslehti,Ravi,Viikoittain,Suomen Hippos,Hippos,Direkte hos utgiver,Ravilehti,,FI,Sports – Equestrian,General consumer,B2C,National,Print + Digital,High,,https://www.hippos.fi,VERIFIED
FI,Maku,Aikakauslehti,Ruoka,8x/v,Selvstendig,Maku,Direkte hos utgiver,Ruokalehti,,FI,Food & Drink,General consumer,B2C,National,Print + Digital,High,,https://www.maku.fi,VERIFIED
FI,Aromi,Aikakauslehti,Ruoka/viini,6x/v,Selvstendig,Aromi,Direkte hos utgiver,,,FI,Food & Drink,General consumer,B2C,National,Print + Digital,Medium,,https://aromi.fi,VERIFIED
FI,Olutpotretti,Aikakauslehti,Olut,6x/v,Selvstendig,Olutpotretti,Direkte hos utgiver,,,FI,Food & Drink,General consumer,B2C,National,Print + Digital,High,,https://www.olutposti.fi,VERIFIED
FI,Vino,Aikakauslehti,Viini,6x/v,Selvstendig,Vino,Direkte hos utgiver,,,FI,Food & Drink,Wine enthusiasts,B2C,National,Print + Digital,Medium,,https://www.viinilehti.fi,VERIFIED
FI,Etiketti,Aikakauslehti,Ruoka/elämäntapa,6x/v,Selvstendig,Etiketti,Direkte hos utgiver,,,FI,Food & Drink,General consumer,B2C,National,Print + Digital,High,,https://www.a-lehdet.fi,LIKELY_OK
FI,Image (Sanoma),Aikakauslehti,Mies/kulttuuri,8x/v,Sanoma,Sanoma Media Finland,Sanoma Media Finland Mainosmyynti,,,FI,Arts & Culture,General consumer,B2C,National,Print + Digital,High,,https://www.image.fi,VERIFIED
FI,Long Play,Verkkomagasin,Journalismi,Digitaal.,Long Play,Long Play,Direkte hos utgiver,Pitkä journalismi,,FI,Politics & Current Affairs,General consumer,B2C,National,Digital,High,digital-only,https://longplay.fi,VERIFIED
FI,Voima,Aikakauslehti,Vaihtoehto/politiikka,8x/v,Voima,Voima,Direkte hos utgiver,Vihreä/vasemmisto,,FI,Politics & Current Affairs,Politically engaged adults,B2C,National,Print + Digital,Medium,,https://voima.fi,VERIFIED
FI,Ilkka,Aikakauslehti,Kulttuuri,Kuukausittain,Selvstendig,Ilkka,Direkte hos utgiver,,,FI,Arts & Culture,General consumer,B2C,National,Print + Digital,High,,https://www.ilkkapohjalainen.fi,VERIFIED
FI,Nuori Voima,Aikakauslehti,Kirjallisuus/nuoret,6x/v,Selvstendig,Nuori Voima,Direkte hos utgiver,,,FI,Politics & Current Affairs,Children (3-12),B2C,National,Print + Digital,High,,https://nuorivoima.fi,VERIFIED
FI,Cinema,Aikakauslehti,Elokuva,6x/v,Selvstendig,Cinema,Direkte hos utgiver,,,FI,Film,General consumer,B2C,National,Print + Digital,Medium,,https://www.episodi.fi,UNVERIFIED
FI,Rumba,Aikakauslehti,Musiikki,11x/v,Selvstendig,Rumba,Direkte hos utgiver,Suosittu musiikkilehti,,FI,Music,General consumer,B2C,National,Print + Digital,High,,https://www.rumba.fi,VERIFIED
FI,Soundi,Aikakauslehti,Musiikki,11x/v,Selvstendig,Soundi,Direkte hos utgiver,Klassinen musiikkilehti,,FI,Music,General consumer,B2C,National,Print + Digital,High,,https://www.soundi.fi,VERIFIED
FI,Inferno,Aikakauslehti,Metalli,Kuukausittain,Selvstendig,Inferno,Direkte hos utgiver,,,FI,Music,Metal music fans,B2C,National,Print + Digital,Medium,,https://www.inferno.fi,VERIFIED
FI,KP24,Aikakauslehti,Kulttuuri,Kuukausittain,Selvstendig,KP24,Direkte hos utgiver,,,FI,Arts & Culture,General consumer,B2C,National,Print + Digital,High,,https://www.kp24.fi,VERIFIED
FI,Image (A-lehdet),Aikakauslehti,Muoti/kulttuuri,8x/v,A-lehdet,A-lehdet,A-lehdet Mainosmyynti,Eri kuin Sanoma Image,,FI,Fashion,Fashion-engaged women 18-49,B2C,National,Print + Digital,High,,https://www.image.fi,VERIFIED
FI,Eläkeläinen,Aikakauslehti,Eläke,8x/v,Eläkeliitto,Eläkeliitto,Direkte hos utgiver,,,FI,Seniors 55+,Adults 55+,B2C,National,Print + Digital,Medium,,https://www.elakeliitto.fi,VERIFIED
FI,Eläkkeensaaja,Aikakauslehti,Eläke,6x/v,EKL,EKL,Direkte hos utgiver,,,FI,Seniors 55+,Adults 55+,B2C,National,Print + Digital,Medium,,https://www.ekl.fi,VERIFIED
FI,Patina,Aikakauslehti,Antiikki,6x/v,Selvstendig,Patina,Direkte hos utgiver,,,FI,Antiques & Collecting,Antiques collectors,B2C,National,Print + Digital,Medium,,https://patinamag.com,UNVERIFIED
FI,Mauri Kunnaksen Maailma,Aikakauslehti,Lapset,6x/v,Otava,Otava,Direkte hos utgiver,,,FI,Children & Kids,Children,B2C,National,Print + Digital,Medium,,https://www.otava.fi,VERIFIED
FI,Helmi,Aikakauslehti,Tytöt,Kuukausittain,Selvstendig,Helmi,Direkte hos utgiver,,,FI,Youth & Teens,Tween/teen girls,B2C,National,Print + Digital,Medium,,https://www.kuvalehdet.fi,UNVERIFIED
FI,Lemmikkitaikuri,Aikakauslehti,Lapset,6x/v,Selvstendig,LT,Direkte hos utgiver,,,FI,Pets,General consumer,B2C,National,Print + Digital,Medium,,https://taikuri.com,UNVERIFIED
FI,Hattara,Aikakauslehti,Lapset,6x/v,Selvstendig,Hattara,Direkte hos utgiver,,,FI,Children & Kids,Children (3-12),B2C,National,Print + Digital,Medium,,https://hattara.com,UNVERIFIED
FI,Mondo,Aikakauslehti,Matka,8x/v,Selvstendig,Mondo,Direkte hos utgiver,Matkalehti,,FI,Travel,General consumer,B2C,National,Print + Digital,High,,https://www.mondo.fi,VERIFIED
FI,Matka,Aikakauslehti,Matka,Kuukausittain,Selvstendig,Matka,Direkte hos utgiver,,,FI,Travel,General consumer,B2C,National,Print + Digital,High,,https://matka.fi,LIKELY_OK
FI,Suomen Luonto,Aikakauslehti,Luonto,8x/v,Suomen Luonnonsuojeluliitto,SLL,Direkte hos utgiver,SLL:n jäsenlehti,,FI,Science,Nature enthusiasts,B2C,National,Print + Digital,Medium,,https://www.suomenluonto.fi,VERIFIED
FI,Luontoilta,Aikakauslehti,Luonto,6x/v,Selvstendig,Luontoilta,Direkte hos utgiver,,,FI,Science,Nature enthusiasts,B2C,National,Print + Digital,Medium,,https://luontoliitto.fi,UNVERIFIED
FI,Tehy-lehti,Ammattilehti,Sairaanhoito,16x/v,Tehy,Tehy,Direkte hos utgiver,Suurin terveysalan järjestölehti,160000,FI,B2B – Healthcare,Healthcare professionals,B2B,National,Print + Digital,High,"circulation-reported, high-circulation, largest-in-segment",https://www.tehy.fi,VERIFIED
FI,Sairaanhoitaja,Ammattilehti,Sairaanhoito,8x/v,Sairaanhoitajaliitto,SHL,Direkte hos utgiver,,,FI,B2B – Healthcare,Healthcare professionals,B2B,National,Print + Digital,High,,https://sairaanhoitajat.fi,VERIFIED
FI,Suomen Lääkärilehti,Ammattilehti,Lääketiede,Viikoittain,Suomen Lääkäriliitto,SLL,Direkte hos utgiver,,28000,FI,B2B – Healthcare,Healthcare professionals,B2B,National,Print + Digital,High,circulation-reported,https://www.laakarilehti.fi,VERIFIED
FI,Duodecim,Tieteellinen,Lääketiede,Kuukausittain,Duodecim,Duodecim,Direkte hos utgiver,,,FI,B2B – Healthcare,Healthcare professionals,B2B,National,Print + Digital,High,,https://www.duodecimlehti.fi,VERIFIED
FI,Mediuutiset,Ammattilehti,Lääketiede/B2B,Viikoittain,Alma Media,Alma Talent,Alma Media Mainosmyynti,B2B sairaaloille,,FI,B2B – Healthcare,Healthcare professionals,B2B,National,Print + Digital,High,,https://www.mediuutiset.fi,VERIFIED
FI,Hammaslääkärilehti,Ammattilehti,Hammaslääketiede,11x/v,Hammaslääkäriliitto,SHL,Direkte hos utgiver,,,FI,B2B – Healthcare,Dentists,B2B,National,Print + Digital,High,,https://www.hammaslaakarilehti.fi,VERIFIED
FI,Eläinlääkäriliiton lehti,Ammattilehti,Eläinlääketiede,12x/v,Suomen Eläinlääkäriliitto,SELL,Direkte hos utgiver,,,FI,B2B – Healthcare,Healthcare professionals,B2B,National,Print + Digital,High,,https://www.sell.fi,VERIFIED
FI,Suomen Farmasialehti,Ammattilehti,Farmasia,11x/v,Suomen Farmasialiitto,SFL,Direkte hos utgiver,,,FI,B2B – Healthcare,Healthcare professionals,B2B,National,Print + Digital,High,,https://farmasialiitto.fi,VERIFIED
FI,Apteekkari,Ammattilehti,Farmasia,Kuukausittain,Apteekkariliitto,SAL,Direkte hos utgiver,,,FI,B2B – Healthcare,Healthcare professionals,B2B,National,Print + Digital,High,,https://www.apteekkari.fi,VERIFIED
FI,Fysioterapia,Ammattilehti,Fysioterapia,8x/v,Suomen Fysioterapeutit,SFI,Direkte hos utgiver,,,FI,B2B – Healthcare,Physiotherapists,B2B,National,Print + Digital,High,,https://www.suomenfysioterapeutit.fi,VERIFIED
FI,Toimintaterapia,Ammattilehti,Toimintaterapia,6x/v,TOI,TOI,Direkte hos utgiver,,,FI,B2B – Healthcare,Occupational therapists,B2B,National,Print + Digital,High,,https://www.toimintaterapeuttiliitto.fi,VERIFIED
FI,Bioanalyytikko,Ammattilehti,Bioanalyysi,6x/v,Suomen Bioanalyytikkoliitto,SBL,Direkte hos utgiver,,,FI,B2B – Healthcare,Healthcare professionals,B2B,National,Print + Digital,High,,https://www.bioanalyytikkoliitto.fi,VERIFIED
FI,Talentia,Ammattilehti,Sosiaaliala,8x/v,Talentia,Talentia,Direkte hos utgiver,Sosiaalialan korkeakoulutetut,,FI,B2B – Public Sector,Social workers,B2B,National,Print + Digital,High,,https://www.talentia.fi,VERIFIED
FI,Sosiaalityö,Ammattilehti,Sosiaaliala,6x/v,Selvstendig,ST,Direkte hos utgiver,,,FI,B2B – Public Sector,Social workers,B2B,National,Print + Digital,High,,https://www.sosiaalityo.fi,VERIFIED
FI,Opettaja,Ammattilehti,Opetus,16x/v,OAJ,OAJ,OAJ Mainosmyynti,Suomen suurin opettajalehti,110000,FI,B2B – Education,Teachers & educators,B2B,National,Print + Digital,High,"circulation-reported, high-circulation, largest-in-segment",https://www.opettaja.fi,VERIFIED
FI,Tehy-Opetus,Ammattilehti,Opetus,Periodisk,Tehy,Tehy,Direkte hos utgiver,,,FI,B2B – Healthcare,Healthcare professionals,B2B,National,Print + Digital,High,,https://www.tehy.fi,VERIFIED
FI,Yliopistolehti,Ammattilehti,Korkeakoulu,8x/v,Selvstendig,Yliopistolehti,Direkte hos utgiver,,,FI,B2B – Education,Teachers & educators,B2B,National,Print + Digital,High,,https://www.yliopisto.fi,UNVERIFIED
FI,Acatiimi,Ammattilehti,Akateeminen,8x/v,Yliopistojen ja tutkimusalan henkilöstöliitto,YHL,Direkte hos utgiver,,,FI,B2B – Education,Teachers & educators,B2B,National,Print + Digital,High,,https://acatiimi.fi,VERIFIED
FI,Tieteessä Tapahtuu,Tieteellinen,Tiede,6x/v,Tieteellisten seurain valtuuskunta,TSV,Direkte hos utgiver,,,FI,Science,Science enthusiasts,B2C,National,Print + Digital,High,,https://journal.fi/tt,VERIFIED
FI,Pro-lehti,Ammattilehti,Ammattiliitto,10x/v,Pro,Pro,Direkte hos utgiver,Toimihenkilöiden liitto,,FI,B2B – Trade Union,Trade union members,B2B,National,Print + Digital,High,,https://www.proliitto.fi,VERIFIED
FI,PAM-lehti,Ammattilehti,Ammattiliitto,10x/v,PAM,PAM,Direkte hos utgiver,Palvelualojen ammattiliitto,,FI,B2B – Trade Union,Trade union members,B2B,National,Print + Digital,High,,https://www.pam.fi,VERIFIED
FI,JHL-lehti,Ammattilehti,Ammattiliitto,11x/v,JHL,JHL,Direkte hos utgiver,Julkisten ja hyvinvointialojen liitto,,FI,B2B – Trade Union,Trade union members,B2B,National,Print + Digital,High,,https://www.jhl.fi,VERIFIED
FI,Insinöörilehti,Ammattilehti,Insinööri,11x/v,Insinööriliitto,IL,Direkte hos utgiver,,,FI,B2B – Engineering,Engineers,B2B,National,Print + Digital,High,,https://www.ilry.fi,VERIFIED
FI,Tekniikan Akateemiset,Ammattilehti,Tekniikka,8x/v,TEK,TEK,Direkte hos utgiver,Tekniikan akateemiset,,FI,B2B – Engineering,Engineers,B2B,National,Print + Digital,High,,https://www.tek.fi,VERIFIED
FI,Talous & Tekniikka,Ammattilehti,Tekniikka,Kuukausittain,Alma Media,Alma Talent,Alma Media Mainosmyynti,Aiemmin Tekniikka & Talous,,FI,B2B – Engineering,Engineers,B2B,National,Print + Digital,High,,https://www.kauppalehti.fi,VERIFIED
FI,Mikrobitti,Ammattilehti,IT,Kuukausittain,Alma Media,Alma Talent,Alma Media Mainosmyynti,PC/tech-lehti,25000,FI,B2B – IT & Tech,IT professionals,B2B,National,Print + Digital,High,circulation-reported,https://www.mikrobitti.fi,VERIFIED
FI,Tivi,Ammattilehti,IT,11x/v,Alma Media,Alma Talent,Alma Media Mainosmyynti,Tietotekniikkapäättäjille,22000,FI,B2B – IT & Tech,IT professionals,B2B,National,Print + Digital,High,circulation-reported,https://www.tivi.fi,VERIFIED
FI,Skrolli,Ammattilehti,Tech/historia,Kvartaler,Selvstendig,Skrolli,Direkte hos utgiver,Retro/IT-historia,,FI,B2B – IT & Tech,IT professionals,B2B,National,Print + Digital,High,,https://skrolli.fi,VERIFIED
FI,Arvopaperi,Ammattilehti,Sijoittaminen,Kuukausittain,Alma Media,Alma Talent,Alma Media Mainosmyynti,Sijoituslehti,,FI,B2B – Marketing & Media,Marketing & media pros,B2B,National,Print + Digital,High,,https://www.arvopaperi.fi,VERIFIED
FI,Karjala-lehti,Ammattilehti,Kulttuuri,Kuukausittain,Selvstendig,KL,Direkte hos utgiver,Karjalaiset,,FI,Arts & Culture,General consumer,B2B,National,Print + Digital,High,,https://karjalalehti.fi,UNVERIFIED
FI,Käytännön Maamies,Ammattilehti,Maatalous,11x/v,Selvstendig,KM,Direkte hos utgiver,,,FI,B2B – Agriculture,Farmers,B2B,National,Print + Digital,High,,https://kmvet.fi,VERIFIED
FI,Maatilan Pellervo,Ammattilehti,Maatalous,Kuukausittain,Pellervo-Seura,Pellervo,Direkte hos utgiver,Osuustoiminta,,FI,B2B – Agriculture,Farmers,B2B,National,Print + Digital,High,,https://www.pellervo.fi,VERIFIED
FI,Maatilan Pirkka,Ammattilehti,Maatalous/kauppa,10x/v,K-ryhmä,Kesko,Kesko Mainosmyynti,,,FI,B2B – Agriculture,Farmers,B2B,National,Print + Digital,High,,https://k-maatalous.fi,VERIFIED
FI,Tuottava Peruna,Ammattilehti,Maatalous,8x/v,ProAgria,ProAgria,Direkte hos utgiver,,,FI,B2B – Agriculture,Farmers,B2B,National,Print + Digital,High,,https://proagria.fi,VERIFIED
FI,Nauta,Ammattilehti,Maatalous/karja,11x/v,ProAgria,ProAgria,Direkte hos utgiver,,,FI,B2B – Agriculture,Farmers,B2B,National,Print + Digital,High,,https://www.proagria.fi,VERIFIED
FI,Maito ja Me,Ammattilehti,Maatalous/maito,8x/v,Valio,Valio,Direkte hos utgiver,Valion tuottajille,,FI,B2B – Agriculture,Farmers,B2B,National,Print + Digital,High,,https://www.maitojame.fi,VERIFIED
FI,Pellervo,Ammattilehti,Osuustoiminta,Kuukausittain,Pellervo-Seura,Pellervo,Direkte hos utgiver,,,FI,B2B – Agriculture,Farmers,B2B,National,Print + Digital,High,,https://www.pellervo.fi,VERIFIED
FI,Metsälehti,Ammattilehti,Metsätalous,12x/v,Metsäkustannus,Metsäkustannus,Direkte hos utgiver,,,FI,B2B – Agriculture,Farmers,B2B,National,Print + Digital,High,,https://metsalehti.fi,VERIFIED
FI,Metsä,Ammattilehti,Metsätalous,6x/v,Stora Enso,Stora Enso,Direkte hos utgiver,Stora Enson sidosryhmälehti,,FI,B2B – Agriculture,Farmers,B2B,National,Print + Digital,High,,https://www.metsalehti.fi,VERIFIED
FI,Maatilan Tila,Ammattilehti,Maatalous,Periodisk,Selvstendig,MT,Direkte hos utgiver,,,FI,B2B – Agriculture,Farmers,B2B,National,Print + Digital,High,,https://www.maaseuduntulevaisuus.fi,VERIFIED
FI,Suomen Maa- ja Metsätalous,Ammattilehti,Maatalous,Periodisk,Selvstendig,SMM,Direkte hos utgiver,,,FI,B2B – Agriculture,Farmers,B2B,National,Print + Digital,High,,https://maaseutu.fi,VERIFIED
FI,Rakennuslehti,Ammattilehti,Rakentaminen,Viikoittain,Sanoma,Sanoma Media Finland,Sanoma Media Finland Mainosmyynti,Suurin rakennusalan lehti,30000,FI,B2B – Construction & Property,Construction & property pros,B2B,National,Print + Digital,High,"circulation-reported, largest-in-segment",https://www.rakennuslehti.fi,VERIFIED
FI,Rakennustaito,Ammattilehti,Rakentaminen,11x/v,Rakennusinsinööriliitto,RIL,Direkte hos utgiver,,,FI,B2B – Construction & Property,Construction & property pros,B2B,National,Print + Digital,High,,https://rakennustaito.fi,VERIFIED
FI,Suomen Kuvalehti Rakentajan Ekstra,Ammattilehti,Rakentaminen,Periodisk,Otavamedia,Otavamedia,Otavamedia Mainosmyynti,Erikoisnumero,,FI,B2B – Construction & Property,Construction & property pros,B2B,National,Print + Digital,High,,https://suomenkuvalehti.fi,VERIFIED
FI,Pinta,Ammattilehti,Pintakäsittely,8x/v,Selvstendig,Pinta,Direkte hos utgiver,,,FI,B2B – Construction & Property,Painting/surface pros,B2B,National,Print + Digital,High,,https://www.pinta.fi,VERIFIED
FI,Talotekniikka-lehti,Ammattilehti,LVI/Sähkö,11x/v,Selvstendig,TT,Direkte hos utgiver,,,FI,B2B – Construction & Property,Construction & property pros,B2B,National,Print + Digital,High,,https://www.talotekniikka-lehti.fi,VERIFIED
FI,Sähkömaailma,Ammattilehti,Sähkö,11x/v,Sähköteknisten kaupan liitto,STK,Direkte hos utgiver,,,FI,B2B – Construction & Property,Construction & property pros,B2B,National,Print + Digital,High,,https://www.sahkomaailma.fi,VERIFIED
FI,Suomen Sähköalan Liitto,Ammattilehti,Sähkö,8x/v,SSL,SSL,Direkte hos utgiver,,,FI,B2B – Construction & Property,Construction & property pros,B2B,National,Print + Digital,High,,https://www.ssl.fi,VERIFIED
FI,LVI-Lehti,Ammattilehti,LVI,11x/v,LVI-tekniset urakoitsijat,LVI-TU,Direkte hos utgiver,,,FI,B2B – Construction & Property,Construction & property pros,B2B,National,Print + Digital,High,,https://www.lvi-tu.fi,UNVERIFIED
FI,Talotekniikka,Ammattilehti,Talotekniikka,11x/v,Selvstendig,TT,Direkte hos utgiver,,,FI,B2B – Construction & Property,Construction & property pros,B2B,National,Print + Digital,High,,https://www.talotekniikka.fi,VERIFIED
FI,Kiinteistölehti,Ammattilehti,Kiinteistö,11x/v,Suomen Kiinteistöliitto,SKL,Direkte hos utgiver,Asunto-osakeyhtiöt,,FI,B2B – Construction & Property,Construction & property pros,B2B,National,Print + Digital,High,,https://www.kiinteistolehti.fi,VERIFIED
FI,Hyvä Yhtiö,Ammattilehti,Asuntoyhtiöt,Kuukausittain,Isännöintiliitto,Isännöintiliitto,Direkte hos utgiver,,,FI,B2B – Construction & Property,Construction & property pros,B2B,National,Print + Digital,High,,https://www.isannointiliitto.fi,VERIFIED
FI,Vuokraisännät,Ammattilehti,Vuokraus,6x/v,Selvstendig,VI,Direkte hos utgiver,,,FI,B2B – Construction & Property,Property rental pros,B2B,National,Print + Digital,High,,https://www.vuokraisannat.fi,LIKELY_OK
FI,Maalari,Ammattilehti,Maalaus,8x/v,Pintaurakoitsijat,Pintaurakoitsijat,Direkte hos utgiver,,,FI,B2B – Construction & Property,Construction & property pros,B2B,National,Print + Digital,High,,https://pintaurakoitsijat.fi,VERIFIED
FI,Suomen Kuljetus & Logistiikka,Ammattilehti,Logistiikka,10x/v,SKAL,SKAL,Direkte hos utgiver,Suomen Kuorma-autoliitto,,FI,B2B – Transport & Logistics,Transport & logistics pros,B2B,National,Print + Digital,High,,https://www.skal.fi,VERIFIED
FI,Kuljetusyrittäjä,Ammattilehti,Kuljetus,10x/v,Selvstendig,KY,Direkte hos utgiver,,,FI,B2B – Transport & Logistics,Transport & logistics pros,B2B,National,Print + Digital,High,,https://www.kuljetusyrittaja.fi,VERIFIED
FI,Logistiikka,Ammattilehti,Logistiikka,8x/v,Selvstendig,Logistiikka,Direkte hos utgiver,,,FI,B2B – Transport & Logistics,Transport & logistics pros,B2B,National,Print + Digital,High,,https://www.logistiikka.fi,VERIFIED
FI,Tie & Liikenne,Ammattilehti,Tie/liikenne,6x/v,Suomen Tieyhdistys,STY,Direkte hos utgiver,,,FI,B2B – Transport & Logistics,Transport & logistics pros,B2B,National,Print + Digital,High,,https://www.tieyhdistys.fi,VERIFIED
FI,Auto-Foorumi,Ammattilehti,Autokauppa,11x/v,Autoalan Keskusliitto,AKL,Direkte hos utgiver,,,FI,B2B – Retail,Automotive trade,B2B,National,Print + Digital,High,,https://akl.fi,VERIFIED
FI,Autoala,Ammattilehti,Autoala,Kuukausittain,Selvstendig,Autoala,Direkte hos utgiver,,,FI,B2B – Retail,Automotive trade,B2B,National,Print + Digital,High,,https://www.autoala.fi,VERIFIED
FI,Yrittäjä,Ammattilehti,Yrittäjyys,11x/v,Suomen Yrittäjät,SY,Direkte hos utgiver,Suomen Yrittäjien jäsenl.,105000,FI,B2B – SME,SME owners,B2B,National,Print + Digital,High,"circulation-reported, high-circulation",https://yrittajat.fi,VERIFIED
FI,Kauppias,Ammattilehti,Kauppa,Kuukausittain,K-ryhmä,Kesko,Kesko Mainosmyynti,,,FI,B2B – Retail,Retail pros,B2B,National,Print + Digital,High,,https://www.kesko.fi,VERIFIED
FI,Suomen Kauppiaslehti,Ammattilehti,Kauppa,8x/v,Suomen Kauppias,SK,Direkte hos utgiver,,,FI,B2B – Retail,Retail pros,B2B,National,Print + Digital,High,,https://www.skl.fi,VERIFIED
FI,Kehittyvä Elintarvike,Ammattilehti,Elintarvike,8x/v,Elintarviketieteiden Seura,ETS,Direkte hos utgiver,,,FI,B2B – Retail,Food industry pros,B2B,National,Print + Digital,High,,https://kehittyvaelintarvike.fi,VERIFIED
FI,ETL News,Ammattilehti,Elintarvike,Periodisk,Elintarviketeollisuusliitto,ETL,Direkte hos utgiver,,,FI,B2B – Retail,Food industry pros,B2B,National,Print + Digital,High,,https://www.etl.fi,VERIFIED
FI,Markkinointi & Mainonta,Ammattilehti,Markkinointi,20x/v,Selvstendig,M&M,Direkte hos utgiver,Suomen suurin markkinointilehti,,FI,B2B – Marketing & Media,Marketing & media pros,B2B,National,Print + Digital,High,largest-in-segment,https://www.marmai.fi,VERIFIED
FI,Marmai,Ammattilehti,Markkinointi,Digitaal.,Selvstendig,Marmai,Direkte hos utgiver,M&M digital,,FI,B2B – Marketing & Media,Marketing & media pros,B2B,National,Print + Digital,High,,https://www.marmai.fi,VERIFIED
FI,Talouselämä Digital,Ammattilehti,Talous,Digitaal.,Alma Media,Alma Talent,Alma Media Mainosmyynti,,,FI,Business & Finance,General consumer,B2B,National,Print + Digital,High,,https://www.talouselama.fi,VERIFIED
FI,Poliisi-lehti,Ammattilehti,Poliisi,8x/v,Poliisihallitus,Poliisi,Direkte hos utgiver,,,FI,B2B – Defense & Police,Police,B2B,National,Print + Digital,High,,https://poliisi.fi,VERIFIED
FI,Poliisi & Oikeus,Ammattilehti,Poliisi,8x/v,Suomen Poliisijärjestöjen Liitto,SPJL,Direkte hos utgiver,,,FI,B2B – Legal,Legal professionals,B2B,National,Print + Digital,High,,https://www.spjl.fi,VERIFIED
FI,Pelastustieto,Ammattilehti,Pelastus,8x/v,Pelastustieto ry,Pelastustieto,Direkte hos utgiver,,,FI,B2B – Defense & Police,Rescue services,B2B,National,Print + Digital,High,,https://pelastustieto.fi,VERIFIED
FI,Palomies,Ammattilehti,Palomies,10x/v,Suomen Palomiesliitto,SPAL,Direkte hos utgiver,,,FI,B2B – Defense & Police,Firefighters,B2B,National,Print + Digital,High,,https://www.sppl.fi,VERIFIED
FI,Lakimiesuutiset,Ammattilehti,Oikeus,8x/v,Suomen Lakimiesliitto,SLL,Direkte hos utgiver,,,FI,B2B – Legal,Legal professionals,B2B,National,Print + Digital,High,,https://lakimiesliitto.fi,VERIFIED
FI,Defensor Legis,Tieteellinen,Oikeus,6x/v,Suomen Asianajajaliitto,SAL,Direkte hos utgiver,,,FI,B2B – Legal,Legal professionals,B2B,National,Print + Digital,High,,https://asianajajaliitto.fi,VERIFIED
FI,Suomen Lakimies,Ammattilehti,Oikeus,Periodisk,Selvstendig,SL,Direkte hos utgiver,,,FI,B2B – Legal,Legal professionals,B2B,National,Print + Digital,High,,https://lakimiesyhdistys.fi,LIKELY_OK
FI,Ruotuväki,Ammattilehti,Puolustus,Viikoittain,Puolustusvoimat,PV,Direkte hos utgiver,Sotilasviikkolehti,50000,FI,B2B – Defense & Police,Defence & police personnel,B2B,National,Print + Digital,High,circulation-reported,https://puolustusvoimat.fi,VERIFIED
FI,Reserviläinen,Ammattilehti,Maanpuolustus,8x/v,Reserviläisliitto,RES,Direkte hos utgiver,,,FI,B2B – Defense & Police,Military reservists,B2B,National,Print + Digital,High,,https://www.reservilaisliitto.fi,VERIFIED
FI,Kylkirauta,Ammattilehti,Sotilas,4x/v,Kadettikunta,Kadettikunta,Direkte hos utgiver,Upseerikuntien lehti,,FI,B2B – Defense & Police,Defence & police personnel,B2B,National,Print + Digital,High,,https://kylkirauta.fi,VERIFIED
FI,Kirkko ja Kaupunki,Sanomalehti,Uskonto,Viikoittain,Helsingin srk,Helsingin srk,Direkte hos utgiver,Helsinki seurakuntalehti,,FI,Religion,Religious (Christian),B2C,National,Print + Digital,Low,,https://www.kirkkojakaupunki.fi,VERIFIED
FI,Kotimaa,Sanomalehti,Uskonto,Viikoittain,Kotimaa Oy,Kotimaa,Direkte hos utgiver,Kirkollinen valtakunnallinen,,FI,Religion,Religious (Christian),B2B,National,Print + Digital,High,,https://www.kotimaa.fi,VERIFIED
FI,Kirkonkello,Aikakauslehti,Uskonto,8x/v,Selvstendig,KK,Direkte hos utgiver,,,FI,Religion,Religious (Christian),B2B,National,Print + Digital,Medium,,https://www.kirkonkello.fi,VERIFIED
FI,Sana,Aikakauslehti,Uskonto,Viikoittain,Selvstendig,Sana,Direkte hos utgiver,Kristillinen yleisaikakausl.,,FI,Religion,Religious (Christian),B2C,National,Print + Digital,Low,,https://www.sana.fi,VERIFIED
FI,Helluntailehti,Aikakauslehti,Uskonto,Kuukausittain,Helluntaiseurakunnat,HS,Direkte hos utgiver,,,FI,Religion,Religious (Christian),B2C,National,Print + Digital,Low,,https://www.helluntaikirkko.fi,VERIFIED
FI,Suomen Luonto,Aikakauslehti,Luonto,8x/v,SLL,SLL,Direkte hos utgiver,Aikaisemmin mainittu,,FI,Science,Nature enthusiasts,B2C,National,Print + Digital,Medium,,https://www.suomenluonto.fi,VERIFIED
FI,Ympäristö,Ammattilehti,Ympäristö,6x/v,Ympäristöministeriö,YM,Direkte hos utgiver,,,FI,B2B – Charity & Third Sector,Environment sector pros,B2B,National,Print + Digital,High,,https://www.ymparisto.fi,VERIFIED
FI,Vihreä Lanka Magasin,Aikakauslehti,Ympäristö,6x/v,Selvstendig,VLM,Direkte hos utgiver,,,FI,Politics & Current Affairs,Environmentally aware consumers,B2C,National,Print + Digital,Medium,,https://www.vihrealanka.fi,LIKELY_OK
FI,Eläke,Ammattilehti,Eläke,Kuukausittain,Selvstendig,Eläke,Direkte hos utgiver,,,FI,Seniors 55+,Adults 55+,B2B,National,Print + Digital,High,,https://www.elakeliitto.fi,VERIFIED
FI,Vakuutuslehti,Ammattilehti,Vakuutus,Kuukausittain,Selvstendig,VL,Direkte hos utgiver,,,FI,B2B – Finance & Insurance,Financial services pros,B2B,National,Print + Digital,High,,https://www.finanssiala.fi,VERIFIED
FI,Pankki,Ammattilehti,Pankki,Kuukausittain,Finanssiala,FA,Direkte hos utgiver,,,FI,B2B – Finance & Insurance,Financial services pros,B2B,National,Print + Digital,High,,https://www.finanssiala.fi,VERIFIED
FI,Kollegiaalisuus,Ammattilehti,HR,Periodisk,Selvstendig,Kollegiaalisuus,Direkte hos utgiver,,,FI,B2B – HR & Management,HR & management pros,B2B,National,Print + Digital,High,,https://www.kollega.fi,VERIFIED
FI,Liike,Ammattilehti,Liiketoiminta,Periodisk,Selvstendig,Liike,Direkte hos utgiver,,,FI,B2B – SME,SME owners,B2B,National,Print + Digital,High,,https://www.liike.fi,VERIFIED
FI,Kunnallisuusvirka,Ammattilehti,Kunta,Periodisk,KT Kuntatyönantajat,KT,Direkte hos utgiver,,,FI,B2B – Public Sector,Public sector workers,B2B,National,Print + Digital,High,,https://www.kt.fi,VERIFIED
FI,Kuntalehti,Ammattilehti,Kunta,Kuukausittain,Kuntaliitto,KL,Direkte hos utgiver,Kuntien ja kaupunkien,,FI,B2B – Public Sector,Public sector workers,B2B,National,Print + Digital,High,,https://kuntalehti.fi,VERIFIED
UK,The Times,Daily,National quality,Daily,News Corp,News UK,News UK Commercial,"London, centre-right, circulation private since 2020",350000,UK,News (National Quality),General consumer,B2C,National,Print + Digital,Medium,"centre-right, circulation-reported, high-circulation",https://www.thetimes.co.uk,LIKELY_OK
UK,The Sunday Times,Sunday,National quality,Weekly,News Corp,News UK,News UK Commercial,Sunday sister of The Times,700000,UK,News (National Quality),General consumer,B2C,National,Print + Digital,Medium,"circulation-reported, mass-circulation",https://www.thetimes.co.uk,LIKELY_OK
UK,The Guardian,Daily,National quality,Daily,Guardian Media Group,Guardian News & Media,Guardian Advertising,"London, liberal-left, circulation private since 2021",100000,UK,News (National Quality),General consumer,B2C,National,Print + Digital,High,"circulation-reported, high-circulation, liberal",https://www.theguardian.com,LIKELY_OK
UK,The Observer,Sunday,National quality,Weekly,Tortoise Media (from 2024),Tortoise Media,Tortoise Media Ads,"Sunday paper, acquired from Guardian",,UK,News (National Quality),General consumer,B2C,National,Print + Digital,High,,https://www.theguardian.com/observer,LIKELY_OK
UK,The Daily Telegraph,Daily,National quality,Daily,Telegraph Media Group,Telegraph Media Group,Telegraph Commercial,"London, conservative, sale pending",250000,UK,News (National Quality),General consumer,B2C,National,Print + Digital,High,"circulation-reported, conservative, high-circulation",https://www.telegraph.co.uk,LIKELY_OK
UK,The Sunday Telegraph,Sunday,National quality,Weekly,Telegraph Media Group,Telegraph Media Group,Telegraph Commercial,Sunday sister,,UK,News (National Quality),General consumer,B2C,National,Print + Digital,High,,https://www.telegraph.co.uk,LIKELY_OK
UK,Financial Times,Daily,Business,Daily,Nikkei,Financial Times Ltd,FT Commercial,"London + global, pink paper",101940,UK,Business & Finance,Business decision-makers,B2C,International,Print + Digital,High,"circulation-reported, high-circulation",https://www.ft.com,LIKELY_OK
UK,FT Weekend,Saturday,Business/lifestyle,Weekly,Nikkei,Financial Times Ltd,FT Commercial,Saturday FT,,UK,Business & Finance,Business decision-makers,B2C,National,Print + Digital,High,,https://www.ft.com,LIKELY_OK
UK,The i Paper,Daily,National quality,Daily,DMG Media,DMG Media,Mail Metro Media,"Acquired by DMG 2019, ~50k circulation",50837,UK,News (National Quality),General consumer,B2C,National,Print + Digital,High,circulation-reported,https://inews.co.uk,LIKELY_OK
UK,The Independent,Digital,National quality,Digital,Independent Digital News & Media,Independent,Independent Commercial,Digital-only since 2016,,UK,News (National Quality),General consumer,B2C,National,Digital,High,digital-only,https://www.independent.co.uk,LIKELY_OK
UK,Daily Mail,Daily,National mid-market,Daily,DMG Media,Associated Newspapers,Mail Metro Media,"London, centre-right, ~619k (2024)",619480,UK,News (National Mid-market),General consumer,B2C,National,Print + Digital,High,"centre-right, circulation-reported, mass-circulation",https://www.dailymail.co.uk,LIKELY_OK
UK,The Mail on Sunday,Sunday,National mid-market,Weekly,DMG Media,Associated Newspapers,Mail Metro Media,~517k (2024),517598,UK,News (National Mid-market),General consumer,B2C,National,Print + Digital,High,"circulation-reported, mass-circulation",https://www.dailymail.co.uk/mailonsunday,LIKELY_OK
UK,Daily Express,Daily,National mid-market,Daily,Reach plc,Express Newspapers,Reach Commercial,"London, centre-right, circulation private since 2025",,UK,News (National Mid-market),General consumer,B2C,National,Print + Digital,High,centre-right,https://www.express.co.uk,LIKELY_OK
UK,Sunday Express,Sunday,National mid-market,Weekly,Reach plc,Express Newspapers,Reach Commercial,~87k (Dec 2025),87293,UK,News (National Mid-market),General consumer,B2C,National,Print + Digital,High,circulation-reported,https://www.express.co.uk,LIKELY_OK
UK,The Sun,Daily,National tabloid,Daily,News Corp,News UK,News UK Commercial,"London, populist, circulation private since 2020",1200000,UK,News (National Tabloid),Mass market consumer,B2C,National,Print + Digital,Medium,"circulation-reported, mass-circulation, populist",https://www.thesun.co.uk,LIKELY_OK
UK,The Sun on Sunday,Sunday,National tabloid,Weekly,News Corp,News UK,News UK Commercial,Sunday tabloid (replaced News of the World 2012),1100000,UK,News (National Tabloid),Mass market consumer,B2C,National,Print + Digital,Medium,"circulation-reported, mass-circulation, tabloid",https://www.thesun.co.uk,LIKELY_OK
UK,Daily Mirror,Daily,National tabloid,Daily,Reach plc,MGN,Reach Commercial,"London, Labour, ~176k (Sep 2025)",175928,UK,News (National Tabloid),Mass market consumer,B2C,National,Print + Digital,High,"Labour-leaning, circulation-reported, high-circulation",https://www.mirror.co.uk,LIKELY_OK
UK,Sunday Mirror,Sunday,National tabloid,Weekly,Reach plc,MGN,Reach Commercial,~117k (Dec 2025),116664,UK,News (National Tabloid),Mass market consumer,B2C,National,Print + Digital,High,"circulation-reported, high-circulation",https://www.mirror.co.uk,LIKELY_OK
UK,Sunday People,Sunday,National tabloid,Weekly,Reach plc,MGN,Reach Commercial,Smallest national Sunday tabloid,,UK,News (National Tabloid),Mass market consumer,B2C,National,Print + Digital,High,tabloid,https://www.mirror.co.uk/sunday-people,LIKELY_OK
UK,Daily Star,Daily,National tabloid,Daily,Reach plc,Express Newspapers,Reach Commercial,"Tabloid, circulation private since 2025",,UK,News (National Tabloid),Mass market consumer,B2C,National,Print + Digital,High,tabloid,https://www.dailystar.co.uk,LIKELY_OK
UK,Daily Star Sunday,Sunday,National tabloid,Weekly,Reach plc,Express Newspapers,Reach Commercial,,,UK,News (National Tabloid),Mass market consumer,B2C,National,Print + Digital,High,,https://www.dailystar.co.uk,LIKELY_OK
UK,Metro,Daily,Free national,Daily (Mon-Fri),DMG Media,Associated Newspapers,Mail Metro Media,"London + 11 UK cities, ~952k (Dec 2025)",952332,UK,News (National),General consumer,B2C,National,Print + Digital,High,"circulation-reported, mass-circulation",https://metro.co.uk,LIKELY_OK
UK,Evening Standard,Weekly,Free London,Weekly (Thu),Evgeny Lebedev,ES Newspapers,Standard Sales,"Changed to weekly Sep 2024, London",250000,UK,News (Regional),Regional consumer,B2C,National,Print + Digital,Medium,"circulation-reported, high-circulation",https://www.standard.co.uk,LIKELY_OK
UK,Morning Star,Daily,Politics,Daily,People's Press Printing Society,Morning Star,Direct from publisher,"Socialist/communist, est. 1930",,UK,Politics & Current Affairs,General consumer,B2B,National,Print + Digital,High,"pre-1900-founded, socialist",https://morningstaronline.co.uk,VERIFIED
UK,The Big Issue,Weekly,Social,Weekly,The Big Issue,The Big Issue,Big Issue Commercial,Sold by homeless vendors,,UK,Politics & Current Affairs,General consumer,B2C,National,Print + Digital,Medium,,https://www.bigissue.com,VERIFIED
UK,The Voice,Weekly,Community,Weekly,GV Media Group,The Voice,Direct from publisher,British Black newspaper,,UK,Community Press,Local community,B2C,National,Print + Digital,Medium,,https://www.voice-online.co.uk,VERIFIED
UK,Eastern Eye,Weekly,Community,Weekly,Asian Media Group,AMG,Direct from publisher,British Asian,,UK,Community Press,General consumer,B2C,National,Print + Digital,Medium,,https://www.easterneye.biz,VERIFIED
UK,Jewish Chronicle,Weekly,Community,Weekly,Jewish Chronicle Trust,JC,Direct from publisher,Britain's oldest Jewish paper,,UK,Community Press,Local community,B2C,National,Print + Digital,Medium,historic,https://www.thejc.com,VERIFIED
UK,Jewish News,Weekly,Community,Weekly,Jewish News,Jewish News,Direct from publisher,,,UK,Community Press,Local community,B2C,National,Print + Digital,Medium,,https://www.jewishnews.co.uk,LIKELY_OK
UK,The Tablet,Weekly,Religion,Weekly,Tablet Publishing,The Tablet,Direct from publisher,Catholic weekly,,UK,Religion,Religious (Christian),B2B,National,Print + Digital,Medium,,https://www.thetablet.co.uk,UNVERIFIED
UK,Church Times,Weekly,Religion,Weekly,Hymns Ancient & Modern,Church Times,Direct from publisher,Church of England,,UK,Religion,Religious (Christian),B2B,National,Print + Digital,Medium,,https://www.churchtimes.co.uk,LIKELY_OK
UK,The Catholic Herald,Monthly,Religion,Monthly,Sir William Cash,Catholic Herald,Direct from publisher,Catholic weekly (now monthly),,UK,Religion,Religious (Christian),B2B,National,Print + Digital,Medium,,https://catholicherald.co.uk,VERIFIED
UK,Methodist Recorder,Weekly,Religion,Weekly,Methodist Recorder,Methodist Recorder,Direct from publisher,Methodist,,UK,Religion,Religious (Christian),B2B,National,Print + Digital,Medium,,https://www.methodistrecorder.co.uk,LIKELY_OK
UK,Daily Record,Daily,Scottish national,Daily,Reach plc,Reach Scotland,Reach Commercial,"Glasgow, Labour, Scotland's largest tabloid",,UK,News (National),Scottish audience,B2C,Regional,Print + Digital,Medium,"Labour-leaning, largest-in-segment, tabloid",https://www.dailyrecord.co.uk,LIKELY_OK
UK,Sunday Mail,Sunday,Scottish national,Weekly,Reach plc,Reach Scotland,Reach Commercial,"Sister of Daily Record, ~33k (Dec 2025)",33466,UK,News (National),Scottish audience,B2C,Regional,Print + Digital,Medium,circulation-reported,https://www.dailyrecord.co.uk/sunday-mail,LIKELY_OK
UK,The Scotsman,Daily,Scottish national,Daily,National World,JPI Media,National World Commercial,"Edinburgh, centre-right",,UK,News (National),Scottish audience,B2C,Regional,Print + Digital,Medium,centre-right,https://www.scotsman.com,LIKELY_OK
UK,Scotland on Sunday,Sunday,Scottish national,Weekly,National World,JPI Media,National World Commercial,Sunday sister,,UK,News (National),Scottish audience,B2C,Regional,Print + Digital,Medium,,https://www.scotsman.com/scotland-on-sunday,LIKELY_OK
UK,The Herald,Daily,Scottish national,Daily,Newsquest,Newsquest Media Group,Newsquest Commercial,"Glasgow, centre",15000,UK,News (National),Scottish audience,B2C,Regional,Print + Digital,Medium,circulation-reported,https://www.heraldscotland.com,LIKELY_OK
UK,The Sunday Post,Sunday,Scottish national,Weekly,DC Thomson,DC Thomson,DC Thomson Media,Dundee-based,,UK,News (National),Scottish audience,B2C,Regional,Print + Digital,Medium,,https://www.sundaypost.com,LIKELY_OK
UK,The National,Daily,Scottish national,Daily,Newsquest,Newsquest,Newsquest Commercial,"Pro-independence, ~2,500 print",2568,UK,News (National),Scottish audience,B2C,Regional,Print + Digital,Medium,"circulation-reported, pro-independence",https://www.thenational.scot,LIKELY_OK
UK,The Sunday National,Sunday,Scottish national,Weekly,Newsquest,Newsquest,Newsquest Commercial,Pro-independence Sunday,,UK,News (National),Scottish audience,B2C,Regional,Print + Digital,Medium,pro-independence,https://www.thenational.scot,LIKELY_OK
UK,Press and Journal,Daily,Regional,Daily,DC Thomson,DC Thomson,DC Thomson Media,"Aberdeen, NE Scotland",20000,UK,News (Regional),Regional consumer,B2C,Regional,Print + Digital,Medium,circulation-reported,https://www.pressandjournal.co.uk,LIKELY_OK
UK,Evening Express,Daily,Regional,Daily (Mon-Sat),DC Thomson,DC Thomson,DC Thomson Media,Aberdeen evening,,UK,News (Regional),Regional consumer,B2C,Regional,Print + Digital,Medium,,https://www.pressandjournal.co.uk/evening-express,LIKELY_OK
UK,The Courier,Daily,Regional,Daily,DC Thomson,DC Thomson,DC Thomson Media,"Dundee, Perth, Angus, Fife",25000,UK,News (Regional),Regional consumer,B2C,Regional,Print + Digital,Medium,circulation-reported,https://www.thecourier.co.uk,LIKELY_OK
UK,Evening Telegraph,Daily,Regional,Daily,DC Thomson,DC Thomson,DC Thomson Media,Dundee evening,,UK,News (Regional),Regional consumer,B2C,Regional,Print + Digital,Medium,,https://www.eveningtelegraph.co.uk,LIKELY_OK
UK,Glasgow Times,Daily,Regional,Daily,Newsquest,Newsquest,Newsquest Commercial,Glasgow (formerly Evening Times),,UK,News (Regional),Regional consumer,B2C,Regional,Print + Digital,Medium,,https://www.glasgowtimes.co.uk,LIKELY_OK
UK,Edinburgh Evening News,Daily,Regional,Daily,National World,JPI Media,National World Commercial,Edinburgh evening,,UK,News (Regional),Regional consumer,B2C,Regional,Print + Digital,Medium,,https://www.edinburghnews.scotsman.com,LIKELY_OK
UK,Greenock Telegraph,Daily,Local,Daily,Newsquest,Newsquest,Newsquest Commercial,Inverclyde,,UK,News (Local),Regional consumer,B2C,Local,Print + Digital,Medium,,https://www.greenocktelegraph.co.uk,LIKELY_OK
UK,Paisley Daily Express,Daily,Local,Daily,Reach plc,Reach,Reach Commercial,Renfrewshire,,UK,News (Local),Regional consumer,B2C,Local,Print + Digital,Medium,,https://www.dailyrecord.co.uk/paisley-daily-express,LIKELY_OK
UK,Daily Post,Daily,Regional,Daily,Reach plc,Reach Wales,Reach Commercial,North Wales,,UK,News (Regional),Regional consumer,B2C,Regional,Print + Digital,Medium,,https://www.dailypost.co.uk,VERIFIED
UK,South Wales Echo,Daily,Regional,Daily,Reach plc,Reach Wales,Reach Commercial,Cardiff,,UK,News (Regional),Regional consumer,B2C,Regional,Print + Digital,Medium,,https://www.walesonline.co.uk,LIKELY_OK
UK,Western Mail,Daily,Regional,Daily,Reach plc,Reach Wales,Reach Commercial,"Cardiff, 'national paper of Wales'",,UK,News (Regional),Regional consumer,B2C,Regional,Print + Digital,Medium,,https://www.walesonline.co.uk,LIKELY_OK
UK,Wales on Sunday,Sunday,Regional,Weekly,Reach plc,Reach Wales,Reach Commercial,"Sunday paper, Cardiff",,UK,News (Regional),Regional consumer,B2C,Regional,Print + Digital,Medium,,https://www.walesonline.co.uk,LIKELY_OK
UK,South Wales Evening Post,Daily,Regional,Daily,Reach plc,Reach Wales,Reach Commercial,Swansea,,UK,News (Regional),Regional consumer,B2C,Regional,Print + Digital,Medium,,https://www.walesonline.co.uk/southwales-evening-post,LIKELY_OK
UK,South Wales Argus,Daily,Regional,Daily,Newsquest,Newsquest Wales,Newsquest Commercial,Newport,,UK,News (Regional),Regional consumer,B2C,Regional,Print + Digital,Medium,,https://www.southwalesargus.co.uk,LIKELY_OK
UK,The Leader,Daily,Local,Daily,Reach plc,Reach,Reach Commercial,Wrexham/Flintshire,,UK,News (Local),Regional consumer,B2C,Local,Print + Digital,Medium,,https://www.leaderlive.co.uk,LIKELY_OK
UK,Belfast Telegraph,Daily,Regional,Daily,Mediahuis Ireland,Mediahuis,Mediahuis Commercial,"Belfast, largest NI paper",,UK,News (Regional),Regional consumer,B2C,Regional,Print + Digital,Medium,largest-in-segment,https://www.belfasttelegraph.co.uk,LIKELY_OK
UK,Belfast News Letter,Daily,Regional,Daily,National World,JPI Media,National World Commercial,"Belfast, unionist, oldest English-language daily worldwide",,UK,News (Regional),Regional consumer,B2C,Regional,Print + Digital,Medium,"historic, unionist",https://www.newsletter.co.uk,LIKELY_OK
UK,Irish News,Daily,Regional,Daily,Irish News Ltd,Irish News,Direct from publisher,"Belfast, nationalist",,UK,News (Regional),Regional consumer,B2C,Regional,Print + Digital,Medium,nationalist,https://www.irishnews.com,VERIFIED
UK,Sunday Life,Sunday,Regional,Weekly,Mediahuis Ireland,Mediahuis,Mediahuis Commercial,Belfast Sunday,,UK,News (Regional),Regional consumer,B2C,Regional,Print + Digital,Medium,,https://www.belfasttelegraph.co.uk/sunday-life,LIKELY_OK
UK,Sunday World (NI edition),Sunday,Regional,Weekly,Mediahuis Ireland,Mediahuis,Mediahuis Commercial,,,UK,News (Regional),Regional consumer,B2C,Regional,Print + Digital,Medium,,https://www.sundayworld.com,LIKELY_OK
UK,Manchester Evening News,Daily,Regional,Daily (Mon-Sat),Reach plc,MEN Media,Reach Commercial,"Manchester, largest English regional",25000,UK,News (Regional),Regional consumer,B2C,Regional,Print + Digital,Medium,"circulation-reported, largest-in-segment",https://www.manchestereveningnews.co.uk,LIKELY_OK
UK,Liverpool Echo,Daily,Regional,Daily (Mon-Sat),Reach plc,Reach,Reach Commercial,Liverpool/Merseyside,25000,UK,News (Regional),Regional consumer,B2C,Regional,Print + Digital,Medium,circulation-reported,https://www.liverpoolecho.co.uk,LIKELY_OK
UK,Birmingham Mail,Daily,Regional,Daily (Mon-Sat),Reach plc,Reach,Reach Commercial,Birmingham/West Midlands,,UK,News (Regional),Regional consumer,B2C,Regional,Print + Digital,Medium,,https://www.birminghammail.co.uk,LIKELY_OK
UK,Birmingham Post,Weekly,Regional,Weekly,Reach plc,Reach,Reach Commercial,Birmingham (now weekly),,UK,News (Regional),Regional consumer,B2C,Regional,Print + Digital,Medium,,https://www.business-live.co.uk/business,LIKELY_OK
UK,Newcastle Chronicle,Daily,Regional,Daily (Mon-Sat),Reach plc,Reach,Reach Commercial,Tyneside (Evening Chronicle),,UK,News (Regional),Regional consumer,B2C,Regional,Print + Digital,Medium,,https://www.chroniclelive.co.uk,LIKELY_OK
UK,The Northern Echo,Daily,Regional,Daily,Newsquest,Newsquest,Newsquest Commercial,Darlington/County Durham,,UK,News (Regional),Regional consumer,B2C,Regional,Print + Digital,Medium,,https://www.thenorthernecho.co.uk,LIKELY_OK
UK,The Journal,Daily,Regional,Daily,Reach plc,Reach,Reach Commercial,Newcastle morning paper,,UK,News (Regional),Regional consumer,B2C,Regional,Print + Digital,Medium,morning-paper,https://www.thejournal.co.uk,LIKELY_OK
UK,The Yorkshire Post,Daily,Regional,Daily,National World,JPI Media,National World Commercial,"Leeds, 'Yorkshire's national newspaper'",,UK,News (Regional),Regional consumer,B2C,Regional,Print + Digital,Medium,,https://www.yorkshirepost.co.uk,LIKELY_OK
UK,Yorkshire Evening Post,Daily,Regional,Daily,National World,JPI Media,National World Commercial,Leeds evening,,UK,News (Regional),Regional consumer,B2C,Regional,Print + Digital,Medium,,https://www.yorkshireeveningpost.co.uk,LIKELY_OK
UK,Bradford Telegraph & Argus,Daily,Regional,Daily,Newsquest,Newsquest,Newsquest Commercial,Bradford,,UK,News (Regional),Regional consumer,B2C,Regional,Print + Digital,Medium,,https://www.thetelegraphandargus.co.uk,LIKELY_OK
UK,Halifax Courier,Weekly,Regional,Weekly,National World,JPI Media,National World Commercial,Calderdale,,UK,News (Regional),Regional consumer,B2C,Regional,Print + Digital,Medium,,https://www.halifaxcourier.co.uk,LIKELY_OK
UK,Huddersfield Daily Examiner,Weekly,Regional,Weekly,Reach plc,Reach,Reach Commercial,Kirklees (now weekly),,UK,News (Regional),Regional consumer,B2C,Regional,Print + Digital,Medium,,https://www.examinerlive.co.uk,VERIFIED
UK,Sheffield Star,Daily,Regional,Daily,National World,JPI Media,National World Commercial,Sheffield evening,,UK,News (Regional),Regional consumer,B2C,Regional,Print + Digital,Medium,,https://www.thestar.co.uk,LIKELY_OK
UK,Doncaster Free Press,Weekly,Local,Weekly,National World,JPI Media,National World Commercial,Doncaster,,UK,News (Local),Regional consumer,B2C,Local,Print + Digital,Medium,,https://www.doncasterfreepress.co.uk,LIKELY_OK
UK,Hull Daily Mail,Daily,Regional,Daily,Reach plc,Reach,Reach Commercial,Hull/East Yorkshire,,UK,News (Regional),Regional consumer,B2C,Regional,Print + Digital,Medium,,https://www.hulldailymail.co.uk,LIKELY_OK
UK,Nottingham Post,Daily,Regional,Daily,Reach plc,Reach,Reach Commercial,Nottingham,,UK,News (Regional),Regional consumer,B2C,Regional,Print + Digital,Medium,,https://www.nottinghampost.com,LIKELY_OK
UK,Derby Telegraph,Daily,Regional,Daily,Reach plc,Reach,Reach Commercial,Derby,,UK,News (Regional),Regional consumer,B2C,Regional,Print + Digital,Medium,,https://www.derbytelegraph.co.uk,LIKELY_OK
UK,Leicester Mercury,Daily,Regional,Daily,Reach plc,Reach,Reach Commercial,Leicester,,UK,News (Regional),Regional consumer,B2C,Regional,Print + Digital,Medium,,https://www.leicestermercury.co.uk,LIKELY_OK
UK,Lincolnshire Echo,Weekly,Regional,Weekly,Reach plc,Reach,Reach Commercial,Lincoln,,UK,News (Regional),Regional consumer,B2C,Regional,Print + Digital,Medium,,https://www.lincolnshirelive.co.uk,LIKELY_OK
UK,Coventry Telegraph,Daily,Regional,Daily,Reach plc,Reach,Reach Commercial,Coventry,,UK,News (Regional),Regional consumer,B2C,Regional,Print + Digital,Medium,,https://www.coventrytelegraph.net,VERIFIED
UK,Wolverhampton Express & Star,Daily,Regional,Daily,Midland News Association,MNA,MNA Commercial,"Wolverhampton, largest UK regional",32000,UK,News (Regional),Regional consumer,B2C,Regional,Print + Digital,Medium,"circulation-reported, largest-in-segment",https://www.expressandstar.com,LIKELY_OK
UK,Shropshire Star,Daily,Regional,Daily,Midland News Association,MNA,MNA Commercial,Telford/Shropshire,,UK,News (Regional),Regional consumer,B2C,Regional,Print + Digital,Medium,,https://www.shropshirestar.com,LIKELY_OK
UK,Bristol Post,Daily,Regional,Daily,Reach plc,Reach,Reach Commercial,Bristol,,UK,News (Regional),Regional consumer,B2C,Regional,Print + Digital,Medium,,https://www.bristolpost.co.uk,LIKELY_OK
UK,Western Daily Press,Daily,Regional,Daily,Reach plc,Reach,Reach Commercial,Bristol/West Country,,UK,News (Regional),Regional consumer,B2C,Regional,Print + Digital,Medium,,https://www.bristolpost.co.uk/wdp,LIKELY_OK
UK,Bath Chronicle,Weekly,Regional,Weekly,Reach plc,Reach,Reach Commercial,Bath,,UK,News (Regional),Regional consumer,B2C,Regional,Print + Digital,Medium,,https://www.somersetlive.co.uk/bath,LIKELY_OK
UK,Gloucestershire Echo,Weekly,Regional,Weekly,Reach plc,Reach,Reach Commercial,Cheltenham/Gloucester,,UK,News (Regional),Regional consumer,B2C,Regional,Print + Digital,Medium,,https://www.gloucestershirelive.co.uk,LIKELY_OK
UK,Plymouth Herald,Daily,Regional,Daily,Reach plc,Reach,Reach Commercial,Plymouth/SW England,,UK,News (Regional),Regional consumer,B2C,Regional,Print + Digital,Medium,,https://www.plymouthherald.co.uk,LIKELY_OK
UK,Western Morning News,Daily,Regional,Daily,Reach plc,Reach,Reach Commercial,"Plymouth, SW England",,UK,News (Regional),Regional consumer,B2C,Regional,Print + Digital,Medium,,https://www.devonlive.com,LIKELY_OK
UK,The Cornishman,Weekly,Regional,Weekly,Reach plc,Reach,Reach Commercial,Penzance,,UK,News (Regional),Regional consumer,B2C,Regional,Print + Digital,Medium,,https://www.cornwalllive.com/news/cornwall-news/the-cornishman,LIKELY_OK
UK,Cornish Guardian,Weekly,Regional,Weekly,Reach plc,Reach,Reach Commercial,Bodmin,,UK,News (Regional),Regional consumer,B2C,Regional,Print + Digital,Medium,,https://www.cornwalllive.com,LIKELY_OK
UK,Bournemouth Echo,Daily,Regional,Daily,Newsquest,Newsquest,Newsquest Commercial,Bournemouth/Dorset,,UK,News (Regional),Regional consumer,B2C,Regional,Print + Digital,Medium,,https://www.bournemouthecho.co.uk,LIKELY_OK
UK,Southern Daily Echo,Daily,Regional,Daily,Newsquest,Newsquest,Newsquest Commercial,Southampton,,UK,News (Regional),Regional consumer,B2C,Regional,Print + Digital,Medium,,https://www.dailyecho.co.uk,LIKELY_OK
UK,Portsmouth News,Daily,Regional,Daily,National World,JPI Media,National World Commercial,Portsmouth,,UK,News (Regional),Regional consumer,B2C,Regional,Print + Digital,Medium,,https://www.portsmouth.co.uk,LIKELY_OK
UK,Isle of Wight County Press,Weekly,Regional,Weekly,Newsquest,Newsquest,Newsquest Commercial,Isle of Wight,,UK,News (Regional),Regional consumer,B2C,Regional,Print + Digital,Medium,,https://www.iwcp.co.uk,LIKELY_OK
UK,Oxford Mail,Daily,Regional,Daily,Newsquest,Newsquest,Newsquest Commercial,Oxford,,UK,News (Regional),Regional consumer,B2C,Regional,Print + Digital,Medium,,https://www.oxfordmail.co.uk,LIKELY_OK
UK,Reading Chronicle,Weekly,Regional,Weekly,Newsquest,Newsquest,Newsquest Commercial,Reading,,UK,News (Regional),Regional consumer,B2C,Regional,Print + Digital,Medium,,https://www.readingchronicle.co.uk,LIKELY_OK
UK,Swindon Advertiser,Daily,Regional,Daily,Newsquest,Newsquest,Newsquest Commercial,Swindon/Wiltshire,,UK,News (Regional),Regional consumer,B2C,Regional,Print + Digital,Medium,,https://www.swindonadvertiser.co.uk,LIKELY_OK
UK,Eastern Daily Press,Daily,Regional,Daily,Archant,Archant,Archant Commercial,Norwich/Norfolk,,UK,News (Regional),Regional consumer,B2C,Regional,Print + Digital,Medium,,https://www.edp24.co.uk,LIKELY_OK
UK,East Anglian Daily Times,Daily,Regional,Daily,Archant,Archant,Archant Commercial,Ipswich/Suffolk,,UK,News (Regional),Regional consumer,B2C,Regional,Print + Digital,Medium,,https://www.eadt.co.uk,VERIFIED
UK,Cambridge News,Daily,Regional,Daily,Reach plc,Reach,Reach Commercial,Cambridge,,UK,News (Regional),Regional consumer,B2C,Regional,Print + Digital,Medium,,https://www.cambridge-news.co.uk,LIKELY_OK
UK,Peterborough Telegraph,Weekly,Regional,Weekly,National World,JPI Media,National World Commercial,Peterborough,,UK,News (Regional),Regional consumer,B2C,Regional,Print + Digital,Medium,,https://www.peterboroughtoday.co.uk,LIKELY_OK
UK,Kent Messenger,Weekly,Regional,Weekly,Iliffe Media,Iliffe,Iliffe Commercial,Maidstone/Kent,,UK,News (Regional),Regional consumer,B2C,Regional,Print + Digital,Medium,,https://www.kentonline.co.uk,VERIFIED
UK,Kent Online (KM Group),Digital,Regional,Digital,Iliffe Media,Iliffe,Iliffe Commercial,Kent,,UK,News (Regional),Regional consumer,B2C,Regional,Digital,High,digital-only,https://www.kentonline.co.uk,VERIFIED
UK,Essex Chronicle,Weekly,Regional,Weekly,Reach plc,Reach,Reach Commercial,Chelmsford,,UK,News (Regional),Regional consumer,B2C,Regional,Print + Digital,Medium,,https://www.essexlive.news,LIKELY_OK
UK,Hertfordshire Mercury,Weekly,Regional,Weekly,Reach plc,Reach,Reach Commercial,Hertfordshire,,UK,News (Regional),Regional consumer,B2C,Regional,Print + Digital,Medium,,https://www.hertfordshiremercury.co.uk,VERIFIED
UK,Sussex Express,Weekly,Regional,Weekly,National World,JPI Media,National World Commercial,Lewes/Sussex,,UK,News (Regional),Regional consumer,B2C,Regional,Print + Digital,Medium,,https://www.sussexexpress.co.uk,LIKELY_OK
UK,The Argus,Daily,Regional,Daily,Newsquest,Newsquest,Newsquest Commercial,Brighton & Hove,,UK,News (Regional),Regional consumer,B2C,Regional,Print + Digital,Medium,,https://www.theargus.co.uk,LIKELY_OK
UK,Evening Standard (weekly),Weekly,London,Weekly,Evgeny Lebedev,ES Newspapers,Standard Sales,See above,,UK,News (Regional),Regional consumer,B2C,National,Print + Digital,Medium,,https://www.standard.co.uk,LIKELY_OK
UK,Time Out London,Monthly,London,Monthly,Time Out,Time Out,Time Out Sales,Listings magazine,,UK,News (Regional),Regional consumer,B2C,National,Print + Digital,Medium,,https://www.timeout.com/london,VERIFIED
UK,The Big Issue London,Weekly,London,Weekly,Big Issue,Big Issue,Big Issue Commercial,,,UK,News (Regional),Regional consumer,B2C,National,Print + Digital,Medium,,https://www.bigissue.com,VERIFIED
UK,The Camden New Journal,Weekly,London local,Weekly,New Journal Enterprises,CNJ,Direct from publisher,Camden/Islington,,UK,News (Local),Regional consumer,B2C,Local,Print + Digital,Medium,,https://www.camdennewjournal.com,VERIFIED
UK,Hackney Citizen,Weekly,London local,Weekly,Hackney Citizen,Hackney Citizen,Direct from publisher,Hackney,,UK,News (Local),Regional consumer,B2C,Local,Print + Digital,Medium,,https://www.hackneycitizen.co.uk,VERIFIED
UK,City AM,Daily,Business,Daily (free),Merryn Somerset Webb (private),City AM,City AM Commercial,Free City of London business paper,80000,UK,Business & Finance,Business decision-makers,B2C,National,Print + Digital,Medium,"circulation-reported, free-distribution",https://www.cityam.com,VERIFIED
UK,Reuters,News agency,Wire,Real-time,Thomson Reuters,Reuters,Reuters Commercial,News agency,,UK,B2B – Marketing & Media,Newsroom subscribers,B2B,National,Print + Digital,High,,https://www.reuters.com,LIKELY_OK
UK,Press Association,News agency,Wire,Real-time,PA Media Group,PA,PA Commercial,UK news agency,,UK,B2B – Marketing & Media,Newsroom subscribers,B2B,National,Print + Digital,High,,https://www.pressassociation.com,LIKELY_OK
UK,Financial News,Weekly,Finance,Weekly,Dow Jones,Dow Jones,Dow Jones Commercial,City finance,,UK,Business & Finance,Business decision-makers,B2C,National,Print + Digital,Medium,,https://www.fnlondon.com,LIKELY_OK
UK,Investors' Chronicle,Weekly,Investing,Weekly,Financial Times,FT,FT Commercial,FT-owned investing weekly,,UK,B2B – Finance & Insurance,Financial services pros,B2B,National,Print + Digital,High,,https://www.investorschronicle.co.uk,LIKELY_OK
UK,The Lawyer,Weekly,Legal,Weekly,Centaur Media,Centaur,Centaur Commercial,Legal trade weekly,,UK,B2B – Legal,Legal professionals,B2B,National,Print + Digital,High,,https://www.thelawyer.com,LIKELY_OK
UK,Law Society Gazette,Weekly,Legal,Weekly,Law Society,Law Society,Law Society Commercial,Solicitors' weekly,,UK,B2B – Legal,Solicitors,B2B,National,Print + Digital,High,,https://www.lawgazette.co.uk,UNVERIFIED
UK,Stratford Express,Weekly,Local,Weekly,Newsquest,Newsquest,Newsquest Commercial,East London,,UK,News (Local),Regional consumer,B2C,Local,Print + Digital,Medium,,https://www.eastlondonadvertiser.co.uk,VERIFIED
UK,Ilford Recorder,Weekly,Local,Weekly,Newsquest,Newsquest,Newsquest Commercial,Redbridge,,UK,News (Local),Regional consumer,B2C,Local,Print + Digital,Medium,,https://www.ilfordrecorder.co.uk,VERIFIED
UK,Romford Recorder,Weekly,Local,Weekly,Newsquest,Newsquest,Newsquest Commercial,Havering,,UK,News (Local),Regional consumer,B2C,Local,Print + Digital,Medium,,https://www.romfordrecorder.co.uk,VERIFIED
UK,Surrey Comet,Weekly,Local,Weekly,Newsquest,Newsquest,Newsquest Commercial,Kingston,,UK,News (Local),Regional consumer,B2C,Local,Print + Digital,Medium,,https://www.yourlocalguardian.co.uk,LIKELY_OK
UK,Wimbledon Times,Weekly,Local,Weekly,Newsquest,Newsquest,Newsquest Commercial,SW London,,UK,News (Local),Regional consumer,B2C,Local,Print + Digital,Medium,,https://www.yourlocalguardian.co.uk,LIKELY_OK
UK,Sutton & Croydon Guardian,Weekly,Local,Weekly,Newsquest,Newsquest,Newsquest Commercial,South London,,UK,News (Local),Regional consumer,B2C,Local,Print + Digital,Medium,,https://www.yourlocalguardian.co.uk,LIKELY_OK
UK,Ealing Times,Weekly,Local,Weekly,Newsquest,Newsquest,Newsquest Commercial,West London,,UK,News (Local),Regional consumer,B2C,Local,Print + Digital,Medium,,https://www.ealingtimes.co.uk,LIKELY_OK
UK,Harrow Times,Weekly,Local,Weekly,Newsquest,Newsquest,Newsquest Commercial,Harrow,,UK,News (Local),Regional consumer,B2C,Local,Print + Digital,Medium,,https://www.harrowtimes.co.uk,LIKELY_OK
UK,Hampstead & Highgate Express,Weekly,Local,Weekly,Newsquest,Newsquest,Newsquest Commercial,Camden (Ham & High),,UK,News (Local),Regional consumer,B2C,Local,Print + Digital,Medium,,https://www.hamhigh.co.uk,LIKELY_OK
UK,Hendon & Finchley Times,Weekly,Local,Weekly,Newsquest,Newsquest,Newsquest Commercial,Barnet,,UK,News (Local),Regional consumer,B2C,Local,Print + Digital,Medium,,https://www.times-series.co.uk,LIKELY_OK
UK,Bromley Times,Weekly,Local,Weekly,Newsquest,Newsquest,Newsquest Commercial,Bromley,,UK,News (Local),Regional consumer,B2C,Local,Print + Digital,Medium,,https://www.newsshopper.co.uk,LIKELY_OK
UK,Greenwich Mercury,Weekly,Local,Weekly,Newsquest,Newsquest,Newsquest Commercial,SE London,,UK,News (Local),Regional consumer,B2C,Local,Print + Digital,Medium,,https://www.newsshopper.co.uk,LIKELY_OK
UK,South London Press,Weekly,Local,Weekly,Southwark News,SLP,Direct from publisher,South London,,UK,News (Local),Regional consumer,B2C,Local,Print + Digital,Medium,,https://southlondonpress.co.uk,VERIFIED
UK,Bolton News,Daily,Regional,Daily,Newsquest,Newsquest,Newsquest Commercial,Bolton,,UK,News (Regional),Regional consumer,B2C,Regional,Print + Digital,Medium,,https://www.theboltonnews.co.uk,LIKELY_OK
UK,Lancashire Telegraph,Daily,Regional,Daily,Newsquest,Newsquest,Newsquest Commercial,Blackburn,,UK,News (Regional),Regional consumer,B2C,Regional,Print + Digital,Medium,,https://www.lancashiretelegraph.co.uk,LIKELY_OK
UK,Lancashire Evening Post,Daily,Regional,Daily,National World,JPI Media,National World Commercial,Preston,,UK,News (Regional),Regional consumer,B2C,Regional,Print + Digital,Medium,,https://www.lep.co.uk,LIKELY_OK
UK,The Westmorland Gazette,Weekly,Regional,Weekly,Newsquest,Newsquest,Newsquest Commercial,Kendal/Lake District,,UK,News (Regional),Regional consumer,B2C,Regional,Print + Digital,Medium,,https://www.thewestmorlandgazette.co.uk,LIKELY_OK
UK,North-West Evening Mail,Daily,Regional,Daily,Newsquest,Newsquest,Newsquest Commercial,Barrow-in-Furness,,UK,News (Regional),Regional consumer,B2C,Regional,Print + Digital,Medium,,https://www.nwemail.co.uk,LIKELY_OK
UK,The Bury Times,Weekly,Local,Weekly,Newsquest,Newsquest,Newsquest Commercial,Bury,,UK,News (Local),Regional consumer,B2C,Local,Print + Digital,Medium,,https://www.burytimes.co.uk,LIKELY_OK
UK,The Halifax Courier,Weekly,Local,Weekly,National World,JPI,National World Commercial,Calderdale,,UK,News (Local),Regional consumer,B2C,Local,Print + Digital,Medium,,https://www.halifaxcourier.co.uk,LIKELY_OK
UK,Stoke Sentinel,Daily,Regional,Daily,Reach plc,Reach,Reach Commercial,Stoke-on-Trent,,UK,News (Regional),Regional consumer,B2C,Regional,Print + Digital,Medium,,https://www.stokesentinel.co.uk,LIKELY_OK
UK,Burton Mail,Daily,Regional,Daily,Reach plc,Reach,Reach Commercial,Burton/Staffordshire,,UK,News (Regional),Regional consumer,B2C,Regional,Print + Digital,Medium,,https://www.staffordshire-live.co.uk,LIKELY_OK
UK,Tamworth Herald,Weekly,Local,Weekly,Reach plc,Reach,Reach Commercial,Tamworth,,UK,News (Local),Regional consumer,B2C,Local,Print + Digital,Medium,,https://www.tamworthherald.co.uk,LIKELY_OK
UK,Worcester News,Daily,Regional,Daily,Newsquest,Newsquest,Newsquest Commercial,Worcester,,UK,News (Regional),Regional consumer,B2C,Regional,Print + Digital,Medium,,https://www.worcesternews.co.uk,LIKELY_OK
UK,Hereford Times,Weekly,Regional,Weekly,Newsquest,Newsquest,Newsquest Commercial,Hereford,,UK,News (Regional),Regional consumer,B2C,Regional,Print + Digital,Medium,,https://www.herefordtimes.com,LIKELY_OK
UK,Wiltshire Times,Weekly,Regional,Weekly,Newsquest,Newsquest,Newsquest Commercial,Trowbridge,,UK,News (Regional),Regional consumer,B2C,Regional,Print + Digital,Medium,,https://www.wiltshiretimes.co.uk,LIKELY_OK
UK,Dorset Echo,Daily,Regional,Daily,Newsquest,Newsquest,Newsquest Commercial,Weymouth,,UK,News (Regional),Regional consumer,B2C,Regional,Print + Digital,Medium,,https://www.dorsetecho.co.uk,LIKELY_OK
UK,Somerset County Gazette,Weekly,Regional,Weekly,Newsquest,Newsquest,Newsquest Commercial,Taunton,,UK,News (Regional),Regional consumer,B2C,Regional,Print + Digital,Medium,,https://www.somersetcountygazette.co.uk,LIKELY_OK
UK,Bristol Live,Digital,Regional,Digital,Reach plc,Reach,Reach Commercial,Bristol digital,,UK,News (Regional),Regional consumer,B2C,Regional,Digital,High,digital-only,https://www.bristolpost.co.uk,LIKELY_OK
UK,Devon Live,Digital,Regional,Digital,Reach plc,Reach,Reach Commercial,Devon digital,,UK,News (Regional),Regional consumer,B2C,Regional,Digital,High,digital-only,https://www.devonlive.com,LIKELY_OK
UK,MyLondon,Digital,London,Digital,Reach plc,Reach,Reach Commercial,London local digital,,UK,News (Regional),Regional consumer,B2C,Local,Digital,High,digital-only,https://www.mylondon.news,LIKELY_OK
UK,BirminghamLive,Digital,Regional,Digital,Reach plc,Reach,Reach Commercial,Birmingham digital,,UK,News (Regional),Regional consumer,B2C,Regional,Digital,High,digital-only,https://www.birminghamlive.co.uk,LIKELY_OK
UK,LancsLive,Digital,Regional,Digital,Reach plc,Reach,Reach Commercial,Lancashire digital,,UK,News (Regional),Regional consumer,B2C,Regional,Digital,High,digital-only,https://www.lancs.live,LIKELY_OK
UK,ChronicleLive,Digital,Regional,Digital,Reach plc,Reach,Reach Commercial,NE England digital,,UK,News (Regional),Regional consumer,B2C,Regional,Digital,High,digital-only,https://www.chroniclelive.co.uk,LIKELY_OK
UK,WalesOnline,Digital,Regional,Digital,Reach plc,Reach,Reach Commercial,Wales digital,,UK,News (Regional),Regional consumer,B2C,Regional,Digital,High,digital-only,https://www.walesonline.co.uk,LIKELY_OK
UK,HuffPost UK,Digital,National,Digital,BuzzFeed Inc.,HuffPost,HuffPost Commercial,Digital news,,UK,Politics & Current Affairs,Politically engaged adults,B2C,National,Digital,High,digital-only,https://www.huffingtonpost.co.uk,VERIFIED
UK,BuzzFeed UK,Digital,National,Digital,BuzzFeed Inc.,BuzzFeed,BuzzFeed Commercial,Digital media,,UK,News (General),Younger digital news consumers,B2C,National,Digital,High,digital-only,https://www.buzzfeed.com/uk,VERIFIED
UK,Politico Europe,Digital,Politics,Digital,Axel Springer,Politico,Politico Commercial,Brussels/London,,UK,Politics & Current Affairs,General consumer,B2C,National,Digital,High,digital-only,https://www.politico.eu,LIKELY_OK
UK,UnHerd,Digital,Politics,Digital,Sir Paul Marshall,UnHerd,UnHerd Commercial,Heterodox commentary,,UK,Politics & Current Affairs,General consumer,B2C,National,Digital,High,digital-only,https://unherd.com,VERIFIED
UK,The Critic,Monthly,Politics,Monthly,Pugin Press,The Critic,Direct from publisher,Conservative monthly,,UK,Politics & Current Affairs,General consumer,B2C,National,Print + Digital,High,conservative,https://thecritic.co.uk,LIKELY_OK
UK,Spiked,Digital,Politics,Digital,Spiked,Spiked,Direct from publisher,,,UK,Politics & Current Affairs,General consumer,B2C,National,Digital,High,digital-only,https://www.spiked-online.com,VERIFIED
UK,Conservative Home,Digital,Politics,Digital,Lord Ashcroft,ConHome,Direct from publisher,Tory grassroots,,UK,Politics & Current Affairs,General consumer,B2C,National,Digital,High,"Tory-leaning, digital-only",https://conservativehome.com,VERIFIED
UK,LabourList,Digital,Politics,Digital,LabourList,LabourList,Direct from publisher,Labour grassroots,,UK,Politics & Current Affairs,General consumer,B2C,National,Digital,High,"Labour-leaning, digital-only",https://labourlist.org,VERIFIED
UK,Open Democracy,Digital,Politics,Digital,openDemocracy,openDemocracy,Direct from publisher,Liberal-left analysis,,UK,Politics & Current Affairs,General consumer,B2C,National,Digital,High,"digital-only, liberal",https://www.opendemocracy.net,VERIFIED
UK,Byline Times,Monthly+Digital,Investigative,Monthly,Byline Times,Byline,Direct from publisher,Investigative,,UK,Politics & Current Affairs,General consumer,B2C,National,Digital,High,"digital-only, investigative",https://bylinetimes.com,VERIFIED
UK,Tortoise,Digital,Quality,Digital,Tortoise Media,Tortoise,Tortoise Media Ads,"Slow news, owns Observer",,UK,Politics & Current Affairs,General consumer,B2C,National,Digital,High,digital-only,https://www.tortoisemedia.com,VERIFIED
UK,Take a Break,Weekly mag,Real-life weekly,Weekly,Bauer Media,Bauer Consumer Media,Bauer Media Commercial,"UK's best-selling women's weekly, 228k (2025)",228433,UK,Real-life Weeklies,General consumer,B2C,National,Print + Digital,Medium,"circulation-reported, high-circulation",https://www.takeabreak.co.uk,VERIFIED
UK,Take a Break Monthly,Monthly mag,Real-life monthly,Monthly,Bauer Media,Bauer Consumer Media,Bauer Media Commercial,137k (2025),137198,UK,Real-life Weeklies,General consumer,B2C,National,Print + Digital,Medium,"circulation-reported, high-circulation",https://www.takeabreak.co.uk,VERIFIED
UK,that's life!,Weekly mag,Real-life weekly,Weekly,Bauer Media,Bauer Consumer Media,Bauer Media Commercial,103k (2025),103476,UK,Real-life Weeklies,General consumer,B2C,National,Print + Digital,Medium,"circulation-reported, high-circulation",https://www.thatslife.com.au,VERIFIED
UK,Bella,Weekly mag,Women's classic,Weekly,Bauer Media,Bauer Consumer Media,Bauer Media Commercial,Leader in women's weekly classics,90000,UK,Women's Lifestyle,Women 25-54,B2C,National,Print + Digital,Medium,circulation-reported,https://www.bella.co.uk,LIKELY_OK
UK,Closer,Weekly mag,Celebrity,Weekly,Bauer Media,Bauer Consumer Media,Bauer Media Commercial,"92k (2025), #2 celebrity",91785,UK,Celebrity & Gossip,General consumer,B2C,National,Print + Digital,Medium,circulation-reported,https://www.closeronline.co.uk,LIKELY_OK
UK,heat,Weekly mag,Celebrity,Weekly,Bauer Media,Bauer Consumer Media,Bauer Media Commercial,"76k (2025), +2.3% YoY",75911,UK,Celebrity & Gossip,General consumer,B2C,National,Print + Digital,Medium,circulation-reported,https://www.heatworld.com,VERIFIED
UK,Grazia,Fortnightly mag,Women's lifestyle,Fortnightly,Bauer Media,Bauer Consumer Media,Bauer Media Commercial,"148k (2025), 20-year anniversary",148349,UK,Fashion,Fashion-engaged women 18-49,B2C,National,Print + Digital,Medium,"circulation-reported, high-circulation",https://graziadaily.co.uk,VERIFIED
UK,Yours,Fortnightly mag,Women 50+,Fortnightly,Bauer Media,Bauer Consumer Media,Bauer Media Commercial,"118k (2025), only fortnightly for 50+",118225,UK,Seniors 55+,Adults 55+,B2C,National,Print + Digital,Medium,"circulation-reported, high-circulation",https://www.yours.co.uk,VERIFIED
UK,Empire,Monthly mag,Film,Monthly,Bauer Media,Bauer Consumer Media,Bauer Media Commercial,"Biggest UK film magazine, 73k (2024)",73291,UK,Film,General consumer,B2C,National,Print + Digital,High,"circulation-reported, largest-in-segment",https://www.empireonline.com,VERIFIED
UK,MOJO,Monthly mag,Music,Monthly,Bauer Media,Bauer Consumer Media,Bauer Media Commercial,"Leading music monthly, 69k (2024)",69284,UK,Music,General consumer,B2C,National,Print + Digital,High,circulation-reported,https://www.mojo4music.com,VERIFIED
UK,Today's Golfer,Monthly mag,Golf,Monthly,Bauer Media,Bauer Consumer Media,Bauer Media Commercial,UK's #1 golf magazine,35000,UK,Sports – Golf,General consumer,B2C,National,Print + Digital,High,circulation-reported,https://www.todaysgolfer.co.uk,LIKELY_OK
UK,Practical Caravan,Monthly mag,Caravan/touring,Monthly,Bauer Media,Bauer Consumer Media,Bauer Media Commercial,,,UK,Camping & Caravan,Caravan/camping enthusiasts,B2C,National,Print + Digital,Medium,,https://www.practicalcaravan.com,VERIFIED
UK,Practical Motorhome,Monthly mag,Motorhome,Monthly,Bauer Media,Bauer Consumer Media,Bauer Media Commercial,,,UK,Camping & Caravan,Caravan/camping enthusiasts,B2C,National,Print + Digital,Medium,,https://www.practicalmotorhome.com,VERIFIED
UK,MCN (Motorcycle News),Weekly mag,Motorcycle,Weekly,Bauer Media,Bauer Consumer Media,Bauer Media Commercial,UK's #1 motorcycle weekly,50000,UK,Motorcycle,General consumer,B2C,National,Print + Digital,Medium,circulation-reported,https://www.motorcyclenews.com,VERIFIED
UK,Car,Monthly mag,Car,Monthly,Bauer Media,Bauer Consumer Media,Bauer Media Commercial,,,UK,Auto & Motor,General consumer,B2C,National,Print + Digital,High,,https://www.carmagazine.co.uk,VERIFIED
UK,Bike,Monthly mag,Motorcycle,Monthly,Bauer Media,Bauer Consumer Media,Bauer Media Commercial,,,UK,Motorcycle,General consumer,B2C,National,Print + Digital,Medium,,https://www.bikemagazine.co.uk,VERIFIED
UK,Rail,Fortnightly mag,Rail,Fortnightly,Bauer Media,Bauer Consumer Media,Bauer Media Commercial,Rail enthusiast,,UK,Hobby & Leisure,General consumer,B2C,National,Print + Digital,Medium,,https://www.railmagazine.com,LIKELY_OK
UK,Landscape,Monthly mag,Country/landscape,Monthly,Bauer Media,Bauer Consumer Media,Bauer Media Commercial,Country lifestyle,,UK,Outdoor & Adventure,Country lifestyle readers,B2C,National,Print + Digital,Medium,,https://www.landscapemagazine.co.uk,VERIFIED
UK,Gardens,Monthly mag,Garden,Monthly,Bauer Media,Bauer Consumer Media,Bauer Media Commercial,,,UK,Garden,General consumer,B2C,National,Print + Digital,High,,https://www.gardenersworld.com,VERIFIED
UK,Modern Gardens,Monthly mag,Garden,Monthly,Bauer Media,Bauer Consumer Media,Bauer Media Commercial,,,UK,Garden,General consumer,B2C,National,Print + Digital,High,,https://modern-gardens.co.uk,UNVERIFIED
UK,Total TV Guide,Weekly mag,TV listings,Weekly,Bauer Media,Bauer Consumer Media,Bauer Media Commercial,Bauer's main TV guide,200000,UK,TV & Listings,General consumer,B2C,National,Print + Digital,Low,"circulation-reported, high-circulation",https://www.totaltvguide.co.uk,VERIFIED
UK,TV Choice,Weekly mag,TV listings,Weekly,Bauer Media,Bauer Consumer Media,Bauer Media Commercial,,800000,UK,TV & Listings,General consumer,B2C,National,Print + Digital,Low,"circulation-reported, mass-circulation",https://www.tvchoicemagazine.co.uk,VERIFIED
UK,What's on TV,Weekly mag,TV listings,Weekly,Bauer Media,Bauer Consumer Media,Bauer Media Commercial,,600000,UK,TV & Listings,General consumer,B2C,National,Print + Digital,Low,"circulation-reported, mass-circulation",https://www.whatsontv.co.uk,VERIFIED
UK,Inside Soap,Weekly mag,TV/soap,Weekly,Bauer Media,Bauer Consumer Media,Bauer Media Commercial,,,UK,TV & Listings,General consumer,B2C,National,Print + Digital,Low,,https://www.insidesoap.co.uk,LIKELY_OK
UK,All About Soap,Fortnightly mag,TV/soap,Fortnightly,Bauer Media,Bauer Consumer Media,Bauer Media Commercial,,,UK,TV & Listings,General consumer,B2C,National,Print + Digital,Low,,https://www.allaboutsoap.co.uk,LIKELY_OK
UK,Soap Life,Weekly mag,TV/soap,Weekly,Bauer Media,Bauer Consumer Media,Bauer Media Commercial,,,UK,TV & Listings,General consumer,B2C,National,Print + Digital,Low,,https://www.soaplife.co.uk,VERIFIED
UK,Pick Me Up!,Weekly mag,Real-life,Weekly,Bauer Media,Bauer Consumer Media,Bauer Media Commercial,,,UK,Real-life Weeklies,Mass market consumer,B2C,National,Print + Digital,Medium,,https://www.pickmeupmagazine.co.uk,VERIFIED
UK,Real People,Weekly mag,Real-life,Weekly,Bauer Media,Bauer Consumer Media,Bauer Media Commercial,,,UK,Real-life Weeklies,General consumer,B2C,National,Print + Digital,Medium,,https://www.realpeople.co.uk,LIKELY_OK
UK,Love It!,Weekly mag,Real-life,Weekly,Bauer Media,Bauer Consumer Media,Bauer Media Commercial,,,UK,Real-life Weeklies,Mass market consumer,B2C,National,Print + Digital,High,,https://love-it.co.uk,UNVERIFIED
UK,Marie Claire UK,Monthly mag,Women's fashion,Monthly,Future plc,Future,Future Commercial,Acquired from TI Media,95000,UK,Fashion,Fashion-engaged women 18-49,B2C,National,Print + Digital,High,circulation-reported,https://www.marieclaire.co.uk,VERIFIED
UK,Country Life,Weekly mag,Country lifestyle,Weekly,Future plc,Future,Future Commercial,"UK country living, est. 1897",38000,UK,Outdoor & Adventure,General consumer,B2C,National,Print + Digital,Medium,"circulation-reported, pre-1900-founded",https://www.countrylife.co.uk,VERIFIED
UK,Homes & Gardens,Monthly mag,Home/interior,Monthly,Future plc,Future,Future Commercial,,,UK,Home & Interior,Home & decor enthusiasts,B2C,National,Print + Digital,High,,https://www.homesandgardens.com,VERIFIED
UK,Ideal Home,Monthly mag,Home/interior,Monthly,Future plc,Future,Future Commercial,UK's #1 home magazine,,UK,Home & Interior,General consumer,B2C,National,Print + Digital,High,,https://www.idealhome.co.uk,VERIFIED
UK,Country Homes & Interiors,Monthly mag,Country home,Monthly,Future plc,Future,Future Commercial,,,UK,Home & Interior,General consumer,B2C,National,Print + Digital,High,,https://www.idealhome.co.uk/country-homes-and-interiors,VERIFIED
UK,Livingetc,Monthly mag,Home/interior,Monthly,Future plc,Future,Future Commercial,,,UK,Home & Interior,General consumer,B2C,National,Print + Digital,High,,https://www.livingetc.com,VERIFIED
UK,Style at Home,Monthly mag,Home,Monthly,Future plc,Future,Future Commercial,,,UK,Home & Interior,Home enthusiasts,B2C,National,Print + Digital,Medium,,https://www.styleathome.com,LIKELY_OK
UK,25 Beautiful Homes,Monthly mag,Home/interior,Monthly,Future plc,Future,Future Commercial,,,UK,Home & Interior,General consumer,B2C,National,Print + Digital,High,,https://www.idealhome.co.uk/25-beautiful-homes,VERIFIED
UK,Wallpaper*,Monthly mag,Design,Monthly,Future plc,Future,Future Commercial,International design magazine,,UK,Home & Interior,Affluent 35+ (luxury),B2C,International,Print + Digital,High,,https://www.wallpaper.com,VERIFIED
UK,The Week,Weekly mag,News/digest,Weekly,Future plc,Future,Future Commercial,"News digest, ex-Dennis",200000,UK,News (General),General consumer,B2C,National,Print + Digital,High,"circulation-reported, high-circulation",https://www.theweek.co.uk,VERIFIED
UK,The Week Junior,Weekly mag,Children's news,Weekly,Future plc,Future,Future Commercial,Kids' news,,UK,Children & Kids,Children (3-12),B2C,National,Print + Digital,Medium,,https://theweekjunior.co.uk,VERIFIED
UK,FourFourTwo,Monthly mag,Football,Monthly,Future plc,Future,Future Commercial,UK's #1 football magazine,,UK,Sports – Football/Hockey,General consumer,B2C,National,Print + Digital,Medium,,https://www.fourfourtwo.com,VERIFIED
UK,PC Gamer,Monthly mag,Gaming,Monthly,Future plc,Future,Future Commercial,,,UK,Gaming,Gamers 18-34,B2C,National,Print + Digital,Medium,,https://www.pcgamer.com,VERIFIED
UK,Edge,Monthly mag,Gaming,Monthly,Future plc,Future,Future Commercial,Premium gaming,,UK,Gaming,General consumer,B2C,National,Print + Digital,Medium,,https://www.gamesradar.com/edge-magazine,VERIFIED
UK,Retro Gamer,Monthly mag,Gaming,Monthly,Future plc,Future,Future Commercial,,,UK,Gaming,Gamers 18-34,B2C,National,Print + Digital,Medium,,https://www.gamesradar.com,VERIFIED
UK,PC Pro,Monthly mag,Tech,Monthly,Future plc,Future,Future Commercial,Ex-Dennis,,UK,B2B – IT & Tech,IT professionals,B2C,National,Print + Digital,High,,https://www.pcpro.co.uk,VERIFIED
UK,T3,Monthly mag,Tech/gadgets,Monthly,Future plc,Future,Future Commercial,,,UK,Tech & Gadgets,General consumer,B2C,National,Print + Digital,Medium,,https://www.t3.com,VERIFIED
UK,MacFormat,Monthly mag,Tech/Apple,Monthly,Future plc,Future,Future Commercial,,,UK,Tech & Gadgets,General consumer,B2C,National,Print + Digital,Medium,,https://www.macworld.com,VERIFIED
UK,Mac|Life,Monthly mag,Tech/Apple,Monthly,Future plc,Future,Future Commercial,,,UK,Tech & Gadgets,General consumer,B2C,National,Print + Digital,High,,https://www.maclife.com,VERIFIED
UK,Linux Format,Monthly mag,Tech/Linux,Monthly,Future plc,Future,Future Commercial,,,UK,Tech & Gadgets,General consumer,B2C,National,Print + Digital,Medium,,https://www.linuxformat.com,VERIFIED
UK,Digital Camera,Monthly mag,Photography,Monthly,Future plc,Future,Future Commercial,,,UK,Photography,Photography enthusiasts,B2C,National,Print + Digital,High,,https://www.digitalcameraworld.com,VERIFIED
UK,N-Photo,Monthly mag,Photography,Monthly,Future plc,Future,Future Commercial,Nikon,,UK,Photography,Photography enthusiasts,B2C,National,Print + Digital,High,,https://www.digitalcameraworld.com,VERIFIED
UK,Photo Plus,Monthly mag,Photography,Monthly,Future plc,Future,Future Commercial,Canon,,UK,Photography,Photography enthusiasts,B2C,National,Print + Digital,High,,https://www.digitalcameraworld.com,VERIFIED
UK,Practical Photography,Monthly mag,Photography,Monthly,Future plc,Future,Future Commercial,,,UK,Photography,General consumer,B2C,National,Print + Digital,Medium,,https://www.digitalcameraworld.com,VERIFIED
UK,ImagineFX,Monthly mag,Digital art,Monthly,Future plc,Future,Future Commercial,,,UK,Tech & Gadgets,General consumer,B2C,National,Print + Digital,High,,https://www.creativebloq.com/imaginefx,VERIFIED
UK,Creative Bloq,Digital,Design,Digital,Future plc,Future,Future Commercial,,,UK,Tech & Gadgets,General consumer,B2C,National,Digital,High,digital-only,https://www.creativebloq.com,VERIFIED
UK,Computer Music,Monthly mag,Music tech,Monthly,Future plc,Future,Future Commercial,,,UK,Music,General consumer,B2C,National,Print + Digital,High,,https://www.musicradar.com/computermusic,VERIFIED
UK,Guitarist,Monthly mag,Music/guitar,Monthly,Future plc,Future,Future Commercial,,,UK,Music,General consumer,B2C,National,Print + Digital,High,,https://www.musicradar.com/guitarist,VERIFIED
UK,Total Guitar,Monthly mag,Music/guitar,Monthly,Future plc,Future,Future Commercial,,,UK,Music,General consumer,B2C,National,Print + Digital,High,,https://www.musicradar.com/totalguitar,VERIFIED
UK,Guitar Techniques,Monthly mag,Music/guitar,Monthly,Future plc,Future,Future Commercial,,,UK,Music,General consumer,B2C,National,Print + Digital,High,,https://www.musicradar.com/guitartechniques,VERIFIED
UK,Guitar World,Monthly mag,Music/guitar,Monthly,Future plc,Future,Future Commercial,,,UK,Music,General consumer,B2C,International,Print + Digital,High,,https://www.guitarworld.com,VERIFIED
UK,Bass Player,Monthly mag,Music/bass,Monthly,Future plc,Future,Future Commercial,,,UK,Music,General consumer,B2C,National,Print + Digital,High,,https://www.musicradar.com,VERIFIED
UK,Rhythm,Monthly mag,Music/drums,Monthly,Future plc,Future,Future Commercial,,,UK,Music,General consumer,B2C,National,Print + Digital,High,,https://www.musicradar.com/rhythm,VERIFIED
UK,Classic Rock,Monthly mag,Music,Monthly,Future plc,Future,Future Commercial,,,UK,Music,General consumer,B2C,National,Print + Digital,High,,https://www.loudersound.com/classic-rock,VERIFIED
UK,Metal Hammer,Monthly mag,Music/metal,Monthly,Future plc,Future,Future Commercial,,,UK,Music,General consumer,B2C,National,Print + Digital,High,,https://www.loudersound.com,VERIFIED
UK,Prog,Monthly mag,Music/prog rock,Monthly,Future plc,Future,Future Commercial,,,UK,Music,General consumer,B2C,National,Print + Digital,High,,https://www.loudersound.com/prog,VERIFIED
UK,SFX,Monthly mag,Sci-fi/fantasy,Monthly,Future plc,Future,Future Commercial,,,UK,Arts & Culture,General consumer,B2C,National,Print + Digital,Medium,,https://www.gamesradar.com/sfx,VERIFIED
UK,Chat,Weekly mag,Real-life,Weekly,Future plc,Future,Future Commercial,Ex-TI Media,,UK,Real-life Weeklies,General consumer,B2C,National,Print + Digital,Medium,,https://www.chatmagazine.co.uk,VERIFIED
UK,Chat It's Fate,Monthly mag,Real-life/spiritual,Monthly,Future plc,Future,Future Commercial,,,UK,Real-life Weeklies,Mass market consumer,B2C,National,Print + Digital,Medium,,https://www.chatmagazine.co.uk,VERIFIED
UK,Woman,Weekly mag,Women's,Weekly,Future plc,Future,Future Commercial,Ex-TI Media,,UK,Women's Lifestyle,Women 25-54,B2C,National,Print + Digital,Medium,,https://www.womanmagazine.co.uk,VERIFIED
UK,Woman's Own,Weekly mag,Women's,Weekly,Future plc,Future,Future Commercial,Ex-TI Media,,UK,Real-life Weeklies,Women 25-54,B2C,National,Print + Digital,Medium,,https://www.womansown.co.uk,VERIFIED
UK,Woman's Weekly,Weekly mag,Women's,Weekly,Future plc,Future,Future Commercial,Ex-TI Media,,UK,Real-life Weeklies,Women 25-54,B2C,National,Print + Digital,Medium,,https://www.womansweekly.com,VERIFIED
UK,Woman & Home,Monthly mag,Women's lifestyle,Monthly,Future plc,Future,Future Commercial,,,UK,Women's Lifestyle,Women 25-54,B2C,National,Print + Digital,Medium,,https://www.womanandhome.com,VERIFIED
UK,TV Times,Weekly mag,TV listings,Weekly,Future plc,Future,Future Commercial,,,UK,TV & Listings,General consumer,B2C,National,Print + Digital,Low,,https://www.whattowatch.com,VERIFIED
UK,TV & Satellite Week,Weekly mag,TV listings,Weekly,Future plc,Future,Future Commercial,,,UK,TV & Listings,General consumer,B2C,National,Print + Digital,Low,,https://www.whattowatch.com,VERIFIED
UK,Practical Boat Owner,Monthly mag,Boating,Monthly,Future plc,Future,Future Commercial,,,UK,Boating & Sailing,Boating enthusiasts,B2C,National,Print + Digital,High,,https://www.pbo.co.uk,VERIFIED
UK,Cyclingnews,Digital,Cycling,Digital,Future plc,Future,Future Commercial,,,UK,Sports – Cycling,General consumer,B2C,National,Digital,High,digital-only,https://www.cyclingnews.com,VERIFIED
UK,Cycling Weekly,Weekly mag,Cycling,Weekly,Future plc,Future,Future Commercial,,,UK,Sports – Cycling,General consumer,B2C,National,Print + Digital,Medium,,https://www.cyclingweekly.com,VERIFIED
UK,Mountain Bike Rider,Monthly mag,Cycling,Monthly,Future plc,Future,Future Commercial,,,UK,Sports – Cycling,General consumer,B2C,National,Print + Digital,Medium,,https://www.mbr.co.uk,VERIFIED
UK,Decanter,Monthly mag,Wine,Monthly,Future plc,Future,Future Commercial,Wine magazine,50000,UK,Food & Drink,General consumer,B2C,National,Print + Digital,High,circulation-reported,https://www.decanter.com,VERIFIED
UK,World Soccer,Monthly mag,Football,Monthly,Future plc,Future,Future Commercial,,,UK,Sports – Football/Hockey,General consumer,B2C,International,Print + Digital,Medium,,https://www.worldsoccer.com,VERIFIED
UK,Rugby World,Monthly mag,Rugby,Monthly,Future plc,Future,Future Commercial,,,UK,Sports,General consumer,B2C,International,Print + Digital,Medium,,https://www.rugbyworld.com,VERIFIED
UK,Horse & Hound,Weekly mag,Equestrian,Weekly,Future plc,Future,Future Commercial,,30000,UK,Sports – Equestrian,Equestrian enthusiasts,B2C,National,Print + Digital,High,circulation-reported,https://www.horseandhound.co.uk,VERIFIED
UK,Country Walking,Monthly mag,Walking,Monthly,Future plc,Future,Future Commercial,,,UK,Outdoor & Adventure,General consumer,B2C,National,Print + Digital,High,,https://www.greatmagazines.co.uk,VERIFIED
UK,Trail,Monthly mag,Walking,Monthly,Future plc,Future,Future Commercial,,,UK,Outdoor & Adventure,General consumer,B2C,National,Print + Digital,Medium,,https://www.livefortheoutdoors.com,VERIFIED
UK,Trout & Salmon,Monthly mag,Fishing,Monthly,Future plc,Future,Future Commercial,,,UK,Hunting & Fishing,Outdoor enthusiasts (hunting/fishing),B2C,National,Print + Digital,High,,https://www.troutandsalmon.com,VERIFIED
UK,Angling Times,Weekly mag,Fishing,Weekly,Bauer Media,Bauer,Bauer Media Commercial,,,UK,Hunting & Fishing,Outdoor enthusiasts (hunting/fishing),B2C,National,Print + Digital,High,,https://www.anglingtimes.co.uk,VERIFIED
UK,Improve Your Coarse Fishing,Monthly mag,Fishing,Monthly,Bauer Media,Bauer,Bauer Media Commercial,,,UK,Hunting & Fishing,Outdoor enthusiasts (hunting/fishing),B2C,National,Print + Digital,High,,https://www.greatmagazines.co.uk,VERIFIED
UK,Good Housekeeping,Monthly mag,Home/lifestyle,Monthly,Hearst UK,Hearst,Hearst UK Commercial,Largest UK monthly women's,380000,UK,Women's Lifestyle,Women 25-54,B2C,National,Print + Digital,High,"circulation-reported, high-circulation, largest-in-segment",https://www.goodhousekeeping.com/uk,LIKELY_OK
UK,Cosmopolitan,Monthly mag,Women's fashion,Monthly,Hearst UK,Hearst,Hearst UK Commercial,,280000,UK,Fashion,Fashion-engaged women 18-49,B2C,National,Print + Digital,High,"circulation-reported, high-circulation",https://www.cosmopolitan.com/uk,LIKELY_OK
UK,Country Living,Monthly mag,Country lifestyle,Monthly,Hearst UK,Hearst,Hearst UK Commercial,,200000,UK,Home & Interior,Affluent 35+ (luxury),B2C,National,Print + Digital,High,"circulation-reported, high-circulation",https://www.countryliving.com/uk,LIKELY_OK
UK,Harper's Bazaar,Monthly mag,Women's luxury,Monthly,Hearst UK,Hearst,Hearst UK Commercial,,110000,UK,Fashion,Affluent 35+ (luxury),B2C,National,Print + Digital,High,"circulation-reported, high-circulation",https://www.harpersbazaar.com/uk,LIKELY_OK
UK,ELLE UK,Monthly mag,Women's fashion,Monthly,Hearst UK,Hearst,Hearst UK Commercial,,165000,UK,Fashion,Fashion-engaged women 18-49,B2C,National,Print + Digital,High,"circulation-reported, high-circulation",https://www.elle.com/uk,LIKELY_OK
UK,ELLE Decoration,Monthly mag,Home/design,Monthly,Hearst UK,Hearst,Hearst UK Commercial,,,UK,Home & Interior,Affluent 35+ (luxury),B2C,National,Print + Digital,High,,https://www.elledecoration.co.uk,VERIFIED
UK,Esquire,Monthly mag,Men's lifestyle,Monthly,Hearst UK,Hearst,Hearst UK Commercial,,,UK,Men's Lifestyle,Affluent men 25-54,B2C,National,Print + Digital,High,,https://www.esquire.com/uk,LIKELY_OK
UK,Men's Health UK,Monthly mag,Men's health,Monthly,Hearst UK,Hearst,Hearst UK Commercial,,110000,UK,Health & Fitness,Health-conscious consumers,B2C,National,Print + Digital,High,"circulation-reported, high-circulation",https://www.menshealth.com/uk,LIKELY_OK
UK,Women's Health UK,Monthly mag,Women's health,Monthly,Hearst UK,Hearst,Hearst UK Commercial,,70000,UK,Health & Fitness,Women 25-54,B2C,National,Print + Digital,High,circulation-reported,https://www.womenshealthmag.com/uk,LIKELY_OK
UK,House Beautiful,Monthly mag,Home,Monthly,Hearst UK,Hearst,Hearst UK Commercial,,,UK,Home & Interior,General consumer,B2C,National,Print + Digital,High,,https://www.housebeautiful.com/uk,LIKELY_OK
UK,Prima,Monthly mag,Women's lifestyle,Monthly,Hearst UK,Hearst,Hearst UK Commercial,,,UK,Women's Lifestyle,Women 25-54,B2C,National,Print + Digital,Medium,,https://www.prima.co.uk,LIKELY_OK
UK,Red,Monthly mag,Women's lifestyle,Monthly,Hearst UK,Hearst,Hearst UK Commercial,Women in their 30s/40s,,UK,Women's Lifestyle,Women 25-54,B2C,National,Print + Digital,Medium,,https://www.redonline.co.uk,LIKELY_OK
UK,Runner's World UK,Monthly mag,Running,Monthly,Hearst UK,Hearst,Hearst UK Commercial,,,UK,Sports – Running,General consumer,B2C,International,Print + Digital,Medium,,https://www.runnersworld.com/uk,LIKELY_OK
UK,Digital Spy,Digital,Entertainment,Digital,Hearst UK,Hearst,Hearst UK Commercial,,,UK,Arts & Culture,General consumer,B2C,National,Digital,High,digital-only,https://www.digitalspy.com,LIKELY_OK
UK,Town & Country,Monthly mag,Lifestyle/luxury,Monthly,Hearst UK,Hearst,Hearst UK Commercial,,,UK,Affluent Lifestyle,General consumer,B2C,National,Print + Digital,Medium,,https://www.townandcountrymag.com/uk,LIKELY_OK
UK,Best,Weekly mag,Women's,Weekly,Hearst UK,Hearst,Hearst UK Commercial,,95000,UK,Women's Lifestyle,Women 25-54,B2C,National,Print + Digital,Medium,circulation-reported,https://www.bestmagazine.co.uk,LIKELY_OK
UK,Inside Out,Quarterly mag,Home,Quarterly,Hearst UK,Hearst,Hearst UK Commercial,,,UK,Home & Interior,Home enthusiasts,B2C,National,Print + Digital,Medium,,https://www.womanandhome.com,VERIFIED
UK,Vogue (British Vogue),Monthly mag,Fashion,Monthly,Condé Nast,Condé Nast,Condé Nast UK Commercial,British Vogue,145000,UK,Fashion,Affluent 35+ (luxury),B2C,National,Print + Digital,High,"circulation-reported, high-circulation",https://www.vogue.co.uk,LIKELY_OK
UK,GQ UK,Monthly mag,Men's lifestyle,Monthly,Condé Nast,Condé Nast,Condé Nast UK Commercial,,110000,UK,Men's Lifestyle,General consumer,B2C,National,Print + Digital,Medium,"circulation-reported, high-circulation",https://www.gq-magazine.co.uk,LIKELY_OK
UK,Vanity Fair UK,Monthly mag,Lifestyle,Monthly,Condé Nast,Condé Nast,Condé Nast UK Commercial,,,UK,Arts & Culture,Affluent 35+ (luxury),B2C,National,Print + Digital,High,,https://www.vanityfair.com,LIKELY_OK
UK,Tatler,Monthly mag,Society/luxury,Monthly,Condé Nast,Condé Nast,Condé Nast UK Commercial,British high society,80000,UK,Fashion,Fashion-engaged women 18-49,B2C,National,Print + Digital,High,circulation-reported,https://www.tatler.com,LIKELY_OK
UK,Glamour UK,Monthly mag,Women's,Monthly,Condé Nast,Condé Nast,Condé Nast UK Commercial,,,UK,Fashion,Fashion-engaged women 18-49,B2C,National,Print + Digital,Medium,,https://www.glamourmagazine.co.uk,LIKELY_OK
UK,Architectural Digest UK,Monthly mag,Architecture,Monthly,Condé Nast,Condé Nast,Condé Nast UK Commercial,,,UK,Home & Interior,Affluent 35+ (luxury),B2C,National,Print + Digital,High,,https://www.admagazine.com,LIKELY_OK
UK,Wired UK,Monthly mag,Tech/culture,Monthly,Condé Nast,Condé Nast,Condé Nast UK Commercial,,,UK,Tech & Gadgets,Tech enthusiasts,B2C,National,Print + Digital,High,,https://www.wired.co.uk,LIKELY_OK
UK,House & Garden,Monthly mag,Home/design,Monthly,Condé Nast,Condé Nast,Condé Nast UK Commercial,,,UK,Garden,General consumer,B2C,National,Print + Digital,High,,https://www.houseandgarden.co.uk,LIKELY_OK
UK,Condé Nast Traveller,Monthly mag,Travel,Monthly,Condé Nast,Condé Nast,Condé Nast UK Commercial,,,UK,Travel,General consumer,B2C,National,Print + Digital,High,,https://www.cntraveller.com,LIKELY_OK
UK,Brides,Quarterly mag,Weddings,Quarterly,Condé Nast,Condé Nast,Condé Nast UK Commercial,,,UK,Family & Parenting,Brides-to-be,B2C,National,Print + Digital,Medium,,https://www.brides.com,LIKELY_OK
UK,LOVE,Biannual,Fashion,Biannual,Condé Nast,Condé Nast,Condé Nast UK Commercial,,,UK,Fashion,Fashion-engaged women 18-49,B2C,National,Print + Digital,High,,https://www.lovemagazine.co.uk,VERIFIED
UK,Radio Times,Weekly mag,TV listings/culture,Weekly,Immediate Media,Immediate Media,Immediate Commercial,UK's biggest selling subscription weekly,380000,UK,TV & Listings,General consumer,B2C,National,Print + Digital,Low,"circulation-reported, high-circulation, largest-in-segment",https://www.radiotimes.com,LIKELY_OK
UK,BBC Good Food,Monthly mag,Food,Monthly,Immediate Media,Immediate Media,Immediate Commercial,Licensed from BBC Studios,200000,UK,Food & Drink,General consumer,B2C,National,Print + Digital,High,"circulation-reported, high-circulation",https://www.bbcgoodfood.com,LIKELY_OK
UK,BBC Top Gear,Monthly mag,Cars,Monthly,Immediate Media,Immediate Media,Immediate Commercial,,,UK,Auto & Motor,General consumer,B2C,National,Print + Digital,High,,https://www.topgear.com,VERIFIED
UK,BBC Wildlife,Monthly mag,Nature,Monthly,Immediate Media,Immediate Media,Immediate Commercial,,,UK,Science,General consumer,B2C,National,Print + Digital,High,,https://www.discoverwildlife.com,VERIFIED
UK,BBC History,Monthly mag,History,Monthly,Immediate Media,Immediate Media,Immediate Commercial,,,UK,History,General consumer,B2C,National,Print + Digital,High,,https://www.historyextra.com,LIKELY_OK
UK,BBC History Revealed,Monthly mag,History,Monthly,Immediate Media,Immediate Media,Immediate Commercial,,,UK,History,General consumer,B2C,National,Print + Digital,High,,https://www.historyextra.com,LIKELY_OK
UK,BBC Music Magazine,Monthly mag,Classical music,Monthly,Immediate Media,Immediate Media,Immediate Commercial,,,UK,Music,General consumer,B2C,National,Print + Digital,High,,https://www.classical-music.com,VERIFIED
UK,BBC Sky at Night,Monthly mag,Astronomy,Monthly,Immediate Media,Immediate Media,Immediate Commercial,,,UK,Science,General consumer,B2C,National,Print + Digital,High,,https://www.skyatnightmagazine.com,VERIFIED
UK,BBC Science Focus,Monthly mag,Science,Monthly,Immediate Media,Immediate Media,Immediate Commercial,,,UK,Science,General consumer,B2C,National,Print + Digital,High,,https://www.sciencefocus.com,VERIFIED
UK,BBC Countryfile,Monthly mag,Countryside,Monthly,Immediate Media,Immediate Media,Immediate Commercial,,,UK,Outdoor & Adventure,General consumer,B2C,National,Print + Digital,Medium,,https://www.countryfile.com,VERIFIED
UK,BBC Gardeners' World,Monthly mag,Gardening,Monthly,Immediate Media,Immediate Media,Immediate Commercial,,,UK,Garden,General consumer,B2C,International,Print + Digital,High,,https://www.gardenersworld.com,VERIFIED
UK,Match of the Day Magazine,Weekly mag,Football/kids,Weekly,Immediate Media,Immediate Media,Immediate Commercial,,,UK,Sports – Football/Hockey,Children (3-12),B2C,National,Print + Digital,Medium,,https://www.matchofthedaymagazine.co.uk,VERIFIED
UK,CBeebies Magazine,Monthly mag,Kids,Monthly,Immediate Media,Immediate Media,Immediate Commercial,,,UK,Children & Kids,Children (3-12),B2C,National,Print + Digital,Low,,https://www.bbc.co.uk/cbeebies,LIKELY_OK
UK,Cycling Plus,Monthly mag,Cycling,Monthly,Immediate Media,Immediate Media,Immediate Commercial,,,UK,Sports – Cycling,General consumer,B2C,National,Print + Digital,Medium,,https://www.cyclingplus.com,VERIFIED
UK,Mountain Biking UK,Monthly mag,Cycling,Monthly,Immediate Media,Immediate Media,Immediate Commercial,,,UK,Sports – Cycling,General consumer,B2C,National,Print + Digital,Medium,,https://www.bikeradar.com,VERIFIED
UK,Cyclist,Monthly mag,Cycling,Monthly,Dennis Publishing/Future,Future,Future Commercial,,,UK,Sports – Cycling,General consumer,B2C,National,Print + Digital,Medium,,https://www.cyclist.co.uk,VERIFIED
UK,220 Triathlon,Monthly mag,Triathlon,Monthly,Immediate Media,Immediate Media,Immediate Commercial,,,UK,Sports – Running,General consumer,B2C,National,Print + Digital,Medium,,https://www.220triathlon.com,LIKELY_OK
UK,Olive,Monthly mag,Food,Monthly,Immediate Media,Immediate Media,Immediate Commercial,,,UK,Food & Drink,General consumer,B2C,National,Print + Digital,High,,https://www.olivemagazine.com,VERIFIED
UK,Easy Cook,Monthly mag,Food,Monthly,Immediate Media,Immediate Media,Immediate Commercial,,,UK,Food & Drink,General consumer,B2C,National,Print + Digital,High,,https://www.bbcgoodfood.com,LIKELY_OK
UK,Gardens Illustrated,Monthly mag,Gardening,Monthly,Immediate Media,Immediate Media,Immediate Commercial,,,UK,Garden,General consumer,B2C,National,Print + Digital,High,,https://www.gardensillustrated.com,VERIFIED
UK,Discover Wildlife,Digital,Nature,Digital,Immediate Media,Immediate Media,Immediate Commercial,,,UK,Science,General consumer,B2C,National,Digital,High,digital-only,https://www.discoverwildlife.com,VERIFIED
UK,HistoryExtra,Digital,History,Digital,Immediate Media,Immediate Media,Immediate Commercial,,,UK,History,General consumer,B2C,National,Digital,High,digital-only,https://www.historyextra.com,LIKELY_OK
UK,Private Eye,Fortnightly,Satire,Fortnightly,Pressdram Ltd,Private Eye,Direct from publisher,Britain's leading satirical magazine,230000,UK,Arts & Culture,Satirical readers,B2C,National,Print + Digital,High,"circulation-reported, high-circulation, satirical",https://www.private-eye.co.uk,VERIFIED
UK,The Spectator,Weekly mag,Politics/culture,Weekly,Press Holdings,The Spectator,Spectator Commercial,Conservative-right weekly,105000,UK,Politics & Current Affairs,General consumer,B2C,National,Print + Digital,High,"Tory-leaning, circulation-reported, high-circulation",https://www.spectator.co.uk,VERIFIED
UK,New Statesman,Weekly mag,Politics/culture,Weekly,Progressive Media Investments,New Statesman,NS Commercial,Centre-left weekly,35000,UK,Politics & Current Affairs,General consumer,B2C,National,Print + Digital,High,"centre-left, circulation-reported",https://www.newstatesman.com,VERIFIED
UK,Prospect,Monthly mag,Politics/culture,Monthly,Prospect,Prospect,Prospect Commercial,Liberal monthly,,UK,Politics & Current Affairs,General consumer,B2C,National,Print + Digital,High,liberal,https://www.prospectmagazine.co.uk,VERIFIED
UK,The Economist,Weekly mag,News/economics,Weekly,Economist Group,The Economist,Economist Ads,Global liberal weekly,1500000,UK,Business & Finance,Business decision-makers,B2C,International,Print + Digital,High,"circulation-reported, liberal, mass-circulation",https://www.economist.com,LIKELY_OK
UK,Nature,Weekly mag,Science,Weekly,Springer Nature,Springer Nature,Springer Commercial,Science journal,,UK,Science,Scientists & researchers,B2B,National,Print + Digital,High,,https://www.nature.com,VERIFIED
UK,New Scientist,Weekly mag,Science,Weekly,Daily Mail and General Trust,New Scientist,New Scientist Commercial,Popular science,,UK,Science,General consumer,B2C,National,Print + Digital,High,,https://www.newscientist.com,LIKELY_OK
UK,BBC Top Gear (different),Monthly mag,Cars,Monthly,Immediate Media,Immediate,Immediate Commercial,,,UK,Auto & Motor,General consumer,B2C,National,Print + Digital,High,,https://www.topgear.com,VERIFIED
UK,Autocar,Weekly mag,Cars,Weekly,Haymarket,Haymarket,Haymarket Commercial,,,UK,Auto & Motor,Car enthusiasts,B2B,National,Print + Digital,High,,https://www.autocar.co.uk,VERIFIED
UK,Auto Express,Weekly mag,Cars,Weekly,Future plc,Future,Future Commercial,Ex-Dennis,,UK,Auto & Motor,General consumer,B2C,National,Print + Digital,High,,https://www.autoexpress.co.uk,VERIFIED
UK,Evo,Monthly mag,Cars (performance),Monthly,Autovia,Autovia,Autovia Commercial,,,UK,Auto & Motor,General consumer,B2C,National,Print + Digital,Medium,,https://www.evo.co.uk,VERIFIED
UK,Classic & Sports Car,Monthly mag,Classic cars,Monthly,Haymarket,Haymarket,Haymarket Commercial,,,UK,Auto & Motor,Classic car enthusiasts,B2B,National,Print + Digital,High,,https://www.classicandsportscar.com,LIKELY_OK
UK,Classic Cars,Monthly mag,Classic cars,Monthly,Bauer Media,Bauer,Bauer Media Commercial,,,UK,Auto & Motor,General consumer,B2C,National,Print + Digital,High,,https://greatmagazines.co.uk,VERIFIED
UK,Practical Classics,Monthly mag,Classic cars,Monthly,Bauer Media,Bauer,Bauer Media Commercial,,,UK,Auto & Motor,General consumer,B2C,National,Print + Digital,High,,https://www.practicalclassics.co.uk,VERIFIED
UK,Land Rover Owner,Monthly mag,Cars,Monthly,Bauer Media,Bauer,Bauer Media Commercial,,,UK,Auto & Motor,General consumer,B2C,National,Print + Digital,High,,https://www.greatmagazines.co.uk/lro,UNVERIFIED
UK,Mini Magazine,Monthly mag,Cars,Monthly,Bauer Media,Bauer,Bauer Media Commercial,,,UK,Auto & Motor,General consumer,B2C,National,Print + Digital,High,,https://www.minimag.co.uk,VERIFIED
UK,Drive,Quarterly mag,Cars/luxury,Quarterly,Selvstendig,Drive,Direct from publisher,,,UK,Auto & Motor,General consumer,B2C,National,Print + Digital,Medium,,https://www.fleetnews.co.uk,LIKELY_OK
UK,When Saturday Comes,Monthly mag,Football,Monthly,WSC,WSC,Direct from publisher,Independent football,,UK,Sports – Football/Hockey,General consumer,B2C,National,Print + Digital,Medium,,https://www.wsc.co.uk,VERIFIED
UK,Boxing News,Weekly mag,Boxing,Weekly,Newsquest,Newsquest,Newsquest Commercial,,,UK,Sports,Boxing fans,B2C,National,Print + Digital,Medium,,https://www.boxingnewsonline.net,VERIFIED
UK,Athletics Weekly,Monthly mag,Athletics,Monthly,Newsquest,Newsquest,Newsquest Commercial,,,UK,Sports,Athletics enthusiasts,B2C,National,Print + Digital,Medium,,https://athleticsweekly.com,LIKELY_OK
UK,Swim,Quarterly mag,Swimming,Quarterly,Selvstendig,Swim,Direct from publisher,,,UK,Sports,General consumer,B2C,National,Print + Digital,Medium,,https://www.swimming.org,VERIFIED
UK,Yachting World,Monthly mag,Sailing,Monthly,Future plc,Future,Future Commercial,,,UK,Boating & Sailing,Yachting enthusiasts,B2C,International,Print + Digital,Medium,,https://www.yachtingworld.com,VERIFIED
UK,Yachting Monthly,Monthly mag,Sailing,Monthly,Future plc,Future,Future Commercial,,,UK,Boating & Sailing,Yachting enthusiasts,B2C,National,Print + Digital,Medium,,https://www.yachtingmonthly.com,VERIFIED
UK,Motor Boat & Yachting,Monthly mag,Boating,Monthly,Future plc,Future,Future Commercial,,,UK,Boating & Sailing,Boating enthusiasts,B2C,National,Print + Digital,Medium,,https://www.mby.com,VERIFIED
UK,Trail Running,Bimonthly,Running,Bimonthly,Bauer Media,Bauer,Bauer Media Commercial,,,UK,Sports – Running,General consumer,B2C,National,Print + Digital,Medium,,https://www.trailrunningmag.co.uk,VERIFIED
UK,The Beano,Weekly mag,Children's comic,Weekly,DC Thomson,DC Thomson,DC Thomson Media,"UK's longest-running comic, est. 1938",30000,UK,Children & Kids,Children (3-12),B2C,National,Print + Digital,Low,"circulation-reported, pre-1900-founded",https://www.beano.com,VERIFIED
UK,Commando Comics,Monthly mag,Children's,Monthly,DC Thomson,DC Thomson,DC Thomson Media,,,UK,Children – Comics & TV,Children (3-12),B2C,National,Print + Digital,Low,,https://www.commandocomics.com,LIKELY_OK
UK,LEGO Magazine UK,Monthly mag,Children's,Monthly,Selvstendig,LEGO,Direct from publisher,,,UK,Children & Kids,Children (3-12),B2C,National,Print + Digital,Medium,,https://www.lego.com/en-gb/magazine,VERIFIED
UK,National Geographic Kids UK,Monthly mag,Children's,Monthly,Immediate Media,Immediate Media,Immediate Commercial,,,UK,Children & Kids,Children (3-12),B2C,National,Print + Digital,Medium,,https://www.natgeokids.com,VERIFIED
UK,Aquila,Monthly mag,Children's,Monthly,Aquila,Aquila,Direct from publisher,,,UK,Children & Kids,Children (3-12),B2C,National,Print + Digital,Medium,,https://aquila.co.uk,LIKELY_OK
UK,First News,Weekly newspaper,Children's,Weekly,First News,First News,First News Commercial,Children's weekly newspaper,60000,UK,Children & Kids,Children (3-12),B2C,National,Print + Digital,Medium,circulation-reported,https://www.firstnews.co.uk,VERIFIED
UK,The Field,Monthly mag,Country sports,Monthly,Future plc,Future,Future Commercial,Country sports/shooting,35000,UK,Hunting & Fishing,Affluent 35+ (luxury),B2C,National,Print + Digital,High,circulation-reported,https://www.thefield.co.uk,VERIFIED
UK,Shooting Times,Weekly mag,Shooting,Weekly,Future plc,Future,Future Commercial,,,UK,Hunting & Fishing,Outdoor enthusiasts (hunting/fishing),B2C,National,Print + Digital,High,,https://www.shootinguk.co.uk,VERIFIED
UK,The Shooting Gazette,Monthly mag,Shooting,Monthly,Future plc,Future,Future Commercial,,,UK,Hunting & Fishing,Outdoor enthusiasts (hunting/fishing),B2C,National,Print + Digital,High,,https://www.theshootinggazette.co.uk,VERIFIED
UK,Shooting UK,Monthly mag,Shooting,Monthly,Selvstendig,SUK,Direct from publisher,,,UK,Hunting & Fishing,Outdoor enthusiasts (hunting/fishing),B2C,National,Print + Digital,High,,https://www.shootinguk.co.uk,VERIFIED
UK,Sporting Gun,Monthly mag,Shooting,Monthly,Selvstendig,SG,Direct from publisher,,,UK,Hunting & Fishing,Outdoor enthusiasts (hunting/fishing),B2C,National,Print + Digital,High,,https://www.shootinguk.co.uk,VERIFIED
UK,Sporting Shooter,Monthly mag,Shooting,Monthly,Selvstendig,SS,Direct from publisher,,,UK,Hunting & Fishing,Outdoor enthusiasts (hunting/fishing),B2C,National,Print + Digital,High,,https://sportingshooter.co.uk,LIKELY_OK
UK,Gun Mart,Monthly mag,Shooting,Monthly,Blaze Publishing,Blaze,Direct from publisher,,,UK,Hunting & Fishing,Outdoor enthusiasts (hunting/fishing),B2B,National,Print + Digital,High,,https://www.gunmart.net,VERIFIED
UK,Sporting Rifle,Monthly mag,Shooting,Monthly,Blaze Publishing,Blaze,Direct from publisher,,,UK,Hunting & Fishing,Outdoor enthusiasts (hunting/fishing),B2B,National,Print + Digital,High,,https://www.sportingrifle.co.uk,VERIFIED
UK,Country Life Shooting Edition,-,Shooting,Periodisk,Future plc,Future,Future Commercial,,,UK,Hunting & Fishing,Outdoor enthusiasts (hunting/fishing),B2C,National,Print + Digital,High,,https://www.countrylife.co.uk,VERIFIED
UK,Monocle,Monthly mag,Lifestyle/affairs,10x/year,Monocle,Monocle,Monocle Commercial,Tyler Brûlé's monthly,80000,UK,Affluent Lifestyle,Affluent 35+ (luxury),B2C,National,Print + Digital,Medium,circulation-reported,https://monocle.com,VERIFIED
UK,How to Spend It,Weekly mag,Luxury,Weekly,Financial Times,FT,FT Commercial,FT luxury supplement,,UK,Affluent Lifestyle,Affluent 35+ (luxury),B2C,National,Print + Digital,Medium,,https://www.ft.com/howtospendit,LIKELY_OK
UK,Square Mile,Monthly mag,London lifestyle,Monthly,Selvstendig,Square Mile,Direct from publisher,,,UK,Men's Lifestyle,Affluent men 25-54,B2C,National,Print + Digital,High,,https://squaremile.com,VERIFIED
UK,Tempus,Bimonthly mag,Luxury,Bimonthly,Vantage Media,Vantage,Direct from publisher,,,UK,Men's Lifestyle,Affluent men 25-54,B2C,National,Print + Digital,High,,https://tempusmagazine.co.uk,VERIFIED
UK,Hello!,Weekly mag,Celebrity/royal,Weekly,Hola,Hello!,Hello! Commercial,Spanish-owned,350000,UK,Celebrity & Gossip,General consumer,B2C,National,Print + Digital,Medium,"circulation-reported, high-circulation",https://www.hellomagazine.com,VERIFIED
UK,OK!,Weekly mag,Celebrity,Weekly,Reach plc,Reach,Reach Commercial,Acquired with Express,130000,UK,Celebrity & Gossip,General consumer,B2C,National,Print + Digital,Medium,"circulation-reported, high-circulation",https://www.ok.co.uk,LIKELY_OK
UK,New!,Weekly mag,Celebrity,Weekly,Reach plc,Reach,Reach Commercial,,,UK,Celebrity & Gossip,General consumer,B2C,National,Print + Digital,Medium,,https://www.new-magazine.co.uk,LIKELY_OK
UK,Star,Weekly mag,Celebrity,Weekly,Reach plc,Reach,Reach Commercial,Daily Star sister,,UK,Celebrity & Gossip,General consumer,B2C,National,Print + Digital,Medium,,https://www.dailystar.co.uk,LIKELY_OK
UK,Campaign,Weekly mag,Advertising/marketing,Weekly,Haymarket,Haymarket,Haymarket Commercial,UK's leading ad/marketing weekly,12000,UK,B2B – Marketing & Media,Marketing & media pros,B2B,National,Print + Digital,High,circulation-reported,https://www.campaignlive.co.uk,VERIFIED
UK,Marketing Week,Weekly mag,Marketing,Weekly,Centaur Media,Centaur,Centaur Commercial,,18000,UK,B2B – Marketing & Media,Marketing & media pros,B2B,National,Print + Digital,High,circulation-reported,https://www.marketingweek.com,LIKELY_OK
UK,The Drum,Monthly mag,Marketing/digital,Monthly,Carnyx Group,The Drum,The Drum Commercial,,,UK,B2B – Marketing & Media,Marketing & media pros,B2B,National,Print + Digital,High,,https://www.thedrum.com,VERIFIED
UK,Brand Republic,Digital,Marketing,Digital,Haymarket,Haymarket,Haymarket Commercial,,,UK,B2B – Marketing & Media,Marketing & media pros,B2B,National,Digital,High,digital-only,https://www.brandrepublic.com,VERIFIED
UK,PRWeek,Monthly mag,PR,Monthly,Haymarket,Haymarket,Haymarket Commercial,,,UK,B2B – Marketing & Media,PR & communications pros,B2B,National,Print + Digital,High,,https://www.prweek.com,VERIFIED
UK,Design Week,Monthly mag,Design,Monthly,Centaur Media,Centaur,Centaur Commercial,,,UK,B2B – Marketing & Media,Design pros,B2B,National,Print + Digital,High,,https://www.designweek.co.uk,LIKELY_OK
UK,Creative Review,Quarterly,Design,Quarterly,Centaur Media,Centaur,Centaur Commercial,,,UK,B2B – Marketing & Media,Creative industry pros,B2B,National,Print + Digital,High,,https://www.creativereview.co.uk,VERIFIED
UK,Stylist,Weekly mag,Women's lifestyle,Weekly (free),Stylist Group,Stylist,Stylist Commercial,Free London weekly,405000,UK,Women's Lifestyle,Women 25-54,B2C,National,Print + Digital,Medium,"circulation-reported, free-distribution, high-circulation",https://www.stylist.co.uk,VERIFIED
UK,Press Gazette,Digital,Journalism,Digital,Press Gazette,Press Gazette,Direct from publisher,Journalism trade press,,UK,B2B – Marketing & Media,Marketing & media pros,B2B,National,Digital,High,digital-only,https://www.pressgazette.co.uk,VERIFIED
UK,Holdthefrontpage,Digital,Journalism,Digital,JPI Media,JPI,Direct from publisher,,,UK,B2B – Journalism,Journalists & media pros,B2B,National,Digital,High,digital-only,https://www.holdthefrontpage.co.uk,VERIFIED
UK,Management Today,Monthly mag,Business,Monthly,Haymarket,Haymarket,Haymarket Commercial,UK's leading management mag,,UK,B2B – HR & Management,Business decision-makers,B2B,National,Print + Digital,High,,https://www.managementtoday.co.uk,VERIFIED
UK,Director,Monthly mag,Business,Monthly,Director Publications,Director,Direct from publisher,Institute of Directors,,UK,B2B – HR & Management,Company directors,B2B,National,Print + Digital,High,,https://www.iod.com/news/director,LIKELY_OK
UK,Real Business,Monthly mag,SME business,Monthly,Selvstendig,Real Business,Direct from publisher,,,UK,B2B – SME,SME owners,B2B,National,Print + Digital,High,,https://realbusiness.co.uk,UNVERIFIED
UK,MoneyWeek,Weekly mag,Personal finance,Weekly,Future plc,Future,Future Commercial,,,UK,Business & Finance,Business decision-makers,B2C,National,Print + Digital,High,,https://moneyweek.com,VERIFIED
UK,Money Marketing,Weekly mag,Financial services,Weekly,Centaur Media,Centaur,Centaur Commercial,IFA/wealth mgmt,,UK,B2B – Finance & Insurance,Financial advisers,B2B,National,Print + Digital,High,,https://moneymarketing.co.uk,VERIFIED
UK,Investment Week,Weekly mag,Investment,Weekly,Incisive Media,Incisive,Incisive Commercial,,,UK,B2B – Finance & Insurance,Investment pros,B2B,National,Print + Digital,High,,https://www.investmentweek.co.uk,VERIFIED
UK,Investment Adviser,Weekly mag,Financial advice,Weekly,Financial Times,FT,FT Commercial,,,UK,B2B – Finance & Insurance,Investment advisers,B2B,National,Print + Digital,High,,https://www.ftadviser.com,LIKELY_OK
UK,Money Management,Monthly mag,Financial advice,Monthly,Financial Times,FT,FT Commercial,,,UK,B2B – Finance & Insurance,Wealth managers,B2B,National,Print + Digital,High,,https://www.ftadviser.com,LIKELY_OK
UK,Pensions Age,Monthly mag,Pensions,Monthly,Perspective Publishing,Perspective,Perspective Commercial,,,UK,B2B – Finance & Insurance,Pensions pros,B2B,National,Print + Digital,High,,https://www.pensionsage.com,VERIFIED
UK,Professional Pensions,Weekly mag,Pensions,Weekly,Incisive Media,Incisive,Incisive Commercial,,,UK,B2B – Finance & Insurance,Pensions pros,B2B,National,Print + Digital,High,,https://www.professionalpensions.com,VERIFIED
UK,Insurance Times,Weekly mag,Insurance,Weekly,Insurance Times,IT,Direct from publisher,,,UK,B2B – Finance & Insurance,Insurance pros,B2B,National,Print + Digital,High,,https://www.insurancetimes.co.uk,UNVERIFIED
UK,Post Magazine,Weekly mag,Insurance,Weekly,Infopro Digital,Infopro,Infopro Commercial,Insurance trade,,UK,B2B – Finance & Insurance,Insurance pros,B2B,National,Print + Digital,High,,https://www.postonline.co.uk,VERIFIED
UK,HR Magazine,Monthly mag,HR,Monthly,Mark Allen Group,MA,Direct from publisher,,,UK,B2B – HR & Management,HR & management pros,B2B,National,Print + Digital,High,,https://www.hrmagazine.co.uk,VERIFIED
UK,Personnel Today,Monthly mag,HR,Monthly,DVV Media International,DVV,Direct from publisher,,,UK,B2B – HR & Management,HR & management pros,B2B,National,Print + Digital,High,,https://www.personneltoday.com,VERIFIED
UK,People Management,Monthly mag,HR,Monthly,Haymarket,Haymarket,Haymarket Commercial,CIPD,,UK,B2B – HR & Management,HR & management pros,B2B,National,Print + Digital,High,,https://www.peoplemanagement.co.uk,VERIFIED
UK,Legal Week,Weekly mag,Legal,Weekly,ALM,ALM,ALM Commercial,,,UK,B2B – Legal,Legal professionals,B2B,National,Print + Digital,High,,https://www.law.com,VERIFIED
UK,Solicitors Journal,Weekly mag,Legal,Weekly,Wilmington,Wilmington,Wilmington Commercial,,,UK,B2B – Legal,Solicitors,B2B,National,Print + Digital,High,,https://www.solicitorsjournal.com,VERIFIED
UK,Counsel Magazine,Monthly mag,Legal,Monthly,LexisNexis,LexisNexis,LexisNexis Commercial,Barristers,,UK,B2B – Legal,Barristers,B2B,National,Print + Digital,High,,https://www.counselmagazine.co.uk,VERIFIED
UK,Family Law,Monthly mag,Legal,Monthly,LexisNexis,LexisNexis,LexisNexis Commercial,,,UK,B2B – Legal,Family law pros,B2B,National,Print + Digital,High,,https://www.lexisnexis.co.uk/legal/family-law,VERIFIED
UK,Building,Weekly mag,Construction,Weekly,Building Magazine,Building,Building Commercial,UK construction industry,,UK,B2B – Construction & Property,Construction & property pros,B2B,National,Print + Digital,High,,https://www.building.co.uk,UNVERIFIED
UK,Construction News,Weekly mag,Construction,Weekly,EMAP,EMAP,EMAP Commercial,,,UK,B2B – Construction & Property,Construction & property pros,B2B,National,Print + Digital,High,,https://www.constructionnews.co.uk,VERIFIED
UK,Property Week,Weekly mag,Property,Weekly,EMAP,EMAP,EMAP Commercial,,,UK,B2B – Construction & Property,Construction & property pros,B2B,National,Print + Digital,High,,https://www.propertyweek.com,VERIFIED
UK,Estates Gazette,Weekly mag,Property,Weekly,EG Group,EG,EG Commercial,Commercial property,,UK,B2B – Construction & Property,Construction & property pros,B2B,National,Print + Digital,High,,https://www.eg.co.uk,VERIFIED
UK,New Civil Engineer,Monthly mag,Civil engineering,Monthly,EMAP,EMAP,EMAP Commercial,,,UK,B2B – Construction & Property,Civil engineers,B2B,National,Print + Digital,High,,https://www.newcivilengineer.com,VERIFIED
UK,Civil Engineering,Monthly mag,Civil engineering,Monthly,ICE Publishing,ICE,ICE Commercial,,,UK,B2B – Construction & Property,Civil engineers,B2B,National,Print + Digital,High,,https://www.ice.org.uk/news-insight/civil-engineering,LIKELY_OK
UK,Architects' Journal,Weekly mag,Architecture,Weekly,EMAP,EMAP,EMAP Commercial,,,UK,B2B – Construction & Property,Architects,B2B,National,Print + Digital,High,,https://www.architectsjournal.co.uk,VERIFIED
UK,RIBA Journal,Monthly mag,Architecture,Monthly,Atom,Atom,Atom Commercial,RIBA,,UK,B2B – Construction & Property,Architects,B2B,National,Print + Digital,High,,https://www.ribaj.com,LIKELY_OK
UK,Architectural Review,Monthly mag,Architecture,Monthly,EMAP,EMAP,EMAP Commercial,,,UK,B2B – Construction & Property,Architects,B2B,National,Print + Digital,High,,https://architecturalreview.co.uk,VERIFIED
UK,World Architecture,Monthly mag,Architecture,Monthly,Selvstendig,WA,Direct from publisher,,,UK,B2B – Construction & Property,Construction & property pros,B2B,International,Print + Digital,High,,https://www.worldarchitecture.org,VERIFIED
UK,Building Design,Monthly mag,Architecture,Monthly,Assemble Media,Assemble,Assemble Commercial,,,UK,B2B – Construction & Property,Architects,B2B,National,Print + Digital,High,,https://www.buildingdesign.co.uk,VERIFIED
UK,Housebuilder,Monthly mag,Construction,Monthly,Pinpoint,Pinpoint,Pinpoint Commercial,,,UK,B2B – Construction & Property,Housebuilders,B2B,National,Print + Digital,High,,https://www.house-builder.co.uk,VERIFIED
UK,Builders' Merchants News,Monthly mag,Builders' merchants,Monthly,Datateam,Datateam,Datateam Commercial,,,UK,B2B – Construction & Property,Builders' merchants,B2B,National,Print + Digital,High,,https://www.buildersmerchantsnews.co.uk,VERIFIED
UK,BMJ,Weekly journal,Medical,Weekly,BMJ Group,BMJ,BMJ Commercial,British Medical Journal,130000,UK,B2B – Healthcare,Doctors,B2B,National,Print + Digital,High,"circulation-reported, high-circulation",https://www.bmj.com,LIKELY_OK
UK,The Lancet,Weekly journal,Medical,Weekly,Elsevier,Elsevier,Elsevier Commercial,Premier medical journal,60000,UK,B2B – Healthcare,Doctors & researchers,B2B,National,Print + Digital,High,circulation-reported,https://www.thelancet.com,LIKELY_OK
UK,Pulse,Monthly mag,GP,Monthly,Cogora,Cogora,Cogora Commercial,Britain's leading GP magazine,,UK,B2B – Healthcare,GPs,B2B,National,Print + Digital,High,,https://www.pulsetoday.co.uk,LIKELY_OK
UK,GP,Weekly mag,GP,Weekly,Haymarket,Haymarket,Haymarket Commercial,,,UK,B2B – Healthcare,GPs,B2B,National,Print + Digital,High,,https://www.gponline.com,VERIFIED
UK,Pharmaceutical Journal,Monthly mag,Pharmacy,Monthly,RPS,RPS,RPS Commercial,,,UK,B2B – Healthcare,Pharmacists,B2B,National,Print + Digital,High,,https://pharmaceutical-journal.com,VERIFIED
UK,Chemist + Druggist,Monthly mag,Pharmacy,Monthly,CloserStill,CloserStill,CloserStill Commercial,,,UK,B2B – Healthcare,Pharmacists,B2B,National,Print + Digital,High,,https://www.chemistanddruggist.co.uk,VERIFIED
UK,Nursing Times,Monthly mag,Nursing,Monthly,EMAP,EMAP,EMAP Commercial,UK's largest nursing magazine,80000,UK,B2B – Healthcare,Nurses,B2B,National,Print + Digital,High,"circulation-reported, largest-in-segment",https://www.nursingtimes.net,VERIFIED
UK,Nursing Standard,Monthly mag,Nursing,Monthly,RCN,RCN Publishing,Direct from publisher,Royal College of Nursing,,UK,B2B – Healthcare,Nurses,B2B,National,Print + Digital,High,,https://rcni.com/nursing-standard,LIKELY_OK
UK,Practice Nurse,Monthly mag,Nursing,Monthly,Mark Allen,MA,MA Commercial,,,UK,B2B – Healthcare,Nurses,B2B,National,Print + Digital,High,,https://www.practicenurse.co.uk,LIKELY_OK
UK,Health Service Journal,Weekly mag,NHS,Weekly,Wilmington,Wilmington,Wilmington Commercial,NHS management,25000,UK,B2B – Healthcare,NHS managers,B2B,National,Print + Digital,High,circulation-reported,https://www.hsj.co.uk,UNVERIFIED
UK,Doctor,Monthly mag,Medical,Monthly,Selvstendig,Doctor,Direct from publisher,,,UK,B2B – Healthcare,Doctors,B2B,National,Print + Digital,High,,https://www.gponline.com,VERIFIED
UK,Times Educational Supplement (TES),Weekly mag,Education,Weekly,TES Global,TES,TES Commercial,UK's leading teaching mag,35000,UK,B2B – Education,Teachers & educators,B2B,National,Print + Digital,High,circulation-reported,https://www.tes.com,VERIFIED
UK,Times Higher Education,Weekly mag,Higher education,Weekly,TI Media (LDC),THE,THE Commercial,,22000,UK,B2B – Education,Higher education pros,B2B,National,Print + Digital,High,circulation-reported,https://www.timeshighereducation.com,VERIFIED
UK,Schools Week,Weekly mag,Schools,Weekly,LSect,LSect,LSect Commercial,,,UK,B2B – Education,School staff,B2B,National,Print + Digital,High,,https://schoolsweek.co.uk,VERIFIED
UK,FE Week,Weekly mag,Further education,Weekly,LSect,LSect,LSect Commercial,,,UK,B2B – Education,FE college staff,B2B,National,Print + Digital,High,,https://feweek.co.uk,VERIFIED
UK,Nursery World,Weekly mag,Early years,Weekly,MA Education,MA,MA Commercial,,,UK,B2B – Education,Early years staff,B2B,International,Print + Digital,High,,https://www.nurseryworld.co.uk,VERIFIED
UK,Teach Primary,Monthly mag,Primary education,Monthly,Maze Media,Maze,Maze Commercial,,,UK,B2B – Education,Primary teachers,B2B,National,Print + Digital,High,,https://www.teachwire.net,VERIFIED
UK,Teach Secondary,Monthly mag,Secondary education,Monthly,Maze Media,Maze,Maze Commercial,,,UK,B2B – Education,Secondary teachers,B2B,National,Print + Digital,High,,https://www.teachwire.net,VERIFIED
UK,The Grocer,Weekly mag,Grocery/FMCG,Weekly,William Reed,William Reed,William Reed Commercial,UK's leading grocery trade,25000,UK,B2B – Retail,Grocery trade,B2B,National,Print + Digital,High,circulation-reported,https://www.thegrocer.co.uk,UNVERIFIED
UK,Retail Week,Weekly mag,Retail,Weekly,EMAP,EMAP,EMAP Commercial,,,UK,B2B – Retail,Retail pros,B2B,National,Print + Digital,High,,https://www.retailweek.co.uk,VERIFIED
UK,Drapers,Weekly mag,Fashion retail,Weekly,EMAP,EMAP,EMAP Commercial,,,UK,B2B – Retail,Fashion retail,B2B,National,Print + Digital,High,,https://www.drapersonline.com,VERIFIED
UK,Convenience Store,Weekly mag,Convenience retail,Weekly,Newtrade,Newtrade,Newtrade Commercial,,,UK,B2B – Retail,Convenience retailers,B2B,National,Print + Digital,High,,https://www.convenience-store.co.uk,VERIFIED
UK,Grocery Gazette,Digital,Grocery,Digital,Selvstendig,GG,Direct from publisher,,,UK,B2B – Retail,Grocery trade,B2B,National,Digital,High,digital-only,https://www.grocerygazette.co.uk,VERIFIED
UK,Caterer (The Caterer),Monthly mag,Hospitality,Monthly,Travel Weekly Group,Travel Weekly,Travel Weekly Commercial,,,UK,B2B – Hospitality,Hospitality pros,B2B,National,Print + Digital,High,,https://www.thecaterer.com,VERIFIED
UK,Big Hospitality,Digital,Hospitality,Digital,William Reed,William Reed,William Reed Commercial,,,UK,B2B – Hospitality,Hospitality pros,B2B,National,Digital,High,digital-only,https://www.bighospitality.co.uk,VERIFIED
UK,Restaurant,Monthly mag,Restaurants,Monthly,William Reed,William Reed,William Reed Commercial,,,UK,B2B – Hospitality,Restaurant industry,B2B,National,Print + Digital,High,,https://www.restaurantonline.co.uk,VERIFIED
UK,Morning Advertiser,Weekly mag,Pubs,Weekly,William Reed,William Reed,William Reed Commercial,,,UK,B2B – Hospitality,Pub trade,B2B,National,Print + Digital,High,,https://www.morningadvertiser.co.uk,VERIFIED
UK,Hotel Owner,Monthly mag,Hotels,Monthly,Selvstendig,HO,Direct from publisher,,,UK,B2B – Hospitality,Hotel owners,B2B,National,Print + Digital,High,,https://www.hotelowner.co.uk,LIKELY_OK
UK,Boutique Hotelier,Monthly mag,Hotels,Monthly,Selvstendig,BH,Direct from publisher,,,UK,B2B – Hospitality,Boutique hotel pros,B2B,National,Print + Digital,High,,https://www.boutiquehotelier.com,LIKELY_OK
UK,Computer Weekly,Weekly mag,IT/business,Weekly,TechTarget,TechTarget,TechTarget Commercial,,,UK,B2B – IT & Tech,IT professionals,B2B,National,Print + Digital,High,,https://www.computerweekly.com,VERIFIED
UK,Computing,Monthly mag,IT,Monthly,Incisive Media,Incisive,Incisive Commercial,,,UK,B2B – IT & Tech,IT professionals,B2B,National,Print + Digital,High,,https://www.computing.co.uk,VERIFIED
UK,Computer Business Review,Digital,IT,Digital,NS Media,NS,NS Commercial,,,UK,B2B – IT & Tech,IT professionals,B2B,National,Digital,High,digital-only,https://techmonitor.ai,VERIFIED
UK,V3.co.uk,Digital,IT,Digital,Incisive Media,Incisive,Incisive Commercial,,,UK,B2B – IT & Tech,IT professionals,B2B,National,Digital,High,digital-only,https://www.computing.co.uk,VERIFIED
UK,Channel Pro,Monthly mag,IT channel,Monthly,Future plc,Future,Future Commercial,,,UK,B2B – IT & Tech,IT channel pros,B2C,National,Print + Digital,High,,https://www.channelpro.co.uk,VERIFIED
UK,The Engineer,Monthly mag,Engineering,Monthly,Mark Allen,MA,MA Commercial,,,UK,B2B – Engineering,Engineers,B2B,National,Print + Digital,High,,https://www.theengineer.co.uk,VERIFIED
UK,Professional Engineering,Monthly mag,Engineering,Monthly,IMechE,IMechE,Direct from publisher,Institution of Mechanical Engineers,,UK,B2B – Engineering,Engineers,B2B,National,Print + Digital,High,,https://www.imeche.org/news/professional-engineering,VERIFIED
UK,Electrical Times,Monthly mag,Electrical,Monthly,DMG Events,DMG,DMG Commercial,,,UK,B2B – Engineering,Electrical engineers,B2B,National,Print + Digital,High,,https://electricaltimes.co.uk,VERIFIED
UK,Electrical Review,Monthly mag,Electrical,Monthly,SJP Business Media,SJP,SJP Commercial,,,UK,B2B – Engineering,Electrical engineers,B2B,National,Print + Digital,High,,https://electricalreview.co.uk,VERIFIED
UK,Plant & Civil Engineer,Monthly mag,Plant,Monthly,Selvstendig,P&CE,Direct from publisher,,,UK,B2B – Engineering,Civil engineers,B2B,National,Print + Digital,High,,https://www.plantandcivilengineer.com,VERIFIED
UK,Manufacturing Management,Monthly mag,Manufacturing,Monthly,Findlay Media,Findlay,Findlay Commercial,,,UK,B2B – Engineering,Manufacturing pros,B2B,National,Print + Digital,High,,https://www.themanufacturer.com,VERIFIED
UK,Manufacturing & Engineering Magazine,Monthly mag,Manufacturing,Monthly,Selvstendig,M&EM,Direct from publisher,,,UK,B2B – Engineering,Manufacturing pros,B2B,National,Print + Digital,High,,https://memuk.org,LIKELY_OK
UK,Process Engineering,Monthly mag,Process eng.,Monthly,Findlay Media,Findlay,Findlay Commercial,,,UK,B2B – Engineering,Process engineers,B2B,National,Print + Digital,High,,https://www.processengineering.co.uk,VERIFIED
UK,Transport Operator,Monthly mag,Road transport,Monthly,Selvstendig,TO,Direct from publisher,,,UK,B2B – Transport & Logistics,Road transport pros,B2B,National,Print + Digital,High,,https://transportoperator.co.uk,VERIFIED
UK,Motor Transport,Weekly mag,Road transport,Weekly,DVV Media,DVV,DVV Commercial,,,UK,B2B – Transport & Logistics,Road transport pros,B2B,National,Print + Digital,High,,https://motortransport.co.uk,UNVERIFIED
UK,Commercial Motor,Weekly mag,Trucks,Weekly,DVV Media,DVV,DVV Commercial,,,UK,B2B – Transport & Logistics,Truck industry,B2B,National,Print + Digital,High,,https://www.commercialmotor.com,VERIFIED
UK,Bus & Coach Buyer,Monthly mag,Bus/coach,Monthly,SST Magazines,SST,SST Commercial,,,UK,B2B – Transport & Logistics,Bus & coach industry,B2B,National,Print + Digital,High,,https://www.busandcoachbuyer.com,VERIFIED
UK,Railway Gazette,Monthly mag,Rail B2B,Monthly,DVV Media,DVV,DVV Commercial,,,UK,B2B – Transport & Logistics,Rail industry,B2B,National,Print + Digital,High,,https://www.railwaygazette.com,VERIFIED
UK,Lloyd's List,Daily,Shipping,Daily,Informa,Lloyd's List,Informa Commercial,Maritime trade,,UK,B2B – Maritime,Shipping industry,B2B,National,Print + Digital,High,,https://lloydslist.com,LIKELY_OK
UK,Maritime UK,Quarterly mag,Maritime,Quarterly,Maritime UK,Maritime UK,Direct from publisher,,,UK,B2B – Maritime,Maritime industry,B2B,National,Print + Digital,High,,https://www.maritimeuk.org,VERIFIED
UK,Utility Week,Weekly mag,Utilities,Weekly,Faversham House,Faversham,Faversham Commercial,,,UK,B2B – Energy & Utilities,Utility pros,B2B,National,Print + Digital,High,,https://utilityweek.co.uk,VERIFIED
UK,Energy & Environmental Management,Monthly mag,Energy,Monthly,Selvstendig,EEM,Direct from publisher,,,UK,B2B – Energy & Utilities,Energy pros,B2B,National,Print + Digital,High,,https://www.4eem.com,UNVERIFIED
UK,Solar Power Portal,Digital,Solar,Digital,Solar Media,Solar Media,Solar Media Commercial,,,UK,B2B – Energy & Utilities,Solar industry,B2B,National,Digital,High,digital-only,https://www.solarpowerportal.co.uk,VERIFIED
UK,Wind Power Monthly,Monthly mag,Wind,Monthly,Haymarket,Haymarket,Haymarket Commercial,,,UK,B2B – Energy & Utilities,Wind industry,B2B,National,Print + Digital,High,,https://www.windpowermonthly.com,VERIFIED
UK,Power Engineering International,Monthly mag,Power,Monthly,Endeavour,Endeavour,Endeavour Commercial,,,UK,B2B – Energy & Utilities,Power industry,B2B,International,Print + Digital,High,,https://www.powerengineeringint.com,VERIFIED
UK,Public Finance,Monthly mag,Public sector,Monthly,CIPFA,CIPFA,Direct from publisher,,,UK,B2B – Public Sector,Public finance pros,B2B,National,Print + Digital,High,,https://www.publicfinance.co.uk,VERIFIED
UK,Local Government Chronicle,Weekly mag,Local govt,Weekly,EMAP,EMAP,EMAP Commercial,,,UK,B2B – Public Sector,Local govt pros,B2B,Local,Print + Digital,High,,https://www.lgcplus.com,VERIFIED
UK,Municipal Journal,Weekly mag,Local govt,Weekly,Hemming Group,Hemming,Hemming Commercial,,,UK,B2B – Public Sector,Local govt pros,B2B,Local,Print + Digital,High,,https://www.themj.co.uk,VERIFIED
UK,Civil Service World,Monthly mag,Civil service,Monthly,Total Politics,TP,Direct from publisher,,,UK,B2B – Public Sector,Civil servants,B2B,International,Print + Digital,High,,https://www.civilserviceworld.com,VERIFIED
UK,Third Sector,Monthly mag,Charities,Monthly,Haymarket,Haymarket,Haymarket Commercial,,,UK,B2B – Charity & Third Sector,Charity sector pros,B2B,National,Print + Digital,High,,https://www.thirdsector.co.uk,VERIFIED
UK,Charity Times,Monthly mag,Charities,Monthly,Perspective,Perspective,Perspective Commercial,,,UK,B2B – Charity & Third Sector,Charity sector pros,B2B,National,Print + Digital,High,,https://www.charitytimes.com,VERIFIED
UK,Civil Society,Monthly mag,Charities,Monthly,Civil Society Media,CSM,Direct from publisher,,,UK,B2B – Charity & Third Sector,Charity sector pros,B2B,National,Print + Digital,High,,https://www.civilsociety.co.uk,VERIFIED
UK,Fundraising Magazine,Monthly mag,Charities,Monthly,Civil Society Media,CSM,Direct from publisher,,,UK,B2B – Charity & Third Sector,Fundraisers,B2B,National,Print + Digital,High,,https://www.civilsociety.co.uk/fundraising,VERIFIED
UK,Children & Young People Now,Monthly mag,Youth/children,Monthly,MA Education,MA,MA Commercial,,,UK,B2B – Charity & Third Sector,Youth sector pros,B2B,National,Print + Digital,High,,https://www.cypnow.co.uk,VERIFIED
UK,Community Care,Monthly mag,Social care,Monthly,Mark Allen,MA,MA Commercial,,,UK,B2B – Charity & Third Sector,Charity sector pros,B2B,National,Print + Digital,High,,https://www.communitycare.co.uk,VERIFIED
UK,Farmers Weekly,Weekly mag,Farming,Weekly,Mark Allen,MA,MA Commercial,UK's leading farming weekly,50000,UK,B2B – Agriculture,Farmers,B2B,National,Print + Digital,High,circulation-reported,https://www.fwi.co.uk,VERIFIED
UK,Farmers Guardian,Weekly mag,Farming,Weekly,Agriconnect,Agriconnect,Agriconnect Commercial,,,UK,B2B – Agriculture,Farmers,B2B,National,Print + Digital,High,,https://www.fginsight.com,VERIFIED
UK,The Scottish Farmer,Weekly mag,Farming,Weekly,Newsquest,Newsquest,Newsquest Commercial,,,UK,B2B – Agriculture,Scottish farmers,B2B,National,Print + Digital,High,,https://www.thescottishfarmer.co.uk,VERIFIED
UK,British Farmer & Grower,Monthly mag,Farming,Monthly,NFU,NFU,Direct from publisher,NFU magazine,,UK,B2B – Agriculture,Farmers (NFU),B2B,National,Print + Digital,High,,https://www.nfuonline.com,VERIFIED
UK,Farming Monthly,Monthly mag,Farming,Monthly,Selvstendig,FM,Direct from publisher,,,UK,B2B – Agriculture,Farmers,B2B,National,Print + Digital,High,,https://www.farmingmonthly.co.uk,VERIFIED
UK,Smallholder,Monthly mag,Smallholding,Monthly,Newsquest,Newsquest,Newsquest Commercial,,,UK,B2B – Agriculture,Smallholders,B2B,National,Print + Digital,High,,https://www.smallholder.co.uk,VERIFIED
UK,Country Smallholding,Monthly mag,Smallholding,Monthly,Archant,Archant,Archant Commercial,,,UK,B2B – Agriculture,Smallholders,B2B,National,Print + Digital,High,,https://www.farminguk.com,LIKELY_OK
UK,Horticulture Week,Monthly mag,Horticulture,Monthly,Haymarket,Haymarket,Haymarket Commercial,,,UK,B2B – Agriculture,Horticulture pros,B2B,National,Print + Digital,High,,https://www.hortweek.com,VERIFIED
UK,The Grower,Monthly mag,Horticulture,Monthly,Selvstendig,Grower,Direct from publisher,,,UK,B2B – Agriculture,Horticulture pros,B2B,National,Print + Digital,High,,https://www.thegrower.co.uk,VERIFIED
UK,Health & Beauty Salon,Monthly mag,Beauty trade,Monthly,Reed Business,Reed,Reed Commercial,,,UK,B2B – Beauty Trade,Beauty salon pros,B2B,National,Print + Digital,High,,https://www.professionalbeauty.co.uk,UNVERIFIED
UK,Professional Beauty,Monthly mag,Beauty trade,Monthly,Professional Beauty,PB,PB Commercial,,,UK,B2B – Beauty Trade,Beauty pros,B2B,National,Print + Digital,High,,https://professionalbeauty.co.uk,VERIFIED
UK,Estetica,Monthly mag,Hairdressing,Monthly,Estetica,Estetica,Estetica Commercial,,,UK,B2B – Beauty Trade,Hairdressers,B2B,National,Print + Digital,High,,https://www.esteticamagazine.com,VERIFIED
UK,HJ (Hairdressers Journal),Monthly mag,Hair,Monthly,Mark Allen,MA,MA Commercial,,,UK,B2B – Beauty Trade,Hairdressers,B2B,National,Print + Digital,High,,https://www.hji.co.uk,VERIFIED
UK,Creative HEAD,Monthly mag,Hair,Monthly,Alfero,Alfero,Alfero Commercial,,,UK,B2B – Beauty Trade,Hairdressers,B2B,National,Print + Digital,High,,https://www.creativeheadmag.com,VERIFIED
UK,Travel Weekly,Weekly mag,Travel trade,Weekly,Jacobs Media,Jacobs,Jacobs Commercial,,,UK,B2B – Travel Trade,Travel trade pros,B2B,National,Print + Digital,High,,https://www.travelweekly.co.uk,VERIFIED
UK,Travel Trade Gazette (TTG),Weekly mag,Travel trade,Weekly,UBM,UBM,UBM Commercial,,,UK,B2B – Travel Trade,Travel trade pros,B2B,National,Print + Digital,High,,https://www.ttgmedia.com,VERIFIED
UK,Aspire,Monthly mag,Travel trade,Monthly,TTG Media,TTG,TTG Commercial,,,UK,B2B – Travel Trade,Travel trade pros,B2B,National,Print + Digital,High,,https://www.ttgmedia.com,VERIFIED
UK,Business Travel News Europe,Monthly mag,Business travel,Monthly,Northstar,Northstar,Northstar Commercial,,,UK,B2B – Travel Trade,Business travel pros,B2B,National,Print + Digital,High,,https://www.businesstravelnewseurope.com,LIKELY_OK
UK,PoliticsHome,Digital,Politics,Digital,Total Politics,TP,Direct from publisher,,,UK,Politics & Current Affairs,General consumer,B2C,National,Digital,High,digital-only,https://www.politicshome.com,VERIFIED
UK,The House Magazine,Monthly mag,Politics,Monthly,Total Politics,TP,Direct from publisher,Parliament magazine,,UK,Politics & Current Affairs,General consumer,B2C,National,Print + Digital,High,,https://www.politicshome.com,VERIFIED
UK,Politics First,Monthly mag,Politics,Monthly,Selvstendig,PF,Direct from publisher,,,UK,Politics & Current Affairs,General consumer,B2C,National,Print + Digital,High,,https://www.parliamenttoday.com,LIKELY_OK
UK,Music Week,Weekly mag,Music industry,Weekly,Future plc,Future,Future Commercial,,,UK,B2B – Music Industry,Music industry,B2B,National,Print + Digital,High,,https://www.musicweek.com,VERIFIED
UK,Music Business Worldwide,Digital,Music industry,Digital,Selvstendig,MBW,Direct from publisher,,,UK,B2B – Music Industry,Music industry,B2B,National,Digital,High,digital-only,https://www.musicbusinessworldwide.com,VERIFIED
UK,Audio Media,Monthly mag,Audio/recording,Monthly,Future plc,Future,Future Commercial,,,UK,B2B – Music Industry,Audio industry pros,B2B,National,Print + Digital,High,,https://www.audiomedia.com,VERIFIED
UK,Premier Christianity,Monthly mag,Religion,Monthly,Premier,Premier,Premier Commercial,,,UK,Religion,Religious (Christian),B2B,National,Print + Digital,Medium,,https://www.premierchristianity.com,UNVERIFIED
UK,Evangelical Times,Monthly mag,Religion,Monthly,ET,ET,Direct from publisher,,,UK,Religion,Religious (Christian),B2B,National,Print + Digital,Medium,,https://www.evangelical-times.org,VERIFIED
UK,Christianity Today UK,Monthly mag,Religion,Monthly,Christianity Today,CT,Direct from publisher,,,UK,Religion,Religious (Christian),B2B,National,Print + Digital,Medium,,https://www.christianitytoday.com,VERIFIED
UK,Times Literary Supplement (TLS),Weekly mag,Books,Weekly,News Corp,News UK,News UK Commercial,,,UK,Literature & Books,General consumer,B2C,National,Print + Digital,High,,https://www.the-tls.co.uk,LIKELY_OK
UK,London Review of Books,Fortnightly mag,Books,Fortnightly,London Review of Books,LRB,Direct from publisher,,,UK,Literature & Books,General consumer,B2C,National,Print + Digital,High,,https://www.lrb.co.uk,VERIFIED
UK,The Bookseller,Weekly mag,Books/publishing,Weekly,Bookseller Media,Bookseller,Bookseller Commercial,Book trade weekly,8000,UK,B2B – Publishing,Book trade,B2B,National,Print + Digital,High,circulation-reported,https://www.thebookseller.com,VERIFIED
UK,Research Fortnight,Fortnightly mag,Research,Fortnightly,Research Professional,RP,RP Commercial,,,UK,Science,Research community,B2B,National,Print + Digital,High,,https://www.researchprofessional.com,VERIFIED
UK,Research Professional,Digital,Research,Digital,Ex Libris,RP,RP Commercial,,,UK,Science,Research community,B2B,National,Digital,High,digital-only,https://www.researchprofessional.com,VERIFIED
UK,Sports Insight,Monthly mag,Sports retail,Monthly,Selvstendig,SI,Direct from publisher,,,UK,B2B – Retail,Sports retail,B2B,National,Print + Digital,High,,https://www.sports-insight.co.uk,VERIFIED
UK,Sportswear International,Monthly mag,Sports,Monthly,Selvstendig,SWI,Direct from publisher,,,UK,B2B – Retail,Sports retail,B2B,International,Print + Digital,High,,https://www.fashionunited.com,LIKELY_OK
UK,Strategic Risk,Monthly mag,Risk,Monthly,Newsquest,Newsquest,Newsquest Commercial,,,UK,B2B – Finance & Insurance,Risk management pros,B2B,National,Print + Digital,High,,https://www.strategic-risk-global.com,UNVERIFIED
UK,StrategicRISK,Monthly mag,Risk management,Monthly,Newsquest,Newsquest,Newsquest Commercial,Duplicate,,UK,B2B – Finance & Insurance,Risk management pros,B2B,National,Print + Digital,High,,https://www.strategic-risk-global.com,UNVERIFIED
UK,Risk Management,Monthly mag,Risk,Monthly,Incisive,Incisive,Incisive Commercial,,,UK,B2B – Finance & Insurance,Risk management pros,B2B,National,Print + Digital,High,,https://www.continuitycentral.com,LIKELY_OK
IE,Irish Times,Daily,National quality,Daily (Mon-Sat),Irish Times Trust,The Irish Times DAC,Irish Times Advertising,"Dublin, paper of record. Liberal/centre. Largest paid digital subs",58000,IE,News (National Quality),Affluent 35+ (luxury),B2C,National,Print + Digital,High,"circulation-reported, high-circulation, liberal",https://www.irishtimes.com,VERIFIED
IE,Irish Independent,Daily,National quality,Daily (Mon-Sat),Mediahuis Ireland,Independent News & Media,Mediahuis Ireland Advertising,"Dublin, largest paid daily by circulation",65000,IE,News (National Quality),General consumer,B2C,National,Print + Digital,High,"circulation-reported, high-circulation, centre-right",https://www.independent.ie,LIKELY_OK
IE,Irish Examiner,Daily,National quality,Daily (Mon-Sat),Iconic Newspapers,Landmark Media Investments,Iconic Media Sales,"Cork-headquartered, national reach. Strong in Munster",21000,IE,News (National Quality),General consumer,B2C,National,Print + Digital,High,"circulation-reported, centre-left",https://www.irishexaminer.com,VERIFIED
IE,Irish Daily Mail,Daily,National mid-market,Daily (Mon-Sat),DMG Media Ireland,Associated Newspapers Ireland,DMG Media Ireland Advertising,"Dublin, Irish edition of Daily Mail launched 2006",25000,IE,News (National Mid-market),Mass market consumer,B2C,National,Print + Digital,Medium,"circulation-reported, centre-right",https://www.dailymail.co.uk/news/ireland,LIKELY_OK
IE,Irish Daily Star,Daily,National tabloid,Daily (Mon-Sat),Reach Ireland,Independent Star Ltd (JV Reach + INM 50/50 historically),Reach Ireland Advertising,"Tabloid, sport-heavy",35000,IE,News (National Tabloid),Mass market consumer,B2C,National,Print + Digital,Medium,"circulation-reported, tabloid",https://www.thestar.ie,LIKELY_OK
IE,Irish Daily Mirror,Daily,National tabloid,Daily (Mon-Sat),Reach Ireland,MGN Ltd Ireland,Reach Ireland Advertising,Irish edition of Daily Mirror,20000,IE,News (National Tabloid),Mass market consumer,B2C,National,Print + Digital,Medium,"circulation-reported, tabloid, Labour-leaning",https://www.irishmirror.ie,LIKELY_OK
IE,Irish Sun,Daily,National tabloid,Daily (Mon-Sat),News Ireland,News Group Newspapers Ireland,News Ireland Advertising,Irish edition of The Sun,40000,IE,News (National Tabloid),Mass market consumer,B2C,National,Print + Digital,High,"circulation-reported, tabloid, conservative",https://www.thesun.ie,LIKELY_OK
IE,The Herald,Daily,Dublin metro,Daily (Mon-Fri),Mediahuis Ireland,Independent News & Media,Mediahuis Ireland Advertising,Dublin evening tabloid (formerly Evening Herald),15000,IE,News (Regional),Dublin commuters,B2C,Regional,Print + Digital,Medium,"circulation-reported, evening-paper, tabloid",https://www.herald.ie,LIKELY_OK
IE,Sunday Independent,Sunday,National quality,Sunday,Mediahuis Ireland,Independent News & Media,Mediahuis Ireland Advertising,"Dublin, largest Sunday paper in Ireland",130000,IE,News (National Quality),Affluent 35+ (luxury),B2C,National,Print + Digital,High,"circulation-reported, high-circulation, Sunday-edition, centre-right",https://www.independent.ie,LIKELY_OK
IE,Sunday World,Sunday,National tabloid,Sunday,Mediahuis Ireland,Sunday World Newspaper,Mediahuis Ireland Advertising,"Tabloid, crime journalism focus",110000,IE,News (National Tabloid),Mass market consumer,B2C,National,Print + Digital,Medium,"circulation-reported, high-circulation, Sunday-edition, tabloid",https://www.sundayworld.com,LIKELY_OK
IE,Irish Sunday Times,Sunday,National quality,Sunday,News Ireland,News Group Newspapers Ireland,News Ireland Advertising,Irish edition of Sunday Times,56000,IE,News (National Quality),Affluent 35+ (luxury),B2C,National,Print + Digital,High,"circulation-reported, Sunday-edition, conservative",https://www.thetimes.co.uk,LIKELY_OK
IE,Sunday Business Post,Sunday,Business/quality,Sunday,Business Post Group,Business Post DAC,Business Post Advertising,"Business/political weekly, owned by Iconic Media Group since 2018",20000,IE,Business & Finance,Business decision-makers,B2C,National,Print + Digital,High,"circulation-reported, Sunday-edition, centre-right",https://www.businesspost.ie,LIKELY_OK
IE,Irish Mail on Sunday,Sunday,National mid-market,Sunday,DMG Media Ireland,Associated Newspapers Ireland,DMG Media Ireland Advertising,Sunday edition of Daily Mail (Ireland),60000,IE,News (National Mid-market),Mass market consumer,B2C,National,Print + Digital,Medium,"circulation-reported, Sunday-edition, centre-right",https://www.dailymail.co.uk/news/ireland,LIKELY_OK
IE,Irish Sunday Mirror,Sunday,National tabloid,Sunday,Reach Ireland,MGN Ireland,Reach Ireland Advertising,Tabloid,25000,IE,News (National Tabloid),Mass market consumer,B2C,National,Print + Digital,Medium,"circulation-reported, Sunday-edition, tabloid",https://www.irishmirror.ie,LIKELY_OK
IE,Irish Sun on Sunday,Sunday,National tabloid,Sunday,News Ireland,News Group Newspapers Ireland,News Ireland Advertising,Sunday edition of Irish Sun,30000,IE,News (National Tabloid),Mass market consumer,B2C,National,Print + Digital,Medium,"circulation-reported, Sunday-edition, tabloid",https://www.thesun.ie,LIKELY_OK
IE,Business Post,Weekly mag,Business,Weekly,Business Post Group,Business Post DAC,Business Post Advertising,Business news (rebranded from Sunday Business Post 2020),,IE,Business & Finance,Business decision-makers,B2C,National,Print + Digital,High,centre-right,https://www.businesspost.ie,LIKELY_OK
IE,The Currency,Digital,Business,Daily (digital),Selvstendig,The Currency Ltd,The Currency Advertising,"Subscription business journalism, founded by Tom Lyons",,IE,Business & Finance,Business decision-makers,B2C,National,Digital,High,"digital-only, investigative",https://www.thecurrency.news,VERIFIED
IE,Business Plus,Monthly mag,Business,Monthly,Selvstendig,Business Plus Magazine,Business Plus Advertising,Business monthly,,IE,Business & Finance,Business decision-makers,B2C,National,Print + Digital,Medium,,https://businessplus.ie,LIKELY_OK
IE,TheJournal.ie,Digital,News (digital),Daily (digital),Journal Media,Journal Media Ltd,Journal Media Advertising,"Largest Irish online news, 2.4M monthly users",,IE,News (General),Younger digital news consumers,B2C,National,Digital,High,"digital-only, high-circulation",https://www.thejournal.ie,VERIFIED
IE,JOE.ie,Digital,News/entertainment,Daily (digital),Journal Media,Journal Media Ltd,Journal Media Advertising,"Men's lifestyle and news, acquired by Journal Media 2017",,IE,Men's Lifestyle,Irish men 18-34,B2C,National,Digital,High,digital-only,https://www.joe.ie,LIKELY_OK
IE,The42,Digital,Sports,Daily (digital),Journal Media,Journal Media Ltd,Journal Media Advertising,"Sports digital, Journal Media",,IE,Sports,Sports enthusiasts,B2C,National,Digital,High,digital-only,https://www.the42.ie,VERIFIED
IE,Her.ie,Digital,Women's lifestyle,Daily (digital),DMG Media Ireland,DMG Media Ireland,DMG Media Ireland Advertising,Women's lifestyle digital,,IE,Women's Lifestyle,Irish women 18-34,B2C,National,Digital,High,digital-only,https://www.her.ie,VERIFIED
IE,EVOKE.ie,Digital,Women's lifestyle,Daily (digital),DMG Media Ireland,DMG Media Ireland,DMG Media Ireland Advertising,"Women's lifestyle & celebrity, formerly VIP digital",,IE,Celebrity & Gossip,Irish women 25-49,B2C,National,Digital,High,digital-only,https://evoke.ie,LIKELY_OK
IE,Extra.ie,Digital,News/entertainment,Daily (digital),DMG Media Ireland,DMG Media Ireland,DMG Media Ireland Advertising,General news digital,,IE,News (General),Younger digital news consumers,B2C,National,Digital,High,digital-only,https://extra.ie,LIKELY_OK
IE,Broadsheet.ie,Digital,News/satire,Daily (digital),Selvstendig,Broadsheet Publishing,Selvstendig,Independent news/satire site,,IE,Politics & Current Affairs,Politically engaged adults,B2C,National,Digital,Medium,"digital-only, satirical",https://www.broadsheet.ie,VERIFIED
IE,Gript Media,Digital,Politics (right),Daily (digital),Selvstendig,Gript Media,Selvstendig,Conservative news digital,,IE,Politics & Current Affairs,Politically engaged adults,B2C,National,Digital,Medium,"digital-only, conservative",https://gript.ie,VERIFIED
IE,The Ditch,Digital,Investigative,Daily (digital),Selvstendig,The Ditch,Selvstendig,"Investigative journalism, founded 2021",,IE,Politics & Current Affairs,Politically engaged adults,B2C,National,Digital,Medium,"digital-only, investigative",https://www.ontheditch.com,UNVERIFIED
IE,Limerick Leader,Daily,Regional,Daily,Iconic Newspapers,Iconic Newspapers,Iconic Media Sales,Limerick city/county,,IE,News (Regional),Regional consumer,B2C,Regional,Print + Digital,Medium,circulation-reported,https://www.limerickleader.ie,VERIFIED
IE,Leitrim Observer,Weekly,Regional,Weekly,Iconic Newspapers,Iconic Newspapers,Iconic Media Sales,Leitrim county,,IE,News (Regional),Regional consumer,B2C,Regional,Print + Digital,Medium,,https://www.leitrimobserver.ie,LIKELY_OK
IE,Longford Leader,Weekly,Regional,Weekly,Iconic Newspapers,Iconic Newspapers,Iconic Media Sales,Longford county,,IE,News (Regional),Regional consumer,B2C,Regional,Print + Digital,Medium,,https://www.longfordleader.ie,LIKELY_OK
IE,Donegal Democrat,Weekly,Regional,Weekly,Iconic Newspapers,Iconic Newspapers,Iconic Media Sales,Donegal county,,IE,News (Regional),Regional consumer,B2C,Regional,Print + Digital,Medium,,https://www.donegaldemocrat.ie,LIKELY_OK
IE,Donegal People's Press,Weekly,Regional,Weekly,Iconic Newspapers,Iconic Newspapers,Iconic Media Sales,Donegal county,,IE,News (Regional),Regional consumer,B2C,Regional,Print + Digital,Medium,,https://www.donegaldemocrat.ie,LIKELY_OK
IE,Kilkenny People,Weekly,Regional,Weekly,Iconic Newspapers,Iconic Newspapers,Iconic Media Sales,Kilkenny county,,IE,News (Regional),Regional consumer,B2C,Regional,Print + Digital,Medium,,https://www.kilkennypeople.ie,LIKELY_OK
IE,Munster Express,Weekly,Regional,Weekly,Iconic Newspapers,Iconic Newspapers,Iconic Media Sales,Waterford-area regional,,IE,News (Regional),Regional consumer,B2C,Regional,Print + Digital,Medium,,https://www.munster-express.ie,VERIFIED
IE,Nationalist (Carlow),Weekly,Regional,Weekly,Iconic Newspapers,Iconic Newspapers,Iconic Media Sales,Carlow county,,IE,News (Regional),Regional consumer,B2C,Regional,Print + Digital,Medium,,https://www.carlow-nationalist.ie,VERIFIED
IE,Nenagh Guardian,Weekly,Regional,Weekly,Iconic Newspapers,Iconic Newspapers,Iconic Media Sales,Tipperary county,,IE,News (Regional),Regional consumer,B2C,Regional,Print + Digital,Medium,,https://www.nenaghguardian.ie,VERIFIED
IE,Offaly Express,Weekly,Regional,Weekly,Iconic Newspapers,Iconic Newspapers,Iconic Media Sales,Offaly county,,IE,News (Regional),Regional consumer,B2C,Regional,Print + Digital,Medium,,https://www.offalyexpress.ie,LIKELY_OK
IE,Sligo Weekender,Weekly,Regional,Weekly,Iconic Newspapers,Iconic Newspapers,Iconic Media Sales,Sligo county,,IE,News (Regional),Regional consumer,B2C,Regional,Print + Digital,Medium,,https://www.sligoweekender.ie,VERIFIED
IE,Sligo Champion,Weekly,Regional,Weekly,Mediahuis Ireland,Independent News & Media,Mediahuis Ireland Advertising,Sligo county - Mediahuis owned,,IE,News (Regional),Regional consumer,B2C,Regional,Print + Digital,Medium,,https://www.independent.ie/regionals/sligochampion,LIKELY_OK
IE,Tipperary Star,Weekly,Regional,Weekly,Iconic Newspapers,Iconic Newspapers,Iconic Media Sales,Tipperary county,,IE,News (Regional),Regional consumer,B2C,Regional,Print + Digital,Medium,,https://www.tipperarystar.ie,LIKELY_OK
IE,Waterford News & Star,Weekly,Regional,Weekly,Iconic Newspapers,Iconic Newspapers,Iconic Media Sales,Waterford county,,IE,News (Regional),Regional consumer,B2C,Regional,Print + Digital,Medium,,https://www.waterford-news.ie,VERIFIED
IE,Westmeath Examiner,Weekly,Regional,Weekly,Iconic Newspapers,Iconic Newspapers,Iconic Media Sales,Westmeath county,,IE,News (Regional),Regional consumer,B2C,Regional,Print + Digital,Medium,,https://www.westmeathexaminer.ie,VERIFIED
IE,Westmeath Independent,Weekly,Regional,Weekly,Iconic Newspapers,Iconic Newspapers,Iconic Media Sales,Westmeath county,,IE,News (Regional),Regional consumer,B2C,Regional,Print + Digital,Medium,,https://www.westmeathindependent.ie,VERIFIED
IE,Wexford People,Weekly,Regional,Weekly,Mediahuis Ireland,Independent News & Media,Mediahuis Ireland Advertising,Wexford county - Mediahuis owned,,IE,News (Regional),Regional consumer,B2C,Regional,Print + Digital,Medium,,https://www.independent.ie/regionals/wexfordpeople,LIKELY_OK
IE,Wicklow People,Weekly,Regional,Weekly,Mediahuis Ireland,Independent News & Media,Mediahuis Ireland Advertising,Wicklow county - Mediahuis owned,,IE,News (Regional),Regional consumer,B2C,Regional,Print + Digital,Medium,,https://www.independent.ie/regionals/wicklowpeople,LIKELY_OK
IE,Drogheda Independent,Weekly,Regional,Weekly,Mediahuis Ireland,Independent News & Media,Mediahuis Ireland Advertising,Louth county,,IE,News (Regional),Regional consumer,B2C,Regional,Print + Digital,Medium,,https://www.independent.ie/regionals/droghedaindependent,LIKELY_OK
IE,Wicklow Times,Weekly,Regional,Weekly,Selvstendig,The Local Paper Ltd,Selvstendig,Wicklow east coast,,IE,News (Regional),Regional consumer,B2C,Regional,Print + Digital,Medium,,https://www.wicklowtimes.net,LIKELY_OK
IE,Connacht Tribune,Weekly,Regional,Weekly,Selvstendig,Connacht Tribune Group,Connacht Tribune Advertising,"Galway-area, independent regional group",,IE,News (Regional),Regional consumer,B2C,Regional,Print + Digital,Medium,circulation-reported,https://connachttribune.ie,LIKELY_OK
IE,Galway Advertiser,Weekly,Regional (free),Weekly,Selvstendig,Galway Advertiser,Galway Advertiser Sales,"Galway free weekly, ~50k circulation",50000,IE,News (Regional),Regional consumer,B2C,Regional,Print + Digital,Medium,"circulation-reported, free-distribution",https://advertiser.ie/galway,VERIFIED
IE,Galway Independent,Weekly,Regional,Weekly,Selvstendig,Galway Independent,Selvstendig,Galway weekly,,IE,News (Regional),Regional consumer,B2C,Regional,Print + Digital,Medium,,https://www.independent.ie/regionals/galwayindependent,LIKELY_OK
IE,Mayo Advertiser,Weekly,Regional (free),Weekly,Selvstendig,Mayo Advertiser,Selvstendig,Mayo county free weekly,,IE,News (Regional),Regional consumer,B2C,Regional,Print + Digital,Medium,free-distribution,https://advertiser.ie/mayo,VERIFIED
IE,Mayo News,Weekly,Regional,Weekly,Selvstendig,The Mayo News,Selvstendig,Westport-based regional,,IE,News (Regional),Regional consumer,B2C,Regional,Print + Digital,Medium,,https://www.mayonews.ie,LIKELY_OK
IE,Western People,Weekly,Regional,Weekly,Iconic Newspapers,Iconic Newspapers,Iconic Media Sales,Mayo-based regional,,IE,News (Regional),Regional consumer,B2C,Regional,Print + Digital,Medium,,https://www.westernpeople.ie,VERIFIED
IE,Roscommon Herald,Weekly,Regional,Weekly,Mediahuis Ireland,Independent News & Media,Mediahuis Ireland Advertising,Roscommon county,,IE,News (Regional),Regional consumer,B2C,Regional,Print + Digital,Medium,,https://www.roscommonherald.ie,VERIFIED
IE,Anglo-Celt,Weekly,Regional,Weekly,Celtic Media Group,Celtic Media Group,Celtic Media Advertising,Cavan county,,IE,News (Regional),Regional consumer,B2C,Regional,Print + Digital,Medium,historic,https://www.anglocelt.ie,VERIFIED
IE,Meath Chronicle,Weekly,Regional,Weekly,Celtic Media Group,Celtic Media Group,Celtic Media Advertising,Meath county,,IE,News (Regional),Regional consumer,B2C,Regional,Print + Digital,Medium,,https://www.meathchronicle.ie,LIKELY_OK
IE,Athlone Topic,Weekly,Regional,Weekly,Celtic Media Group,Celtic Media Group,Celtic Media Advertising,Athlone area,,IE,News (Regional),Regional consumer,B2C,Regional,Print + Digital,Medium,,https://www.topic.ie,VERIFIED
IE,Connaught Telegraph,Weekly,Regional,Weekly,Celtic Media Group,Celtic Media Group,Celtic Media Advertising,Mayo-area,,IE,News (Regional),Regional consumer,B2C,Regional,Print + Digital,Medium,,https://www.con-telegraph.ie,VERIFIED
IE,Westmeath Topic,Weekly,Regional,Weekly,Celtic Media Group,Celtic Media Group,Celtic Media Advertising,Westmeath county,,IE,News (Regional),Regional consumer,B2C,Regional,Print + Digital,Medium,,https://www.topic.ie,VERIFIED
IE,Echo (Cork),Daily,Regional,Daily,Iconic Newspapers,Iconic Newspapers,Iconic Media Sales,Cork city evening paper,,IE,News (Regional),Regional consumer,B2C,Regional,Print + Digital,Medium,evening-paper,https://www.echolive.ie,VERIFIED
IE,Corkman,Weekly,Regional,Weekly,Mediahuis Ireland,Independent News & Media,Mediahuis Ireland Advertising,Cork county (Mediahuis),,IE,News (Regional),Regional consumer,B2C,Regional,Print + Digital,Medium,,https://www.independent.ie/regionals/corkman,LIKELY_OK
IE,Southern Star,Weekly,Regional,Weekly,Selvstendig,The Southern Star,Selvstendig,West Cork weekly,,IE,News (Regional),Regional consumer,B2C,Regional,Print + Digital,Medium,,https://www.southernstar.ie,VERIFIED
IE,Avondhu Press,Weekly,Regional,Weekly,Selvstendig,Avondhu Publications,Selvstendig,North Cork area,,IE,News (Regional),Regional consumer,B2C,Regional,Print + Digital,Medium,,https://avondhupress.ie,VERIFIED
IE,Kerryman,Weekly,Regional,Weekly,Mediahuis Ireland,Independent News & Media,Mediahuis Ireland Advertising,Kerry county (Mediahuis),,IE,News (Regional),Regional consumer,B2C,Regional,Print + Digital,Medium,,https://www.independent.ie/regionals/kerryman,LIKELY_OK
IE,Kerry's Eye,Weekly,Regional,Weekly,Selvstendig,Kerry's Eye Ltd,Selvstendig,Tralee-based Kerry weekly,,IE,News (Regional),Regional consumer,B2C,Regional,Print + Digital,Medium,,https://kerryseye.com,VERIFIED
IE,Clare Champion,Weekly,Regional,Weekly,Selvstendig,The Clare Champion,Selvstendig,Clare county,,IE,News (Regional),Regional consumer,B2C,Regional,Print + Digital,Medium,,https://clarechampion.ie,VERIFIED
IE,Limerick Chronicle,Weekly,Regional,Weekly,Iconic Newspapers,Iconic Newspapers,Iconic Media Sales,Limerick city weekly,,IE,News (Regional),Regional consumer,B2C,Regional,Print + Digital,Medium,historic,https://www.limerickleader.ie,VERIFIED
IE,Limerick Post,Weekly,Regional (free),Weekly,Selvstendig,Limerick Post,Selvstendig,Limerick free weekly,,IE,News (Regional),Regional consumer,B2C,Regional,Print + Digital,Medium,free-distribution,https://www.limerickpost.ie,VERIFIED
IE,Dublin People,Weekly,Regional (free),Weekly,Selvstendig,Dublin People Group,Selvstendig,Dublin free weekly group,,IE,News (Regional),Regional consumer,B2C,Regional,Print + Digital,Medium,free-distribution,https://www.dublinpeople.com,VERIFIED
IE,Dublin Gazette,Weekly,Regional (free),Weekly,Selvstendig,Dublin Gazette Newspapers,Selvstendig,Dublin free weekly,,IE,News (Regional),Regional consumer,B2C,Regional,Print + Digital,Medium,free-distribution,https://dublingazette.com,UNVERIFIED
IE,Argus (Dundalk),Weekly,Regional,Weekly,Mediahuis Ireland,Independent News & Media,Mediahuis Ireland Advertising,Dundalk/Louth,,IE,News (Regional),Regional consumer,B2C,Regional,Print + Digital,Medium,,https://www.independent.ie/regionals/argus,LIKELY_OK
IE,Dundalk Democrat,Weekly,Regional,Weekly,Iconic Newspapers,Iconic Newspapers,Iconic Media Sales,Dundalk/Louth,,IE,News (Regional),Regional consumer,B2C,Regional,Print + Digital,Medium,,https://www.dundalkdemocrat.ie,LIKELY_OK
IE,Leinster Express,Weekly,Regional,Weekly,Iconic Newspapers,Iconic Newspapers,Iconic Media Sales,Laois/Offaly,,IE,News (Regional),Regional consumer,B2C,Regional,Print + Digital,Medium,,https://www.leinsterexpress.ie,LIKELY_OK
IE,Leinster Leader,Weekly,Regional,Weekly,Iconic Newspapers,Iconic Newspapers,Iconic Media Sales,Kildare/Wicklow,,IE,News (Regional),Regional consumer,B2C,Regional,Print + Digital,Medium,,https://www.leinsterleader.ie,LIKELY_OK
IE,Liffey Champion,Weekly,Regional,Weekly,Selvstendig,Liffey Champion,Selvstendig,Kildare,,IE,News (Regional),Regional consumer,B2C,Regional,Print + Digital,Medium,,https://www.kildare-nationalist.ie,UNVERIFIED
IE,Wicklow Voice,Weekly,Regional,Weekly,Selvstendig,Wicklow Voice,Selvstendig,Wicklow,,IE,News (Regional),Regional consumer,B2C,Regional,Print + Digital,Medium,,https://www.wicklownews.net,UNVERIFIED
IE,VIP Magazine,Monthly mag,Celebrity,Monthly,DMG Media Ireland,DMG Media Ireland,DMG Media Ireland Advertising,"Celebrity, royal, lifestyle",25000,IE,Celebrity & Gossip,Irish women 25-49,B2C,National,Print + Digital,High,circulation-reported,https://vipmagazine.ie,VERIFIED
IE,RSVP,Monthly mag,Women's lifestyle,Monthly,Reach Ireland,Reach Ireland,Reach Ireland Advertising,"Women's lifestyle, celebrity",28000,IE,Women's Lifestyle,Irish women 25-54,B2C,National,Print + Digital,High,circulation-reported,https://www.rsvplive.ie,LIKELY_OK
IE,Image Magazine,Monthly mag,Women's lifestyle,Quarterly,Image Media,Image Media Group,Image Media Advertising,Premium fashion/lifestyle,,IE,Fashion,Affluent Irish women,B2C,National,Print + Digital,High,,https://www.image.ie,VERIFIED
IE,Irish Tatler,Monthly mag,Women's lifestyle,Monthly,Business & Finance Media Group,Business & Finance Media Group,BFMG Advertising,Society/luxury women's magazine,,IE,Fashion,Affluent Irish women,B2C,National,Print + Digital,High,,https://tatler.ie,UNVERIFIED
IE,U Magazine,Monthly mag,Women's lifestyle,Monthly,DMG Media Ireland,DMG Media Ireland,DMG Media Ireland Advertising,Younger women's lifestyle,,IE,Women's Lifestyle,Irish women 18-30,B2C,National,Print + Digital,High,,http://www.u.ie/,VERIFIED
IE,Stellar,Monthly mag,Women's lifestyle,Monthly,Selvstendig,Stellar Magazine,Stellar Advertising,Younger women's lifestyle,,IE,Women's Lifestyle,Irish women 18-34,B2C,National,Print + Digital,High,,https://stellar.ie,VERIFIED
IE,Hot Press,Fortnightly,Music/culture,Fortnightly,Selvstendig,Hot Press Magazine,Hot Press Advertising,"Music, politics, culture - founded 1977",,IE,Music,Music fans 18-45,B2C,National,Print + Digital,High,"historic, liberal",https://www.hotpress.com,VERIFIED
IE,Easy Food,Monthly mag,Food,Monthly,Selvstendig,Zahra Media Group,Zahra Media Advertising,Food and recipes,,IE,Food & Drink,Foodies,B2C,National,Print + Digital,High,,https://easyfood.ie,VERIFIED
IE,Easy Parenting,Monthly mag,Parenting,Monthly,Selvstendig,Zahra Media Group,Zahra Media Advertising,Parenting magazine,,IE,Family & Parenting,Parents,B2C,National,Print + Digital,Medium,,https://www.everymum.ie,UNVERIFIED
IE,Easy Health,Monthly mag,Health,Monthly,Selvstendig,Zahra Media Group,Zahra Media Advertising,Consumer health,,IE,Health & Fitness,Health-conscious consumers,B2C,National,Print + Digital,Medium,,https://www.easyhealth.com,UNVERIFIED
IE,Woman's Way,Weekly mag,Women's lifestyle,Weekly,Norah Casey,Harmonia (Norah Casey),Harmonia Advertising,"Women's weekly, since 1963",,IE,Women's Lifestyle,Irish women 35+,B2C,National,Print + Digital,Medium,historic,https://www.womansway.ie,VERIFIED
IE,Senior Times,Monthly mag,Seniors,Monthly,Selvstendig,Senior Times Publishing,Senior Times Advertising,Over-50s lifestyle and travel,,IE,Seniors 55+,Adults 55+,B2C,National,Print + Digital,Medium,,https://www.seniortimes.ie,UNVERIFIED
IE,Ireland's Own,Weekly mag,Nostalgia/Irish culture,Weekly,Selvstendig,Ireland's Own,Selvstendig,"Traditional Irish culture, since 1902",,IE,Arts & Culture,Adults 55+,B2C,National,Print + Digital,Medium,"historic, pre-1900-founded",https://www.irelandsown.ie,LIKELY_OK
IE,Sunday Independent Life Magazine,Sunday mag,Lifestyle supplement,Sunday,Mediahuis Ireland,Independent News & Media,Mediahuis Ireland Advertising,Sunday Independent lifestyle supplement,,IE,Affluent Lifestyle,Affluent Irish readers,B2C,National,Print + Digital,High,Sunday-edition,https://www.independent.ie/life,LIKELY_OK
IE,The Irish Times Weekend,Sunday mag,Lifestyle supplement,Saturday,Irish Times Trust,The Irish Times,Irish Times Advertising,Irish Times Saturday supplement,,IE,Affluent Lifestyle,Affluent Irish readers,B2C,National,Print + Digital,High,,https://www.irishtimes.com/life-and-style,VERIFIED
IE,Irish Country Magazine,Monthly mag,Country lifestyle,Bi-monthly,Selvstendig,Irish Country Magazine,Selvstendig,Country lifestyle,,IE,Outdoor & Adventure,Country lifestyle readers,B2C,National,Print + Digital,Medium,,https://www.irishcountrymagazine.ie,VERIFIED
IE,Wedding Journal Ireland,Quarterly mag,Weddings,Quarterly,Selvstendig,Wedding Journal,Selvstendig,Wedding planning,,IE,Family & Parenting,Brides-to-be,B2C,National,Print + Digital,Medium,,https://www.weddingjournalonline.com,VERIFIED
IE,Confetti Magazine,Bi-annual mag,Weddings,Bi-annual,Selvstendig,Confetti Magazine,Selvstendig,Wedding planning,,IE,Family & Parenting,Brides-to-be,B2C,National,Print + Digital,Medium,,https://weddingsonline.ie,VERIFIED
IE,Off the Ball,Digital,Sports,Daily (digital),News Ireland,News Ireland,News Ireland Advertising,"Sports radio/digital, NewsTalk-owned",,IE,Sports,Sports enthusiasts,B2C,National,Digital,High,digital-only,https://www.offtheball.com,VERIFIED
IE,Balls.ie,Digital,Sports,Daily (digital),Selvstendig,Balls Media Ltd,Selvstendig,Sports/men's lifestyle digital,,IE,Sports,Irish sports fans,B2C,National,Digital,High,digital-only,https://www.balls.ie,VERIFIED
IE,Hogan Stand,Monthly mag,GAA,Weekly,Selvstendig,Hogan Stand,Selvstendig,GAA (Gaelic football/hurling) coverage,,IE,Sports,GAA fans,B2C,National,Print + Digital,Medium,,https://hoganstand.com,VERIFIED
IE,Gaelic Life,Weekly,GAA,Weekly,Selvstendig,Gaelic Life,Selvstendig,Ulster GAA focus,,IE,Sports,GAA fans,B2C,Regional,Print + Digital,Medium,,https://www.gaeliclife.com,VERIFIED
IE,Irish Golfer,Monthly mag,Golf,Monthly,Selvstendig,Irish Golfer Magazine,Selvstendig,Irish golf,,IE,Sports – Golf,Golf enthusiasts,B2C,National,Print + Digital,Medium,,https://irishgolfer.ie,VERIFIED
IE,Irish Runner,Monthly mag,Running,Monthly,Selvstendig,Irish Runner,Selvstendig,Running magazine,,IE,Sports – Running,Running enthusiasts,B2C,National,Print + Digital,Medium,,https://www.irishrunner.ie,LIKELY_OK
IE,Irish Farmers Journal,Weekly,Farming,Weekly,Agricultural Trust,Irish Farmers Journal,Irish Farmers Journal Advertising,"Largest Irish farming title, ~70k circulation",70000,IE,B2B – Agriculture,Farmers,B2B,National,Print + Digital,High,circulation-reported,https://www.farmersjournal.ie,VERIFIED
IE,Irish Country Living,Weekly mag,Country/farming family,Weekly (in IFJ),Agricultural Trust,Irish Farmers Journal,Irish Farmers Journal Advertising,Country/rural lifestyle supplement to IFJ,,IE,Outdoor & Adventure,Farming families,B2C,National,Print + Digital,Medium,,https://www.farmersjournal.ie,VERIFIED
IE,Irish Examiner Farming,Weekly,Farming,Weekly (supplement),Iconic Newspapers,Iconic Newspapers,Iconic Media Sales,Farming supplement,,IE,B2B – Agriculture,Farmers,B2B,National,Print + Digital,Medium,,https://www.irishexaminer.com/farming,VERIFIED
IE,Today's Farm,Bi-monthly,Farming,Bi-monthly,Teagasc,Teagasc,Teagasc Advertising,Teagasc research magazine for farmers,,IE,B2B – Agriculture,Farmers,B2B,National,Print,Medium,,https://www.teagasc.ie,VERIFIED
IE,Irish Independent Farming,Weekly,Farming,Weekly (supplement),Mediahuis Ireland,Independent News & Media,Mediahuis Ireland Advertising,Farming supplement,,IE,B2B – Agriculture,Farmers,B2B,National,Print + Digital,Medium,,https://www.independent.ie/business/farming,LIKELY_OK
IE,Agriland,Digital,Farming,Daily (digital),Selvstendig,Agriland,Selvstendig,"Digital farming news, ~500k monthly visitors",,IE,B2B – Agriculture,Farmers,B2B,National,Digital,High,digital-only,https://www.agriland.ie,LIKELY_OK
IE,Irish Forestry,Annual,Forestry,Annual,Society of Irish Foresters,Society of Irish Foresters,Selvstendig,Forestry research,,IE,B2B – Agriculture,Forestry pros,B2B,National,Print,Low,,https://www.societyofirishforesters.ie,VERIFIED
IE,Irish Construction News,Monthly mag,Construction,Monthly,Selvstendig,Irish Construction News,Selvstendig,Construction industry,,IE,B2B – Construction & Property,Construction & property pros,B2B,National,Print + Digital,High,,https://www.irishconstructionnews.com,LIKELY_OK
IE,Irish Building Magazine,Monthly mag,Construction,Bi-monthly,Selvstendig,Irish Building,Selvstendig,Construction/architecture,,IE,B2B – Construction & Property,Construction pros,B2B,National,Print + Digital,High,,https://irishbuildingmagazine.ie,VERIFIED
IE,Construction Magazine,Monthly mag,Construction,Monthly,Selvstendig,Construction Magazine,Selvstendig,Construction industry,,IE,B2B – Construction & Property,Construction pros,B2B,National,Print + Digital,High,,https://constructionnews.ie,VERIFIED
IE,Architecture Ireland,Bi-monthly,Architecture,Bi-monthly,Royal Institute of the Architects of Ireland,RIAI,Selvstendig,RIAI journal,,IE,B2B – Construction & Property,Architects,B2B,National,Print + Digital,Medium,,https://architectureireland.ie,VERIFIED
IE,Plan Magazine,Monthly mag,Architecture,Monthly,Selvstendig,Plan Magazine,Selvstendig,Architecture and design,,IE,B2B – Construction & Property,Architects,B2B,National,Print + Digital,Medium,,https://plan.ie,UNVERIFIED
IE,Irish Medical Times,Weekly mag,Medical,Weekly,Selvstendig,GreenCross Publishing,GreenCross Advertising,Doctor's weekly,,IE,B2B – Healthcare,Doctors,B2B,National,Print + Digital,High,,https://www.imt.ie,VERIFIED
IE,Irish Medical News,Weekly mag,Medical,Weekly,Selvstendig,IMN,Selvstendig,Medical news,,IE,B2B – Healthcare,Doctors,B2B,National,Print + Digital,Medium,,https://www.imt.ie,LIKELY_OK
IE,Irish Pharmacy News,Monthly mag,Pharmacy,Monthly,Selvstendig,IPN Communications,Selvstendig,Pharmacy trade,,IE,B2B – Healthcare,Pharmacists,B2B,National,Print + Digital,Medium,,https://irishpharmacynews.ie,LIKELY_OK
IE,World of Irish Nursing,Monthly mag,Nursing,Monthly,Irish Nurses and Midwives Organisation,INMO,Selvstendig,INMO members magazine,,IE,B2B – Healthcare,Nurses,B2B,National,Print + Digital,Medium,,https://www.inmo.ie,VERIFIED
IE,Irish Dentist,Monthly mag,Dentistry,Bi-monthly,Selvstendig,Irish Dentist,Selvstendig,Dental industry,,IE,B2B – Healthcare,Dentists,B2B,National,Print + Digital,Medium,,https://www.irishdentist.ie,VERIFIED
IE,Hotel & Catering Review,Monthly mag,Hospitality,Monthly,Selvstendig,Ashville Media,Ashville Media Advertising,Hospitality industry,,IE,B2B – Hospitality,Hospitality pros,B2B,National,Print + Digital,High,,https://www.ashville.com,UNVERIFIED
IE,Hospitality Ireland,Bi-monthly,Hospitality,Bi-monthly,Selvstendig,Ashville Media,Ashville Media Advertising,Hospitality industry,,IE,B2B – Hospitality,Hospitality pros,B2B,National,Print + Digital,Medium,,https://hospitalityireland.com,VERIFIED
IE,Licensing World,Monthly mag,Pubs/licensed trade,Monthly,Selvstendig,Ashville Media,Ashville Media Advertising,Pub trade,,IE,B2B – Hospitality,Pub trade,B2B,National,Print + Digital,Medium,,https://www.licensingworld.ie,VERIFIED
IE,Irish Travel Trade News,Bi-monthly,Travel trade,Bi-monthly,Selvstendig,ITTN,Selvstendig,Travel trade,,IE,B2B – Travel Trade,Travel trade pros,B2B,National,Print + Digital,Medium,,https://www.ittn.ie,VERIFIED
IE,ShelfLife,Monthly mag,Grocery retail,Monthly,Selvstendig,Mediateam Ltd,Mediateam Advertising,Grocery trade,,IE,B2B – Retail,Grocery trade,B2B,National,Print + Digital,Medium,,https://www.shelflife.ie,VERIFIED
IE,Checkout,Monthly mag,Grocery retail,Monthly,Selvstendig,Madison Publications,Madison Advertising,FMCG trade,,IE,B2B – Retail,Grocery trade,B2B,National,Print + Digital,Medium,,https://checkout.ie,VERIFIED
IE,Retail News,Monthly mag,Retail,Monthly,Selvstendig,Retail News,Selvstendig,Retail industry,,IE,B2B – Retail,Retail pros,B2B,National,Print + Digital,Medium,,https://retailnews.ie,VERIFIED
IE,Marketing.ie,Monthly mag,Marketing,Monthly,Selvstendig,Marketing.ie,Selvstendig,Marketing industry,,IE,B2B – Marketing & Media,Marketing & media pros,B2B,National,Print + Digital,High,,https://marketing.ie,VERIFIED
IE,Adworld,Digital,Marketing,Daily (digital),Selvstendig,Adworld.ie,Selvstendig,Marketing/advertising digital,,IE,B2B – Marketing & Media,Marketing pros,B2B,National,Digital,High,digital-only,https://www.adworld.ie,VERIFIED
IE,Silicon Republic,Digital,Tech,Daily (digital),Selvstendig,Silicon Republic Knowledge & Events Management,Silicon Republic Advertising,Tech industry digital,,IE,B2B – IT & Tech,Tech professionals,B2B,National,Digital,High,digital-only,https://www.siliconrepublic.com,VERIFIED
IE,TechCentral.ie,Digital,Tech,Daily (digital),Selvstendig,TechCentral.ie,Selvstendig,IT industry digital,,IE,B2B – IT & Tech,IT professionals,B2B,National,Digital,High,digital-only,https://www.techcentral.ie,VERIFIED
IE,Finance Magazine,Monthly mag,Finance,Monthly,Selvstendig,Finance Magazine,Selvstendig,Finance industry,,IE,B2B – Finance & Insurance,Financial services pros,B2B,National,Print + Digital,Medium,,https://www.finance-magazine.com,VERIFIED
IE,Accountancy Ireland,Bi-monthly,Accountancy,Bi-monthly,Chartered Accountants Ireland,Chartered Accountants Ireland,Selvstendig,Chartered Accountants Ireland members magazine,,IE,B2B – Finance & Insurance,Accountants,B2B,National,Print + Digital,High,,https://www.accountancyireland.ie,VERIFIED
IE,Law Society Gazette Ireland,Monthly mag,Legal,10 issues/year,Law Society of Ireland,Law Society of Ireland,Selvstendig,Law Society of Ireland members magazine,,IE,B2B – Legal,Solicitors,B2B,National,Print + Digital,High,,https://www.lawsociety.ie/gazette,VERIFIED
IE,Bar Review,Quarterly,Legal,Quarterly,Bar of Ireland,Bar of Ireland,Selvstendig,Barristers journal,,IE,B2B – Legal,Barristers,B2B,National,Print,Low,,https://www.lawlibrary.ie,VERIFIED
IE,Irish Law Times,Monthly mag,Legal,Monthly,Selvstendig,Thomson Reuters Ireland,Selvstendig,Legal news/analysis,,IE,B2B – Legal,Legal professionals,B2B,National,Print + Digital,Medium,,https://www.roundhall.ie,VERIFIED
IE,Irish Educational Studies,Quarterly,Education research,Quarterly,Educational Studies Association of Ireland,Taylor & Francis,Selvstendig,Education research,,IE,B2B – Education,Education researchers,B2B,National,Print + Digital,Low,,https://www.tandfonline.com/journals/ries20,LIKELY_OK
IE,Fleet Transport,Monthly mag,Transport,Monthly,Selvstendig,Fleet Transport,Selvstendig,Commercial transport,,IE,B2B – Transport & Logistics,Transport pros,B2B,National,Print + Digital,Medium,,https://fleet.ie,UNVERIFIED
IE,Engineers Journal,Monthly mag,Engineering,Monthly,Engineers Ireland,Engineers Ireland,Selvstendig,Engineers Ireland members magazine,,IE,B2B – Engineering,Engineers,B2B,National,Print + Digital,Medium,,https://www.engineersjournal.ie,LIKELY_OK
IE,Irish Catholic,Weekly,Religion,Weekly,Selvstendig,The Irish Catholic,Selvstendig,Catholic newspaper,,IE,Religion,Religious (Catholic),B2C,National,Print + Digital,Low,,https://www.irishcatholic.com,VERIFIED
IE,Sacred Heart Messenger,Monthly mag,Religion,Monthly,Selvstendig,Irish Jesuits,Selvstendig,"Catholic devotional, since 1888",,IE,Religion,Religious (Catholic),B2C,National,Print,Low,"historic, pre-1900-founded",https://www.messenger.ie,VERIFIED
IE,Reality,Monthly mag,Religion,Monthly,Selvstendig,Redemptorist Communications,Selvstendig,Catholic Redemptorist,,IE,Religion,Religious (Catholic),B2C,National,Print,Low,,https://www.redcoms.org,LIKELY_OK
IE,Village Magazine,Monthly mag,Politics,Monthly,Selvstendig,Village Magazine,Selvstendig,Left-leaning political monthly,,IE,Politics & Current Affairs,Politically engaged adults,B2C,National,Print + Digital,Medium,centre-left,https://villagemagazine.ie,VERIFIED
IE,Phoenix Magazine,Fortnightly,Politics/satire,Fortnightly,Selvstendig,Penfield Enterprises,Selvstendig,"Political satire, since 1983",,IE,Politics & Current Affairs,Politically engaged adults,B2C,National,Print,Medium,satirical,https://www.phoenix-magazine.com,VERIFIED
IE,Look Left,Quarterly,Politics,Quarterly,Workers' Party,Workers' Party,Selvstendig,Workers' Party magazine,,IE,Politics & Current Affairs,Left-wing readers,B2C,National,Print,Low,socialist,https://lookleftonline.org,VERIFIED
IE,Public Sector Magazine,Bi-monthly,Public sector,Bi-monthly,Selvstendig,Public Sector Magazine,Selvstendig,Public sector,,IE,B2B – Public Sector,Public sector workers,B2B,National,Print + Digital,Medium,,https://publicsector.ie,UNVERIFIED
IE,House and Home,Monthly mag,Home/interior,Bi-monthly,Selvstendig,House and Home Magazine,Selvstendig,Irish interiors,,IE,Home & Interior,Home enthusiasts,B2C,National,Print + Digital,Medium,,https://houseandhome.ie,VERIFIED
IE,University Times,Weekly mag,Student press,Weekly,Trinity College Dublin,Trinity College Dublin,Selvstendig,TCD student newspaper,,IE,Education – Student Press,TCD students,B2C,Local,Print + Digital,Medium,student-press,https://universitytimes.ie,VERIFIED
IE,Trinity News,Fortnightly,Student press,Fortnightly,Trinity College Dublin,Trinity College Dublin,Selvstendig,TCD oldest student newspaper,,IE,Education – Student Press,TCD students,B2C,Local,Print + Digital,Medium,"student-press, historic",https://trinitynews.ie,VERIFIED
IE,College Tribune,Fortnightly,Student press,Fortnightly,University College Dublin,UCD,Selvstendig,UCD student newspaper,,IE,Education – Student Press,UCD students,B2C,Local,Print + Digital,Medium,student-press,https://collegetribune.ie,VERIFIED
IE,The University Observer,Fortnightly,Student press,Fortnightly,University College Dublin,UCD,Selvstendig,UCD student newspaper,,IE,Education – Student Press,UCD students,B2C,Local,Print + Digital,Medium,student-press,https://universityobserver.ie,LIKELY_OK
IE,Sin,Fortnightly,Student press,Fortnightly,University of Galway,University of Galway,Selvstendig,Galway student newspaper,,IE,Education – Student Press,University of Galway students,B2C,Local,Print + Digital,Medium,student-press,https://sin.ie,VERIFIED
IE,UCC Express,Fortnightly,Student press,Fortnightly,University College Cork,UCC,Selvstendig,UCC student newspaper,,IE,Education – Student Press,UCC students,B2C,Local,Print + Digital,Medium,student-press,https://www.ucc.ie/en/students,LIKELY_OK
DE,Bild,Daily,National tabloid,Daily (Mon-Sat),Axel Springer SE,Axel Springer SE,Media Impact,"Berlin, biggest German tabloid",1170000,DE,News (National Tabloid),Mass market consumer,B2C,National,Print + Digital,High,"circulation-reported, mass-circulation, tabloid, populist",https://www.bild.de,LIKELY_OK
DE,Bild am Sonntag,Sunday,National tabloid,Sunday,Axel Springer SE,Axel Springer SE,Media Impact,Sunday edition of Bild,805000,DE,News (National Tabloid),Mass market consumer,B2C,National,Print + Digital,High,"circulation-reported, mass-circulation, Sunday-edition, tabloid",https://www.bild.de,LIKELY_OK
DE,Süddeutsche Zeitung,Daily,National quality,Daily (Mon-Sat),Südwestdeutsche Medienholding,Südwestdeutsche Medienholding,SZ Anzeigen Management,"Munich, liberal-left quality",320000,DE,News (National Quality),Affluent 35+ (luxury),B2C,National,Print + Digital,High,"circulation-reported, high-circulation, liberal-left",https://www.sueddeutsche.de,LIKELY_OK
DE,Frankfurter Allgemeine Zeitung,Daily,National quality,Daily (Mon-Sat),FAZIT-Stiftung,FAZIT-Stiftung,FAZ Media Solutions,"Frankfurt, centre-right quality",200000,DE,News (National Quality),Affluent 35+ (luxury),B2C,National,Print + Digital,High,"circulation-reported, high-circulation, liberal-conservative",https://www.faz.net,LIKELY_OK
DE,Frankfurter Allgemeine Sonntagszeitung,Sunday,National quality,Sunday,FAZIT-Stiftung,FAZIT-Stiftung,FAZ Media Solutions,FAZ Sunday edition,270000,DE,News (National Quality),Affluent 35+ (luxury),B2C,National,Print + Digital,High,"circulation-reported, Sunday-edition, liberal-conservative",https://www.faz.net,LIKELY_OK
DE,Die Welt,Daily,National quality,Daily (Mon-Sat),Axel Springer SE,Axel Springer SE,Media Impact,"Berlin, centre-right quality",70000,DE,News (National Quality),Affluent 35+ (luxury),B2C,National,Print + Digital,High,"circulation-reported, centre-right",https://www.welt.de,LIKELY_OK
DE,Welt am Sonntag,Sunday,National quality,Sunday,Axel Springer SE,Axel Springer SE,Media Impact,Welt Sunday edition,281000,DE,News (National Quality),Affluent 35+ (luxury),B2C,National,Print + Digital,High,"circulation-reported, Sunday-edition, centre-right",https://www.welt.de,LIKELY_OK
DE,Handelsblatt,Daily,Business,Daily (Mon-Fri),Dieter von Holtzbrinck Medien,Dieter von Holtzbrinck Medien,Handelsblatt Media Sales,Düsseldorf business daily,105000,DE,Business & Finance,Business decision-makers,B2C,National,Print + Digital,High,"circulation-reported, high-circulation, liberal",https://www.handelsblatt.com,VERIFIED
DE,Tageszeitung (taz),Daily,National quality,Daily (Mon-Sat),taz Verlags-GmbH,taz Verlags-GmbH,taz Anzeigen,Berlin left alternative quality,50000,DE,News (National Quality),Politically engaged adults,B2C,National,Print + Digital,High,"circulation-reported, left-leaning",https://taz.de,VERIFIED
DE,Neues Deutschland,Daily,National left,Daily (Mon-Sat),Selbstständig (Genossenschaft),Selbstständig (Genossenschaft),ND Anzeigen,Post-SED left newspaper,15000,DE,News (National Quality),Left-wing readers,B2C,National,Print + Digital,Medium,"circulation-reported, socialist",https://www.nd-aktuell.de,VERIFIED
DE,Junge Welt,Daily,National far-left,Daily (Mon-Sat),Selbstständig,Selbstständig,JW Anzeigen,Far-left Marxist,23000,DE,News (National Quality),Left-wing readers,B2C,National,Print + Digital,Low,"circulation-reported, socialist",https://www.jungewelt.de,LIKELY_OK
DE,B.Z.,Daily,Berlin tabloid,Daily (Mon-Sat),Axel Springer SE,Axel Springer SE,Media Impact,Berlin tabloid,65000,DE,News (Regional),Berlin mass market,B2C,Regional,Print + Digital,High,"circulation-reported, tabloid",https://www.bz-berlin.de,LIKELY_OK
DE,Tagesspiegel,Daily,Berlin quality,Daily (Mon-Sun),Dieter von Holtzbrinck Medien,Dieter von Holtzbrinck Medien,Tagesspiegel Verlag,Berlin liberal-quality,105000,DE,News (Regional),Berlin affluent,B2C,Regional,Print + Digital,High,"circulation-reported, liberal",https://www.tagesspiegel.de,VERIFIED
DE,Berliner Morgenpost,Daily,Berlin,Daily (Mon-Sun),Funke Mediengruppe,Funke Mediengruppe,Funke Media Sales,Berlin local-quality,80000,DE,News (Regional),Berlin consumer,B2C,Regional,Print + Digital,Medium,"circulation-reported, centre-right",https://www.morgenpost.de,LIKELY_OK
DE,Berliner Zeitung,Daily,Berlin,Daily (Mon-Sun),Berliner Verlag,Berliner Verlag,Berliner Verlag Anzeigen,Berlin East tradition,65000,DE,News (Regional),Berlin consumer,B2C,Regional,Print + Digital,Medium,"circulation-reported, centre-left",https://www.berliner-zeitung.de,VERIFIED
DE,Berliner Kurier,Daily,Berlin tabloid,Daily (Mon-Sun),Berliner Verlag,Berliner Verlag,Berliner Verlag Anzeigen,Berlin tabloid,40000,DE,News (Regional),Berlin mass market,B2C,Regional,Print + Digital,Medium,"circulation-reported, tabloid",https://www.berliner-kurier.de,VERIFIED
DE,Die Zeit,Weekly,Quality weekly,Weekly (Thu),Dieter von Holtzbrinck Medien,Dieter von Holtzbrinck Medien,ZEIT Verlag Anzeigen,Hamburg liberal quality weekly,535000,DE,News (National Quality),Affluent 35+ (luxury),B2C,National,Print + Digital,High,"circulation-reported, mass-circulation, liberal",https://www.zeit.de,LIKELY_OK
DE,Der Spiegel,Weekly mag,News magazine,Weekly (Sat),Spiegel-Verlag,Spiegel-Verlag,Spiegel Verlag Anzeigen,Hamburg leading news weekly,600000,DE,Politics & Current Affairs,Politically engaged adults,B2C,National,Print + Digital,High,"circulation-reported, mass-circulation, liberal, investigative",https://www.spiegel.de,LIKELY_OK
DE,Stern,Weekly mag,News/lifestyle,Weekly (Thu),RTL Deutschland (Bertelsmann),RTL Deutschland (Bertelsmann),Ad Alliance,Hamburg news/lifestyle weekly,350000,DE,Politics & Current Affairs,Mass market consumer,B2C,National,Print + Digital,High,"circulation-reported, high-circulation, liberal",https://www.stern.de,LIKELY_OK
DE,Focus,Weekly mag,News magazine,Weekly (Sat),Hubert Burda Media,Hubert Burda Media,Burda Direct,Munich news magazine,290000,DE,Politics & Current Affairs,Affluent 35+ (luxury),B2C,National,Print + Digital,High,"circulation-reported, high-circulation, centre-right",https://www.focus.de,LIKELY_OK
DE,Focus Money,Weekly mag,Personal finance,Weekly (Wed),Hubert Burda Media,Hubert Burda Media,Burda Direct,Personal finance weekly,100000,DE,Business & Finance,Business decision-makers,B2C,National,Print + Digital,High,"circulation-reported, high-circulation",https://www.focus.de/finanzen/focus-money,LIKELY_OK
DE,WirtschaftsWoche,Weekly mag,Business weekly,Weekly (Fri),Dieter von Holtzbrinck Medien,Dieter von Holtzbrinck Medien,Handelsblatt Media Sales,Düsseldorf business weekly,130000,DE,Business & Finance,Business decision-makers,B2C,National,Print + Digital,High,"circulation-reported, high-circulation",https://www.wiwo.de,VERIFIED
DE,Capital,Monthly mag,Business monthly,Monthly,RTL Deutschland (Bertelsmann),RTL Deutschland (Bertelsmann),Ad Alliance,Hamburg business monthly,75000,DE,Business & Finance,Business decision-makers,B2C,National,Print + Digital,High,circulation-reported,https://www.capital.de,LIKELY_OK
DE,manager magazin,Monthly mag,Business monthly,Monthly,Spiegel-Verlag,Spiegel-Verlag,Spiegel Verlag Anzeigen,Hamburg business/management,70000,DE,Business & Finance,Business decision-makers,B2C,National,Print + Digital,High,circulation-reported,https://www.manager-magazin.de,LIKELY_OK
DE,Brand Eins,Monthly mag,Business/economy,Monthly,Brand Eins Medien AG,Brand Eins Medien AG,Brand Eins Anzeigen,Hamburg business culture monthly,90000,DE,Business & Finance,Business decision-makers,B2C,National,Print + Digital,High,circulation-reported,https://www.brandeins.de,LIKELY_OK
DE,Cicero,Monthly mag,Politics/culture,Monthly,Selbstständig,Selbstständig,Cicero Anzeigen,"Political magazine, centre-right",80000,DE,Politics & Current Affairs,Politically engaged adults,B2C,National,Print + Digital,High,"circulation-reported, centre-right",https://www.cicero.de,VERIFIED
DE,Jungle World,Weekly,Far-left political,Weekly,Selbstständig (Kollektiv),Selbstständig (Kollektiv),Jungle World Anzeigen,Berlin anti-fascist far-left,15000,DE,Politics & Current Affairs,Politically engaged adults,B2C,National,Print + Digital,Low,"circulation-reported, left-leaning",https://jungle.world,VERIFIED
DE,der Freitag,Weekly,Quality weekly,Weekly (Thu),Jakob Augstein,Jakob Augstein,der Freitag Anzeigen,Berlin left-liberal,26000,DE,Politics & Current Affairs,Politically engaged adults,B2C,National,Print + Digital,Medium,"circulation-reported, liberal-left",https://derfreitag.de,VERIFIED
DE,Compact,Monthly mag,Right-wing,Monthly,COMPACT-Magazin GmbH,COMPACT-Magazin GmbH,COMPACT Anzeigen,Right-wing populist,,DE,Politics & Current Affairs,Politically engaged adults,B2C,National,Print,Low,"populist, right-leaning",https://www.compact-online.de,VERIFIED
DE,Junge Freiheit,Weekly,Right-conservative,Weekly (Fri),Junge Freiheit Verlag,Junge Freiheit Verlag,JF Anzeigen,Right-conservative weekly,35000,DE,Politics & Current Affairs,Politically engaged adults,B2C,National,Print + Digital,Low,"circulation-reported, conservative, right-leaning",https://jungefreiheit.de,VERIFIED
DE,Internationale Politik,Bi-monthly,Foreign policy,Bi-monthly,DGAP,DGAP,DGAP Anzeigen,Foreign affairs analysis,,DE,Politics & Current Affairs,Foreign policy community,B2B,National,Print + Digital,Medium,,https://internationalepolitik.de,VERIFIED
DE,Westdeutsche Allgemeine Zeitung (WAZ),Daily,Regional,Daily (Mon-Sat),Funke Mediengruppe,Funke Mediengruppe,Funke Media Sales,"Essen, Ruhr area",410000,DE,News (Regional),Regional consumer,B2C,Regional,Print + Digital,High,"circulation-reported, high-circulation",https://www.waz.de,LIKELY_OK
DE,Neue Ruhr/Rhein Zeitung (NRZ),Daily,Regional,Daily (Mon-Sat),Funke Mediengruppe,Funke Mediengruppe,Funke Media Sales,"Essen, North Rhine",70000,DE,News (Regional),Regional consumer,B2C,Regional,Print + Digital,Medium,circulation-reported,https://www.nrz.de,LIKELY_OK
DE,Westfalenpost (WP),Daily,Regional,Daily (Mon-Sat),Funke Mediengruppe,Funke Mediengruppe,Funke Media Sales,"Hagen, South Westphalia",80000,DE,News (Regional),Regional consumer,B2C,Regional,Print + Digital,Medium,circulation-reported,https://www.wp.de,LIKELY_OK
DE,Hamburger Abendblatt,Daily,Regional,Daily (Mon-Sun),Funke Mediengruppe,Funke Mediengruppe,Funke Media Sales,Hamburg quality regional,150000,DE,News (Regional),Hamburg consumer,B2C,Regional,Print + Digital,High,"circulation-reported, high-circulation",https://www.abendblatt.de,LIKELY_OK
DE,Thüringer Allgemeine,Daily,Regional,Daily (Mon-Sat),Funke Mediengruppe,Funke Mediengruppe,Funke Media Sales,"Erfurt, Thuringia",90000,DE,News (Regional),Regional consumer,B2C,Regional,Print + Digital,Medium,circulation-reported,https://www.thueringer-allgemeine.de,LIKELY_OK
DE,Thüringische Landeszeitung (TLZ),Daily,Regional,Daily (Mon-Sat),Funke Mediengruppe,Funke Mediengruppe,Funke Media Sales,"Weimar, Thuringia",40000,DE,News (Regional),Regional consumer,B2C,Regional,Print + Digital,Medium,circulation-reported,https://www.tlz.de,LIKELY_OK
DE,Ostthüringer Zeitung,Daily,Regional,Daily (Mon-Sat),Funke Mediengruppe,Funke Mediengruppe,Funke Media Sales,"Gera, East Thuringia",50000,DE,News (Regional),Regional consumer,B2C,Regional,Print + Digital,Medium,circulation-reported,https://www.otz.de,LIKELY_OK
DE,Hannoversche Allgemeine Zeitung (HAZ),Daily,Regional,Daily (Mon-Sat),Madsack Mediengruppe,Madsack Mediengruppe,Madsack Verlagsgesellschaft,"Hannover, Lower Saxony",130000,DE,News (Regional),Hannover/Lower Saxony,B2C,Regional,Print + Digital,High,"circulation-reported, high-circulation",https://www.haz.de,LIKELY_OK
DE,Neue Presse (Hannover),Daily,Regional,Daily (Mon-Sat),Madsack Mediengruppe,Madsack Mediengruppe,Madsack Verlagsgesellschaft,Hannover tabloid,40000,DE,News (Regional),Hannover consumer,B2C,Regional,Print + Digital,Medium,"circulation-reported, tabloid",https://www.neuepresse.de,LIKELY_OK
DE,Märkische Allgemeine,Daily,Regional,Daily (Mon-Sat),Madsack Mediengruppe,Madsack Mediengruppe,Madsack Verlagsgesellschaft,"Potsdam, Brandenburg",70000,DE,News (Regional),Brandenburg,B2C,Regional,Print + Digital,Medium,circulation-reported,https://www.maz-online.de,LIKELY_OK
DE,Leipziger Volkszeitung (LVZ),Daily,Regional,Daily (Mon-Sat),Madsack Mediengruppe,Madsack Mediengruppe,Madsack Verlagsgesellschaft,"Leipzig, Saxony",130000,DE,News (Regional),Leipzig consumer,B2C,Regional,Print + Digital,High,"circulation-reported, high-circulation",https://www.lvz.de,LIKELY_OK
DE,Lübecker Nachrichten,Daily,Regional,Daily (Mon-Sat),Madsack Mediengruppe,Madsack Mediengruppe,Madsack Verlagsgesellschaft,Lübeck,70000,DE,News (Regional),Lübeck consumer,B2C,Regional,Print + Digital,Medium,circulation-reported,https://www.ln-online.de,LIKELY_OK
DE,Ostsee-Zeitung,Daily,Regional,Daily (Mon-Sat),Madsack Mediengruppe,Madsack Mediengruppe,Madsack Verlagsgesellschaft,"Rostock, MV",110000,DE,News (Regional),MV consumer,B2C,Regional,Print + Digital,Medium,"circulation-reported, high-circulation",https://www.ostsee-zeitung.de,LIKELY_OK
DE,Kieler Nachrichten,Daily,Regional,Daily (Mon-Sat),Madsack Mediengruppe,Madsack Mediengruppe,Madsack Verlagsgesellschaft,"Kiel, Schleswig-Holstein",70000,DE,News (Regional),Kiel consumer,B2C,Regional,Print + Digital,Medium,circulation-reported,https://www.kn-online.de,LIKELY_OK
DE,Göttinger Tageblatt,Daily,Regional,Daily (Mon-Sat),Madsack Mediengruppe,Madsack Mediengruppe,Madsack Verlagsgesellschaft,Göttingen,40000,DE,News (Regional),Göttingen consumer,B2C,Regional,Print + Digital,Medium,circulation-reported,https://www.goettinger-tageblatt.de,LIKELY_OK
DE,Münchner Merkur,Daily,Regional,Daily (Mon-Sat),Ippen Mediengruppe,Ippen Mediengruppe,Ippen Anzeigen,Munich quality regional,130000,DE,News (Regional),Munich consumer,B2C,Regional,Print + Digital,Medium,"circulation-reported, high-circulation",https://www.merkur.de,LIKELY_OK
DE,tz,Daily,Munich tabloid,Daily (Mon-Sat),Ippen Mediengruppe,Ippen Mediengruppe,Ippen Anzeigen,Munich tabloid,65000,DE,News (Regional),Munich mass market,B2C,Regional,Print + Digital,Medium,"circulation-reported, tabloid",https://www.tz.de,LIKELY_OK
DE,Frankfurter Rundschau,Daily,Regional/national,Daily (Mon-Sat),Ippen Mediengruppe,Ippen Mediengruppe,Ippen Anzeigen,Frankfurt left-liberal,50000,DE,News (Regional),Frankfurt liberal,B2C,Regional,Print + Digital,Medium,"circulation-reported, centre-left",https://www.fr.de,LIKELY_OK
DE,Frankfurter Neue Presse,Daily,Regional,Daily (Mon-Sat),Ippen Mediengruppe,Ippen Mediengruppe,Ippen Anzeigen,Frankfurt regional,50000,DE,News (Regional),Frankfurt consumer,B2C,Regional,Print + Digital,Medium,circulation-reported,https://www.fnp.de,LIKELY_OK
DE,Hessische/Niedersächsische Allgemeine (HNA),Daily,Regional,Daily (Mon-Sat),Ippen Mediengruppe,Ippen Mediengruppe,Ippen Anzeigen,"Kassel, North Hesse",150000,DE,News (Regional),Kassel consumer,B2C,Regional,Print + Digital,High,"circulation-reported, high-circulation",https://www.hna.de,LIKELY_OK
DE,Kölner Stadt-Anzeiger,Daily,Regional,Daily (Mon-Sun),DuMont Mediengruppe,DuMont Mediengruppe,DuMont Anzeigenverwaltung,Cologne quality,140000,DE,News (Regional),Cologne consumer,B2C,Regional,Print + Digital,High,"circulation-reported, high-circulation",https://www.ksta.de,LIKELY_OK
DE,Express,Daily,Regional tabloid,Daily (Mon-Sat),DuMont Mediengruppe,DuMont Mediengruppe,DuMont Anzeigenverwaltung,Cologne/Rhine tabloid,95000,DE,News (Regional),Rhine mass market,B2C,Regional,Print + Digital,Medium,"circulation-reported, tabloid",https://www.express.de,LIKELY_OK
DE,Mitteldeutsche Zeitung,Daily,Regional,Daily (Mon-Sat),DuMont Mediengruppe,DuMont Mediengruppe,DuMont Anzeigenverwaltung,"Halle, Saxony-Anhalt",120000,DE,News (Regional),Saxony-Anhalt,B2C,Regional,Print + Digital,Medium,"circulation-reported, high-circulation",https://www.mz.de,LIKELY_OK
DE,Kölnische Rundschau,Daily,Regional,Daily (Mon-Sat),Heinen-Verlag,Heinen-Verlag,Heinen Anzeigen,Cologne Catholic-conservative,95000,DE,News (Regional),Cologne consumer,B2C,Regional,Print + Digital,Medium,"circulation-reported, conservative",https://www.rundschau-online.de,LIKELY_OK
DE,Rheinische Post,Daily,Regional,Daily (Mon-Sat),Rheinisch-Bergische Verlagsgesellschaft,Rheinisch-Bergische Verlagsgesellschaft,RP Anzeigen,"Düsseldorf, North Rhine Catholic",280000,DE,News (Regional),Düsseldorf/NRW,B2C,Regional,Print + Digital,High,"circulation-reported, high-circulation, conservative",https://rp-online.de,LIKELY_OK
DE,General-Anzeiger Bonn,Daily,Regional,Daily (Mon-Sat),Rheinisch-Bergische Verlagsgesellschaft,Rheinisch-Bergische Verlagsgesellschaft,RP Anzeigen,Bonn regional,70000,DE,News (Regional),Bonn consumer,B2C,Regional,Print + Digital,Medium,circulation-reported,https://www.general-anzeiger-bonn.de,LIKELY_OK
DE,Aachener Zeitung,Daily,Regional,Daily (Mon-Sat),Medienhaus Aachen,Medienhaus Aachen,Aachen Anzeigen,Aachen regional,80000,DE,News (Regional),Aachen consumer,B2C,Regional,Print + Digital,Medium,circulation-reported,https://www.aachener-zeitung.de,LIKELY_OK
DE,Aachener Nachrichten,Daily,Regional,Daily (Mon-Sat),Medienhaus Aachen,Medienhaus Aachen,Aachen Anzeigen,Aachen sister title,50000,DE,News (Regional),Aachen consumer,B2C,Regional,Print + Digital,Medium,circulation-reported,https://www.aachener-nachrichten.de,LIKELY_OK
DE,Stuttgarter Zeitung,Daily,Regional,Daily (Mon-Sat),Südwestdeutsche Medienholding,Südwestdeutsche Medienholding,SWMH Anzeigen,Stuttgart quality,95000,DE,News (Regional),Stuttgart consumer,B2C,Regional,Print + Digital,Medium,circulation-reported,https://www.stuttgarter-zeitung.de,VERIFIED
DE,Stuttgarter Nachrichten,Daily,Regional,Daily (Mon-Sat),Südwestdeutsche Medienholding,Südwestdeutsche Medienholding,SWMH Anzeigen,Stuttgart afternoon,80000,DE,News (Regional),Stuttgart consumer,B2C,Regional,Print + Digital,Medium,circulation-reported,https://www.stuttgarter-nachrichten.de,VERIFIED
DE,Südwest Presse,Daily,Regional,Daily (Mon-Sat),Südwestdeutsche Medienholding,Südwestdeutsche Medienholding,SWMH Anzeigen,"Ulm, Baden-Württemberg",230000,DE,News (Regional),BaWü consumer,B2C,Regional,Print + Digital,High,"circulation-reported, high-circulation",https://www.swp.de,LIKELY_OK
DE,Badische Zeitung,Daily,Regional,Daily (Mon-Sat),Badische Zeitung,Badische Zeitung,Badische Zeitung Anzeigen,"Freiburg, Baden",130000,DE,News (Regional),Baden consumer,B2C,Regional,Print + Digital,Medium,"circulation-reported, high-circulation",https://www.badische-zeitung.de,VERIFIED
DE,Mannheimer Morgen,Daily,Regional,Daily (Mon-Sat),Haas Mediengruppe,Haas Mediengruppe,Haas Mediengruppe Anzeigen,Mannheim regional,60000,DE,News (Regional),Mannheim consumer,B2C,Regional,Print + Digital,Medium,circulation-reported,https://www.mannheimer-morgen.de,VERIFIED
DE,Schwäbische Zeitung,Daily,Regional,Daily (Mon-Sat),Schwäbisch Media,Schwäbisch Media,Schwäbisch Media Anzeigen,"Ravensburg, Württemberg",140000,DE,News (Regional),Schwaben consumer,B2C,Regional,Print + Digital,High,"circulation-reported, high-circulation",https://www.schwaebische.de,VERIFIED
DE,Augsburger Allgemeine,Daily,Regional,Daily (Mon-Sat),Mediengruppe Pressedruck,Mediengruppe Pressedruck,Pressedruck Anzeigen,"Augsburg, Schwaben",250000,DE,News (Regional),Augsburg consumer,B2C,Regional,Print + Digital,High,"circulation-reported, high-circulation",https://www.augsburger-allgemeine.de,LIKELY_OK
DE,Nürnberger Nachrichten,Daily,Regional,Daily (Mon-Sat),Verlag Nürnberger Presse,Verlag Nürnberger Presse,VNP Anzeigen,Nuremberg quality,180000,DE,News (Regional),Nuremberg consumer,B2C,Regional,Print + Digital,High,"circulation-reported, high-circulation",https://www.nordbayern.de,VERIFIED
DE,Donaukurier,Daily,Regional,Daily (Mon-Sat),Donaukurier Verlag,Donaukurier Verlag,Donaukurier Anzeigen,"Ingolstadt, Bavaria",70000,DE,News (Regional),Ingolstadt consumer,B2C,Regional,Print + Digital,Medium,circulation-reported,https://www.donaukurier.de,LIKELY_OK
DE,Passauer Neue Presse,Daily,Regional,Daily (Mon-Sat),Verlagsgruppe Passau,Verlagsgruppe Passau,VGP Anzeigen,"Passau, Lower Bavaria",120000,DE,News (Regional),Lower Bavaria consumer,B2C,Regional,Print + Digital,Medium,"circulation-reported, high-circulation",https://www.pnp.de,LIKELY_OK
DE,Mittelbayerische Zeitung,Daily,Regional,Daily (Mon-Sat),Mediengruppe Mittelbayerische,Mediengruppe Mittelbayerische,MB Anzeigen,Regensburg,100000,DE,News (Regional),Regensburg consumer,B2C,Regional,Print + Digital,Medium,"circulation-reported, high-circulation",https://www.mittelbayerische.de,LIKELY_OK
DE,Mainpost,Daily,Regional,Daily (Mon-Sat),Mediengruppe Main-Post,Mediengruppe Main-Post,Mainpost Anzeigen,"Würzburg, Lower Franconia",95000,DE,News (Regional),Würzburg consumer,B2C,Regional,Print + Digital,Medium,circulation-reported,https://www.mainpost.de,LIKELY_OK
DE,Sächsische Zeitung,Daily,Regional,Daily (Mon-Sat),DDV Mediengruppe,DDV Mediengruppe,DDV Anzeigen,"Dresden, Saxony",165000,DE,News (Regional),Saxony consumer,B2C,Regional,Print + Digital,High,"circulation-reported, high-circulation",https://www.saechsische.de,LIKELY_OK
DE,Dresdner Neueste Nachrichten,Daily,Regional,Daily (Mon-Sat),Madsack Mediengruppe,Madsack Mediengruppe,Madsack Verlagsgesellschaft,Dresden alternative,25000,DE,News (Regional),Dresden consumer,B2C,Regional,Print + Digital,Medium,circulation-reported,https://www.dnn.de,LIKELY_OK
DE,Freie Presse,Daily,Regional,Daily (Mon-Sat),Chemnitzer Verlag,Chemnitzer Verlag,Freie Presse Anzeigen,"Chemnitz, Saxony",200000,DE,News (Regional),Chemnitz consumer,B2C,Regional,Print + Digital,High,"circulation-reported, high-circulation",https://www.freiepresse.de,VERIFIED
DE,Volksstimme,Daily,Regional,Daily (Mon-Sat),Bauer Media Group,Bauer Media Group,Bauer Advertising KG,"Magdeburg, Saxony-Anhalt",115000,DE,News (Regional),Magdeburg consumer,B2C,Regional,Print + Digital,Medium,"circulation-reported, high-circulation",https://www.volksstimme.de,VERIFIED
DE,Nordkurier,Daily,Regional,Daily (Mon-Sat),Verlag Nordkurier,Verlag Nordkurier,Nordkurier Anzeigen,"Neubrandenburg, MV",90000,DE,News (Regional),MV consumer,B2C,Regional,Print + Digital,Medium,circulation-reported,https://www.nordkurier.de,VERIFIED
DE,Schweriner Volkszeitung (SVZ),Daily,Regional,Daily (Mon-Sat),Madsack/SVZ,Madsack/SVZ,SVZ Anzeigen,"Schwerin, MV",90000,DE,News (Regional),MV consumer,B2C,Regional,Print + Digital,Medium,circulation-reported,https://www.svz.de,LIKELY_OK
DE,Lausitzer Rundschau,Daily,Regional,Daily (Mon-Sat),Rheinische Post Mediengruppe,Rheinische Post Mediengruppe,Lausitzer Anzeigen,"Cottbus, Brandenburg/Lausitz",70000,DE,News (Regional),Lausitz consumer,B2C,Regional,Print + Digital,Medium,circulation-reported,https://www.lr-online.de,LIKELY_OK
DE,Märkische Oderzeitung (MOZ),Daily,Regional,Daily (Mon-Sat),Rheinisch-Bergische Verlagsgesellschaft,Rheinisch-Bergische Verlagsgesellschaft,MOZ Anzeigen,"Frankfurt (Oder), Brandenburg",40000,DE,News (Regional),Brandenburg east,B2C,Regional,Print + Digital,Medium,circulation-reported,https://www.moz.de,LIKELY_OK
DE,Saarbrücker Zeitung,Daily,Regional,Daily (Mon-Sat),Saarbrücker Zeitung Verlag,Saarbrücker Zeitung Verlag,SZ Anzeigen Saar,Saarbrücken,110000,DE,News (Regional),Saarland consumer,B2C,Regional,Print + Digital,Medium,"circulation-reported, high-circulation",https://www.saarbruecker-zeitung.de,LIKELY_OK
DE,Rhein-Zeitung,Daily,Regional,Daily (Mon-Sat),Mittelrhein-Verlag,Mittelrhein-Verlag,MRV Anzeigen,"Koblenz, Middle Rhine",130000,DE,News (Regional),Middle Rhine consumer,B2C,Regional,Print + Digital,Medium,"circulation-reported, high-circulation",https://www.rhein-zeitung.de,VERIFIED
DE,Trierischer Volksfreund,Daily,Regional,Daily (Mon-Sat),Trierischer Volksfreund,Trierischer Volksfreund,Volksfreund Anzeigen,Trier,80000,DE,News (Regional),Trier consumer,B2C,Regional,Print + Digital,Medium,circulation-reported,https://www.volksfreund.de,LIKELY_OK
DE,Wiesbadener Kurier,Daily,Regional,Daily (Mon-Sat),VRM Verlagsgruppe,VRM Verlagsgruppe,VRM Anzeigen,Wiesbaden,50000,DE,News (Regional),Wiesbaden consumer,B2C,Regional,Print + Digital,Medium,circulation-reported,https://www.wiesbadener-kurier.de,LIKELY_OK
DE,Allgemeine Zeitung Mainz,Daily,Regional,Daily (Mon-Sat),VRM Verlagsgruppe,VRM Verlagsgruppe,VRM Anzeigen,Mainz,50000,DE,News (Regional),Mainz consumer,B2C,Regional,Print + Digital,Medium,circulation-reported,https://www.allgemeine-zeitung.de,LIKELY_OK
DE,Darmstädter Echo,Daily,Regional,Daily (Mon-Sat),VRM Verlagsgruppe,VRM Verlagsgruppe,VRM Anzeigen,Darmstadt,45000,DE,News (Regional),Darmstadt consumer,B2C,Regional,Print + Digital,Medium,circulation-reported,https://www.echo-online.de,LIKELY_OK
DE,Weser-Kurier,Daily,Regional,Daily (Mon-Sat),Bremer Tageszeitungen,Bremer Tageszeitungen,Bremer Tageszeitungen Anzeigen,Bremen,130000,DE,News (Regional),Bremen consumer,B2C,Regional,Print + Digital,High,"circulation-reported, high-circulation",https://www.weser-kurier.de,VERIFIED
DE,Nordwest-Zeitung (NWZ),Daily,Regional,Daily (Mon-Sat),ZGO Zeitungsgruppe,ZGO Zeitungsgruppe,NWZ Anzeigen,"Oldenburg, Lower Saxony",130000,DE,News (Regional),Lower Saxony NW,B2C,Regional,Print + Digital,Medium,"circulation-reported, high-circulation",https://www.nwzonline.de,VERIFIED
DE,Neue Osnabrücker Zeitung (NOZ),Daily,Regional,Daily (Mon-Sat),NOZ Medien,NOZ Medien,NOZ Anzeigen,Osnabrück,140000,DE,News (Regional),Osnabrück consumer,B2C,Regional,Print + Digital,Medium,"circulation-reported, high-circulation",https://www.noz.de,LIKELY_OK
DE,Westfälische Nachrichten,Daily,Regional,Daily (Mon-Sat),Aschendorff Mediengruppe,Aschendorff Mediengruppe,Aschendorff Anzeigen,Münster,130000,DE,News (Regional),Münster consumer,B2C,Regional,Print + Digital,Medium,"circulation-reported, high-circulation",https://www.wn.de,LIKELY_OK
DE,Ruhr Nachrichten,Daily,Regional,Daily (Mon-Sat),Verlag Lensing-Wolff,Verlag Lensing-Wolff,Lensing-Wolff Anzeigen,"Dortmund, Ruhr",130000,DE,News (Regional),Dortmund consumer,B2C,Regional,Print + Digital,Medium,"circulation-reported, high-circulation",https://www.ruhrnachrichten.de,VERIFIED
DE,Westfälischer Anzeiger,Daily,Regional,Daily (Mon-Sat),Ippen Mediengruppe,Ippen Mediengruppe,Ippen Anzeigen,Hamm,40000,DE,News (Regional),Hamm consumer,B2C,Regional,Print + Digital,Medium,circulation-reported,https://www.wa.de,LIKELY_OK
DE,Neue Westfälische,Daily,Regional,Daily (Mon-Sat),ZGO Zeitungsgruppe,ZGO Zeitungsgruppe,NW Anzeigen,"Bielefeld, East Westphalia",130000,DE,News (Regional),Bielefeld consumer,B2C,Regional,Print + Digital,Medium,"circulation-reported, high-circulation",https://www.nw.de,VERIFIED
DE,Westfalen-Blatt,Daily,Regional,Daily (Mon-Sat),Westfalen-Blatt,Westfalen-Blatt,Westfalen-Blatt Anzeigen,Bielefeld alternative,80000,DE,News (Regional),Bielefeld consumer,B2C,Regional,Print + Digital,Medium,circulation-reported,https://www.westfalen-blatt.de,VERIFIED
DE,Brigitte,Fortnightly,Women's lifestyle,Fortnightly,RTL Deutschland (Bertelsmann),RTL Deutschland (Bertelsmann),Ad Alliance,Premier German women's lifestyle since 1886,350000,DE,Women's Lifestyle,Women 30-49,B2C,National,Print + Digital,High,"circulation-reported, high-circulation, historic",https://www.brigitte.de,LIKELY_OK
DE,Freundin,Fortnightly,Women's lifestyle,Fortnightly,Hubert Burda Media,Hubert Burda Media,Burda Direct,Munich women's lifestyle,220000,DE,Women's Lifestyle,Women 25-45,B2C,National,Print + Digital,High,"circulation-reported, high-circulation",https://www.freundin.de,LIKELY_OK
DE,Tina,Weekly mag,Women's mass market,Weekly,Bauer Media Group,Bauer Media Group,Bauer Advertising KG,Mass market women's weekly,290000,DE,Women's Lifestyle,Mass market women,B2C,National,Print + Digital,Medium,"circulation-reported, high-circulation",https://www.tinaonline.de,LIKELY_OK
DE,Lisa,Weekly mag,Women's mass market,Weekly,Hubert Burda Media,Hubert Burda Media,Burda Direct,Mass market women's weekly,360000,DE,Women's Lifestyle,Mass market women 35+,B2C,National,Print + Digital,Medium,"circulation-reported, high-circulation",https://www.wunderweib.de,VERIFIED
DE,Frau im Spiegel,Weekly mag,Celebrity/royal,Weekly,Bauer Media Group,Bauer Media Group,Bauer Advertising KG,Celebrity/royal weekly,220000,DE,Celebrity & Gossip,Women 50+,B2C,National,Print + Digital,Medium,"circulation-reported, high-circulation",https://www.frauimspiegel.de,LIKELY_OK
DE,Frau aktuell,Weekly mag,Women's mass market,Weekly,Bauer Media Group,Bauer Media Group,Bauer Advertising KG,Mass market women's,230000,DE,Women's Lifestyle,Mass market women 50+,B2C,National,Print + Digital,Medium,"circulation-reported, high-circulation",https://www.frauaktuell.de,VERIFIED
DE,Das Neue Blatt,Weekly mag,Celebrity/royal,Weekly,Bauer Media Group,Bauer Media Group,Bauer Advertising KG,Celebrity weekly,250000,DE,Celebrity & Gossip,Women 50+,B2C,National,Print + Digital,Medium,"circulation-reported, high-circulation",https://das-neue-blatt.de,LIKELY_OK
DE,Auf einen Blick,Weekly mag,Women's general,Weekly,Bauer Media Group,Bauer Media Group,Bauer Advertising KG,Women's general interest weekly,350000,DE,Women's Lifestyle,Mass market women,B2C,National,Print + Digital,Medium,"circulation-reported, high-circulation",http://www.aufeinenblick.de/,VERIFIED
DE,Neue Post,Weekly mag,Mass market women,Weekly,Bauer Media Group,Bauer Media Group,Bauer Advertising KG,Mass market women's,400000,DE,Women's Lifestyle,Mass market women,B2C,National,Print + Digital,Medium,"circulation-reported, high-circulation",https://neuepost.de/,LIKELY_OK
DE,7 Tage,Weekly mag,Women's mass market,Weekly,Bauer Media Group,Bauer Media Group,Bauer Advertising KG,Mass market women's,280000,DE,Women's Lifestyle,Mass market women,B2C,National,Print + Digital,Medium,"circulation-reported, high-circulation",https://www.7tage.de,VERIFIED
DE,Bild der Frau,Weekly mag,Women's mass market,Weekly,Axel Springer SE,Axel Springer SE,Media Impact,Largest German women's weekly,540000,DE,Women's Lifestyle,Mass market women,B2C,National,Print + Digital,Medium,"circulation-reported, mass-circulation",https://www.bildderfrau.de,LIKELY_OK
DE,Closer,Weekly mag,Celebrity,Weekly,Bauer Media Group,Bauer Media Group,Bauer Advertising KG,Celebrity weekly,110000,DE,Celebrity & Gossip,Women 25-49,B2C,National,Print + Digital,High,"circulation-reported, high-circulation",https://www.bauer-plus.de/closer,UNVERIFIED
DE,InTouch,Weekly mag,Celebrity,Weekly,Bauer Media Group,Bauer Media Group,Bauer Advertising KG,Celebrity weekly,130000,DE,Celebrity & Gossip,Women 18-39,B2C,National,Print + Digital,High,"circulation-reported, high-circulation",https://www.intouch.de,LIKELY_OK
DE,Grazia Deutschland,Weekly mag,Fashion/celebrity,Weekly,Klambt-Verlag,Klambt-Verlag,Klambt Anzeigen,Fashion weekly,75000,DE,Fashion,Women 25-49,B2C,National,Print + Digital,High,circulation-reported,https://www.grazia-magazin.de,VERIFIED
DE,Glamour Deutschland,Monthly mag,Fashion/lifestyle,Monthly,Condé Nast Germany,Condé Nast Germany,Condé Nast Germany Advertising,Younger women's fashion,220000,DE,Fashion,Women 18-34,B2C,National,Print + Digital,High,"circulation-reported, high-circulation",https://www.glamour.de,LIKELY_OK
DE,Vogue Deutschland,Monthly mag,Fashion luxury,Monthly,Condé Nast Germany,Condé Nast Germany,Condé Nast Germany Advertising,Luxury fashion monthly,120000,DE,Fashion,Affluent women 25-49,B2C,National,Print + Digital,High,"circulation-reported, high-circulation",https://www.vogue.de,LIKELY_OK
DE,Elle Germany,Monthly mag,Fashion,Monthly,Hubert Burda Media,Hubert Burda Media,Burda Direct,Fashion monthly,100000,DE,Fashion,Affluent women 25-45,B2C,National,Print + Digital,High,"circulation-reported, high-circulation",https://www.elle.de,LIKELY_OK
DE,InStyle Germany,Monthly mag,Fashion/celebrity,Monthly,Hubert Burda Media,Hubert Burda Media,Burda Direct,Fashion and celebrity,140000,DE,Fashion,Women 25-45,B2C,National,Print + Digital,High,"circulation-reported, high-circulation",https://www.instyle.de,LIKELY_OK
DE,Harper's Bazaar Germany,Monthly mag,Fashion luxury,Monthly,Hubert Burda Media,Hubert Burda Media,Burda Direct,Luxury fashion,50000,DE,Fashion,Affluent women 35+ (luxury),B2C,National,Print + Digital,High,circulation-reported,https://www.harpersbazaar.de,LIKELY_OK
DE,Marie Claire Germany,Monthly mag,Fashion,Monthly,Klambt-Verlag,Klambt-Verlag,Klambt Anzeigen,Fashion/lifestyle,80000,DE,Fashion,Women 25-49,B2C,National,Print + Digital,Medium,circulation-reported,https://www.marieclaire.de,VERIFIED
DE,Cosmopolitan Deutschland,Monthly mag,Women's lifestyle,Monthly,Bauer Media Group,Bauer Media Group,Bauer Advertising KG,Younger women's lifestyle,150000,DE,Women's Lifestyle,Women 18-34,B2C,National,Print + Digital,High,"circulation-reported, high-circulation",https://www.cosmopolitan.de,LIKELY_OK
DE,Joy Deutschland,Monthly mag,Women's lifestyle,Monthly,Klambt-Verlag,Klambt-Verlag,Klambt Anzeigen,Younger women's lifestyle,80000,DE,Women's Lifestyle,Women 18-34,B2C,National,Print + Digital,Medium,circulation-reported,https://www.klambt.de,LIKELY_OK
DE,Jolie,Monthly mag,Women's lifestyle,Monthly,Bauer Media Group,Bauer Media Group,Bauer Advertising KG,Younger women's lifestyle,90000,DE,Women's Lifestyle,Women 18-29,B2C,National,Print + Digital,Medium,circulation-reported,https://www.jolie.de,VERIFIED
DE,Maxi,Monthly mag,Women's lifestyle,Monthly,Hubert Burda Media,Hubert Burda Media,Burda Direct,Women's lifestyle for 30+,75000,DE,Women's Lifestyle,Women 30-49,B2C,National,Print + Digital,Medium,circulation-reported,https://www.maxi.de,VERIFIED
DE,Madame,Monthly mag,Fashion luxury,Monthly,Klambt-Verlag,Klambt-Verlag,Klambt Anzeigen,Luxury women's lifestyle,60000,DE,Fashion,Affluent women 35+ (luxury),B2C,National,Print + Digital,Medium,circulation-reported,,VERIFIED
DE,emotion,Monthly mag,Women's premium,Monthly,Inspiring Network,Inspiring Network,emotion Anzeigen,Premium women's lifestyle/career,80000,DE,Women's Lifestyle,Affluent women 35+,B2C,National,Print + Digital,High,circulation-reported,https://www.emotion.de,VERIFIED
DE,Vital,Monthly mag,Women's health,Monthly,Hubert Burda Media,Hubert Burda Media,Burda Direct,Women's health/wellness,110000,DE,Health & Fitness,Women 35-59,B2C,National,Print + Digital,Medium,"circulation-reported, high-circulation",https://www.vital.de,VERIFIED
DE,Donna,Monthly mag,Women's lifestyle,Monthly,Hubert Burda Media,Hubert Burda Media,Burda Direct,Women 30-50 lifestyle,70000,DE,Women's Lifestyle,Women 30-50,B2C,National,Print + Digital,Medium,circulation-reported,https://www.donnaonline.de,LIKELY_OK
DE,Petra,Monthly mag,Women's lifestyle,Monthly,Bauer Media Group,Bauer Media Group,Bauer Advertising KG,Women's lifestyle classic,,DE,Women's Lifestyle,Women 40+,B2C,National,Print + Digital,Medium,,https://www.petra.de,VERIFIED
DE,Diva,Monthly mag,Women's lifestyle,Monthly,Klambt-Verlag,Klambt-Verlag,Klambt Anzeigen,Women's lifestyle 30+,,DE,Women's Lifestyle,Women 30-49,B2C,National,Print + Digital,Medium,,https://www.klambt.de,VERIFIED
DE,Bunte,Weekly mag,Society/celebrity,Weekly,Hubert Burda Media,Hubert Burda Media,Burda Direct,Premium society/celebrity weekly,460000,DE,Celebrity & Gossip,Affluent women 30+,B2C,National,Print + Digital,High,"circulation-reported, high-circulation",https://www.bunte.de,LIKELY_OK
DE,Gala,Weekly mag,Celebrity,Weekly,RTL Deutschland (Bertelsmann),RTL Deutschland (Bertelsmann),Ad Alliance,Premium celebrity weekly,230000,DE,Celebrity & Gossip,Women 25-49,B2C,National,Print + Digital,High,"circulation-reported, high-circulation",https://www.gala.de,LIKELY_OK
DE,Adel exklusiv,Monthly mag,Royal,Monthly,Klambt-Verlag,Klambt-Verlag,Klambt Anzeigen,Royal family magazine,60000,DE,Celebrity & Gossip,Royal followers 50+,B2C,National,Print,Low,circulation-reported,https://www.klambt.de,LIKELY_OK
DE,Die Aktuelle,Weekly mag,Royal/celebrity,Weekly,Funke Mediengruppe,Funke Mediengruppe,Funke Media Sales,Royal/celebrity weekly,180000,DE,Celebrity & Gossip,Women 50+,B2C,National,Print + Digital,Medium,"circulation-reported, high-circulation",https://www.dieaktuelle.de,LIKELY_OK
DE,Schöner-Wohnen Bunt,Quarterly,Lifestyle,Quarterly,RTL Deutschland (Bertelsmann),RTL Deutschland (Bertelsmann),Ad Alliance,Lifestyle quarterly,,DE,Women's Lifestyle,Women 30+,B2C,National,Print,Medium,,https://www.schoener-wohnen.de,LIKELY_OK
DE,GQ Germany,Monthly mag,Men's luxury,Monthly,Condé Nast Germany,Condé Nast Germany,Condé Nast Germany Advertising,Premium men's lifestyle,105000,DE,Men's Lifestyle,Affluent men 25-49,B2C,National,Print + Digital,High,"circulation-reported, high-circulation",https://www.gq-magazin.de,LIKELY_OK
DE,Men's Health Germany,Monthly mag,Men's health/fitness,Monthly,Hubert Burda Media,Hubert Burda Media,Burda Direct,Largest men's health,150000,DE,Health & Fitness,Men 25-49,B2C,National,Print + Digital,High,"circulation-reported, high-circulation",https://www.menshealth.de,VERIFIED
DE,Esquire Germany,Quarterly,Men's luxury,Quarterly,Klambt-Verlag,Klambt-Verlag,Klambt Anzeigen,Premium men's lifestyle,,DE,Men's Lifestyle,Affluent men 30+,B2C,National,Print + Digital,Medium,,https://www.esquire.de,LIKELY_OK
DE,Playboy Deutschland,Monthly mag,Men's lifestyle,Monthly,Hubert Burda Media,Hubert Burda Media,Burda Direct,Men's premium/adult,90000,DE,Adult,Affluent men 25-49,B2C,National,Print + Digital,Medium,circulation-reported,https://www.playboy.de,LIKELY_OK
DE,Beef!,Quarterly,Men's food/lifestyle,Quarterly,RTL Deutschland (Bertelsmann),RTL Deutschland (Bertelsmann),Ad Alliance,Men's food/cooking magazine,65000,DE,Food & Drink,Men 30+ (foodies),B2C,National,Print + Digital,Medium,circulation-reported,https://beef.de,LIKELY_OK
DE,Schöner Wohnen,Monthly mag,Home/interior,Monthly,RTL Deutschland (Bertelsmann),RTL Deutschland (Bertelsmann),Ad Alliance,Premier German interior magazine,200000,DE,Home & Interior,Affluent women 30+,B2C,National,Print + Digital,High,"circulation-reported, high-circulation",https://www.schoener-wohnen.de,LIKELY_OK
DE,Living at Home,Monthly mag,Home/interior,Monthly,RTL Deutschland (Bertelsmann),RTL Deutschland (Bertelsmann),Ad Alliance,Younger home/interior,90000,DE,Home & Interior,Women 25-45,B2C,National,Print + Digital,High,circulation-reported,https://www.livingathome.de,VERIFIED
DE,Architectural Digest Germany (AD),Monthly mag,Architecture/luxury home,Bi-monthly,Condé Nast Germany,Condé Nast Germany,Condé Nast Germany Advertising,Luxury architecture/interior,90000,DE,Home & Interior,Affluent 35+ (luxury),B2C,National,Print + Digital,High,circulation-reported,https://www.ad-magazin.de,LIKELY_OK
DE,Häuser,Bi-monthly,Architecture/luxury home,Bi-monthly,RTL Deutschland (Bertelsmann),RTL Deutschland (Bertelsmann),Ad Alliance,Architecture/luxury home,65000,DE,Home & Interior,Affluent 35+ (luxury),B2C,National,Print + Digital,High,circulation-reported,https://www.haeuser.de,LIKELY_OK
DE,Couch,Monthly mag,Home/interior,Monthly,Bauer Media Group,Bauer Media Group,Bauer Advertising KG,Younger home/interior,90000,DE,Home & Interior,Women 25-39,B2C,National,Print + Digital,High,circulation-reported,https://www.couchstyle.de,VERIFIED
DE,Wohnen & Garten,Monthly mag,Home/garden,Monthly,Hubert Burda Media,Hubert Burda Media,Burda Direct,Home + garden,110000,DE,Home & Interior,Women 35-59,B2C,National,Print + Digital,Medium,"circulation-reported, high-circulation",https://www.wohnenundgarten.de,LIKELY_OK
DE,Mein schöner Garten,Monthly mag,Garden,Monthly,Hubert Burda Media,Hubert Burda Media,Burda Direct,Largest German garden mag,350000,DE,Garden,Garden enthusiasts 50+,B2C,National,Print + Digital,High,"circulation-reported, high-circulation",https://www.mein-schoener-garten.de,LIKELY_OK
DE,Gartenflora,Monthly mag,Garden,Monthly,Hubert Burda Media,Hubert Burda Media,Burda Direct,Garden monthly,80000,DE,Garden,Garden enthusiasts,B2C,National,Print + Digital,Medium,circulation-reported,https://www.gartenflora.de,VERIFIED
DE,Mein schönes Land,Monthly mag,Country lifestyle,Monthly,Hubert Burda Media,Hubert Burda Media,Burda Direct,Country lifestyle,220000,DE,Outdoor & Adventure,Country lifestyle readers,B2C,National,Print + Digital,Medium,"circulation-reported, high-circulation",https://www.mein-schoenes-land.de,LIKELY_OK
DE,Landlust,Bi-monthly,Country lifestyle,Bi-monthly,Landwirtschaftsverlag Münster,Landwirtschaftsverlag Münster,LV Anzeigen,Country lifestyle phenomenon,600000,DE,Outdoor & Adventure,Country lifestyle readers,B2C,National,Print + Digital,High,"circulation-reported, mass-circulation",https://www.landlust.de,VERIFIED
DE,Servus in Stadt & Land,Monthly mag,Country lifestyle,Monthly,Red Bull Media House,Red Bull Media House,Red Bull Media House Advertising,Austrian country lifestyle popular in DE,240000,DE,Outdoor & Adventure,Country lifestyle readers,B2C,National,Print + Digital,Medium,"circulation-reported, high-circulation",https://www.servus.com,VERIFIED
DE,Living Magazine,Bi-monthly,Home/interior,Bi-monthly,Selbstständig,Selbstständig,Living Anzeigen,Premium home magazine,,DE,Home & Interior,Affluent home enthusiasts,B2C,National,Print + Digital,Medium,,https://www.livingmagazine.de,VERIFIED
DE,Essen & Trinken,Monthly mag,Food/cooking,Monthly,RTL Deutschland (Bertelsmann),RTL Deutschland (Bertelsmann),Ad Alliance,Premier German food magazine,220000,DE,Food & Drink,Foodies,B2C,National,Print + Digital,High,"circulation-reported, high-circulation",https://www.essen-und-trinken.de,VERIFIED
DE,Lecker,Monthly mag,Food/cooking,Monthly,RTL Deutschland (Bertelsmann),RTL Deutschland (Bertelsmann),Ad Alliance,Affordable cooking,250000,DE,Food & Drink,Mass market foodies,B2C,National,Print + Digital,High,"circulation-reported, high-circulation",https://www.lecker.de,VERIFIED
DE,Meine Familie & ich,Monthly mag,Family food,Monthly,Hubert Burda Media,Hubert Burda Media,Burda Direct,Family cooking,130000,DE,Food & Drink,Family cooks,B2C,National,Print + Digital,Medium,"circulation-reported, high-circulation",https://www.meine-familie-und-ich.de,LIKELY_OK
DE,Chefkoch Magazin,Monthly mag,Food/cooking,Monthly,RTL Deutschland (Bertelsmann),RTL Deutschland (Bertelsmann),Ad Alliance,Recipe-focused,220000,DE,Food & Drink,Mass market cooks,B2C,National,Print + Digital,High,"circulation-reported, high-circulation",https://www.chefkoch.de,LIKELY_OK
DE,Falstaff Deutschland,Bi-monthly,Wine/food luxury,Bi-monthly,Falstaff Verlag,Falstaff Verlag,Falstaff Anzeigen,Premium wine/food magazine,50000,DE,Food & Drink,Affluent foodies,B2C,National,Print + Digital,Medium,circulation-reported,https://www.falstaff.com/de,VERIFIED
DE,Der Feinschmecker,Monthly mag,Food luxury,Monthly,Jahreszeiten Verlag,Jahreszeiten Verlag,Jahreszeiten Verlag Anzeigen,Luxury food magazine,60000,DE,Food & Drink,Affluent foodies,B2C,National,Print + Digital,Medium,circulation-reported,https://www.derfeinschmecker.de,LIKELY_OK
DE,Eltern,Monthly mag,Parenting,Monthly,RTL Deutschland (Bertelsmann),RTL Deutschland (Bertelsmann),Ad Alliance,Largest German parenting,180000,DE,Family & Parenting,Parents 25-45,B2C,National,Print + Digital,High,"circulation-reported, high-circulation",https://www.eltern.de,LIKELY_OK
DE,Eltern Family,Monthly mag,Parenting,Monthly,RTL Deutschland (Bertelsmann),RTL Deutschland (Bertelsmann),Ad Alliance,Parents with school-age children,100000,DE,Family & Parenting,Parents 30-50,B2C,National,Print + Digital,High,"circulation-reported, high-circulation",https://www.eltern.de/family,LIKELY_OK
DE,Familie & Co,Monthly mag,Parenting,Monthly,Hubert Burda Media,Hubert Burda Media,Burda Direct,Younger parenting,80000,DE,Family & Parenting,Parents,B2C,National,Print + Digital,Medium,circulation-reported,https://www.familieundco.de,VERIFIED
DE,Junge Familie,Quarterly,New parents,Quarterly,Hubert Burda Media,Hubert Burda Media,Burda Direct,New parents,,DE,Family & Parenting,New parents,B2C,National,Print,Medium,,https://www.junge-familie.de,LIKELY_OK
DE,Leben & Erziehen,Monthly mag,Parenting,Monthly,Bayard Media,Bayard Media,Bayard Anzeigen,Parenting,,DE,Family & Parenting,Parents,B2C,National,Print + Digital,Medium,,https://lebenunderziehen.de/,VERIFIED
DE,Fit For Fun,Monthly mag,Fitness/health,Monthly,Hubert Burda Media,Hubert Burda Media,Burda Direct,Fitness mass market,200000,DE,Health & Fitness,Health-conscious consumers,B2C,National,Print + Digital,High,"circulation-reported, high-circulation",https://www.fitforfun.de,LIKELY_OK
DE,Women's Health Germany,Bi-monthly,Women's fitness,Bi-monthly,Hubert Burda Media,Hubert Burda Media,Burda Direct,Women's fitness,90000,DE,Health & Fitness,Women 25-45,B2C,National,Print + Digital,High,circulation-reported,https://www.womenshealth.de,VERIFIED
DE,Apotheken Umschau,Fortnightly,Health/pharmacy,Fortnightly,Wort & Bild Verlag,Wort & Bild Verlag,WBV Anzeigen,"Distributed in pharmacies, MASSIVE reach",9000000,DE,Health & Fitness,Mass market health-conscious,B2C,National,Print + Digital,High,"circulation-reported, mass-circulation, free-distribution",https://www.apotheken-umschau.de,VERIFIED
DE,Senioren Ratgeber,Monthly mag,Senior health,Monthly,Wort & Bild Verlag,Wort & Bild Verlag,WBV Anzeigen,Free senior health magazine,1500000,DE,Seniors 55+,Adults 55+,B2C,National,Print + Digital,High,"circulation-reported, mass-circulation, free-distribution",https://www.senioren-ratgeber.de,VERIFIED
DE,Diabetes Ratgeber,Monthly mag,Diabetes patient,Monthly,Wort & Bild Verlag,Wort & Bild Verlag,WBV Anzeigen,Diabetes patient magazine,850000,DE,Health & Fitness,Diabetes patients,B2C,National,Print + Digital,High,"circulation-reported, mass-circulation",https://www.diabetes-ratgeber.net,VERIFIED
DE,Baby und Familie,Monthly mag,Parenting health,Monthly,Wort & Bild Verlag,Wort & Bild Verlag,WBV Anzeigen,Free pharmacy parenting mag,400000,DE,Family & Parenting,New parents,B2C,National,Print + Digital,Medium,"circulation-reported, high-circulation, free-distribution",https://www.baby-und-familie.de,VERIFIED
DE,Bewusster Leben,Bi-monthly,Wellness,Bi-monthly,Selbstständig,Selbstständig,Bewusster Leben Anzeigen,Wellness/conscious living,,DE,Health & Fitness,Wellness consumers,B2C,National,Print,Medium,,https://www.bewusster-leben.com,VERIFIED
DE,Naturarzt,Monthly mag,Alternative medicine,Monthly,Naturarzt-Magazin Verlag,Naturarzt-Magazin Verlag,Naturarzt Anzeigen,Natural medicine,60000,DE,Health & Fitness,Alt-medicine consumers,B2C,National,Print + Digital,Medium,circulation-reported,https://www.verlagsbuero-id.de/naturarzt,UNVERIFIED
DE,Geo,Monthly mag,Geography/nature,Monthly,RTL Deutschland (Bertelsmann),RTL Deutschland (Bertelsmann),Ad Alliance,German National Geographic equivalent,250000,DE,Science,Educated consumers,B2C,National,Print + Digital,High,"circulation-reported, high-circulation",https://www.geo.de,LIKELY_OK
DE,National Geographic Deutschland,Monthly mag,Geography/nature,Monthly,RTL Deutschland (Bertelsmann),RTL Deutschland (Bertelsmann),Ad Alliance,German edition of NG,150000,DE,Science,Educated consumers,B2C,National,Print + Digital,High,"circulation-reported, high-circulation",https://www.nationalgeographic.de,VERIFIED
DE,Geo Saison,Monthly mag,Travel,Monthly,RTL Deutschland (Bertelsmann),RTL Deutschland (Bertelsmann),Ad Alliance,Travel magazine from Geo,95000,DE,Travel,Travellers 30+,B2C,National,Print + Digital,High,circulation-reported,https://www.geo.de/reisen,LIKELY_OK
DE,Geo Epoche,Bi-monthly,History,Bi-monthly,RTL Deutschland (Bertelsmann),RTL Deutschland (Bertelsmann),Ad Alliance,History specials,120000,DE,History,History enthusiasts,B2C,National,Print + Digital,High,"circulation-reported, high-circulation",https://www.geo.de/geolino/geo-epoche,LIKELY_OK
DE,P.M.,Monthly mag,Science/knowledge,Monthly,Klambt-Verlag,Klambt-Verlag,Klambt Anzeigen,Knowledge magazine,100000,DE,Science,Curious consumers,B2C,National,Print + Digital,Medium,circulation-reported,https://pm.de,VERIFIED
DE,Bild der Wissenschaft,Monthly mag,Science,Monthly,Konradin Mediengruppe,Konradin Mediengruppe,Konradin Anzeigen,Premier German science magazine,80000,DE,Science,Science enthusiasts,B2C,National,Print + Digital,Medium,circulation-reported,https://www.wissenschaft.de,VERIFIED
DE,Spektrum der Wissenschaft,Monthly mag,Science (academic),Monthly,Springer Nature,Springer Nature,Spektrum Anzeigen,Scientific American German edition,75000,DE,Science,Scientists & researchers,B2C,National,Print + Digital,Medium,circulation-reported,https://www.spektrum.de,VERIFIED
DE,Damals,Monthly mag,History,Monthly,Konradin Mediengruppe,Konradin Mediengruppe,Konradin Anzeigen,Premier German history magazine,80000,DE,History,History enthusiasts,B2C,National,Print + Digital,Medium,circulation-reported,https://www.damals.de,VERIFIED
DE,G/Geschichte,Monthly mag,History,Monthly,Sailer Verlag,Sailer Verlag,Sailer Anzeigen,History magazine,70000,DE,History,History enthusiasts,B2C,National,Print + Digital,Medium,circulation-reported,https://www.geschichte-erleben.de,VERIFIED
DE,Welt der Wunder,Monthly mag,Knowledge,Monthly,Pabel-Moewig,Pabel-Moewig,Pabel-Moewig Anzeigen,Popular science,90000,DE,Science,Curious readers,B2C,National,Print + Digital,Medium,circulation-reported,https://weltderwunder.de,VERIFIED
DE,Auto Motor und Sport (ams),Fortnightly,Cars,Fortnightly,Motor Presse Stuttgart,Motor Presse Stuttgart,MPS Anzeigen,Largest German car magazine,320000,DE,Auto & Motor,Car enthusiasts,B2C,National,Print + Digital,High,"circulation-reported, high-circulation",https://www.auto-motor-und-sport.de,VERIFIED
DE,Auto Bild,Weekly mag,Cars,Weekly,Axel Springer SE,Axel Springer SE,Media Impact,Mass market weekly car magazine,350000,DE,Auto & Motor,Mass market car readers,B2C,National,Print + Digital,High,"circulation-reported, high-circulation",https://www.autobild.de,VERIFIED
DE,Auto Zeitung,Fortnightly,Cars,Fortnightly,Bauer Media Group,Bauer Media Group,Bauer Advertising KG,Car magazine,140000,DE,Auto & Motor,Car enthusiasts,B2C,National,Print + Digital,Medium,"circulation-reported, high-circulation",https://www.autozeitung.de,VERIFIED
DE,Sport Auto,Monthly mag,Performance cars,Monthly,Motor Presse Stuttgart,Motor Presse Stuttgart,MPS Anzeigen,Performance/sports cars,95000,DE,Auto & Motor,Performance car enthusiasts,B2C,National,Print + Digital,Medium,circulation-reported,https://www.auto-motor-und-sport.de/sport-auto,VERIFIED
DE,Sport Bild,Weekly mag,Sports,Weekly,Axel Springer SE,Axel Springer SE,Media Impact,Sports weekly magazine,230000,DE,Sports,Sports fans,B2C,National,Print + Digital,High,"circulation-reported, high-circulation",https://sportbild.bild.de,LIKELY_OK
DE,Oldtimer Markt,Monthly mag,Classic cars,Monthly,VF Verlagsgesellschaft,VF Verlagsgesellschaft,VF Anzeigen,Classic car magazine,70000,DE,Auto & Motor,Classic car enthusiasts,B2C,National,Print + Digital,Medium,circulation-reported,https://www.oldtimer-markt.de,VERIFIED
DE,Motor Klassik,Monthly mag,Classic cars,Monthly,Motor Presse Stuttgart,Motor Presse Stuttgart,MPS Anzeigen,Classic car magazine,80000,DE,Auto & Motor,Classic car enthusiasts,B2C,National,Print + Digital,Medium,circulation-reported,https://www.motor-klassik.de,VERIFIED
DE,ADAC Motorwelt,Monthly mag,Auto club,5x/year,ADAC,ADAC,ADAC Anzeigen,ADAC member magazine - MASSIVE,11500000,DE,Auto & Motor,ADAC members,B2C,National,Print + Digital,High,"circulation-reported, mass-circulation",https://www.adac.de/der-adac/motorwelt,VERIFIED
DE,Auto Test,Monthly mag,Cars,Monthly,Bauer Media Group,Bauer Media Group,Bauer Advertising KG,Car testing,,DE,Auto & Motor,Car shoppers,B2C,National,Print + Digital,Medium,,https://www.autozeitung.de,VERIFIED
DE,Auto Straßenverkehr,Monthly mag,Cars,Monthly,Motor Presse Stuttgart,Motor Presse Stuttgart,MPS Anzeigen,Practical car magazine,,DE,Auto & Motor,Car drivers,B2C,National,Print + Digital,Medium,,https://www.auto-motor-und-sport.de,VERIFIED
DE,Motorrad,Fortnightly,Motorcycle,Fortnightly,Motor Presse Stuttgart,Motor Presse Stuttgart,MPS Anzeigen,Premier German motorcycle magazine,90000,DE,Motorcycle,Motorcycle enthusiasts,B2C,National,Print + Digital,Medium,circulation-reported,https://www.motorradonline.de,VERIFIED
DE,Motorrad News,Monthly mag,Motorcycle,Monthly,VF Verlagsgesellschaft,VF Verlagsgesellschaft,VF Anzeigen,Motorcycle magazine,35000,DE,Motorcycle,Motorcycle enthusiasts,B2C,National,Print + Digital,Medium,circulation-reported,https://www.motorrad-news.de,LIKELY_OK
DE,PS - Das Sport-Motorrad,Monthly mag,Motorcycle sport,Monthly,Motor Presse Stuttgart,Motor Presse Stuttgart,MPS Anzeigen,Sports motorcycles,35000,DE,Motorcycle,Sport motorcycle enthusiasts,B2C,National,Print + Digital,Medium,circulation-reported,https://www.motorpresse.de/ps,LIKELY_OK
DE,Tourenfahrer,Monthly mag,Motorcycle touring,Monthly,VF Verlagsgesellschaft,VF Verlagsgesellschaft,VF Anzeigen,Motorcycle touring,25000,DE,Motorcycle,Touring motorcyclists,B2C,National,Print + Digital,Medium,circulation-reported,https://www.tourenfahrer.de,VERIFIED
DE,Roller-Magazin,Bi-monthly,Scooter,Bi-monthly,VF Verlagsgesellschaft,VF Verlagsgesellschaft,VF Anzeigen,Scooter/motorbike,,DE,Motorcycle,Scooter enthusiasts,B2C,National,Print + Digital,Low,,https://rollermagazin.de,LIKELY_OK
DE,Kicker,Twice weekly,Football,Mon + Thu,Olympia-Verlag,Olympia-Verlag,Kicker Anzeigen,Premier German football magazine since 1920,200000,DE,Sports – Football/Hockey,Football fans,B2C,National,Print + Digital,High,"circulation-reported, high-circulation, historic",https://www.kicker.de,LIKELY_OK
DE,11 Freunde,Monthly mag,Football culture,Monthly,RTL Deutschland (Bertelsmann),RTL Deutschland (Bertelsmann),Ad Alliance,Football culture/intellectual,75000,DE,Sports – Football/Hockey,Football culture fans,B2C,National,Print + Digital,High,circulation-reported,https://11freunde.de,LIKELY_OK
DE,Tennis Magazin,Monthly mag,Tennis,Monthly,Selbstständig,Selbstständig,Tennis Magazin Anzeigen,Tennis magazine,30000,DE,Sports,Tennis enthusiasts,B2C,National,Print + Digital,Medium,circulation-reported,https://www.tennismagazin.de,VERIFIED
DE,Golf Magazin,Monthly mag,Golf,Monthly,Hubert Burda Media,Hubert Burda Media,Burda Direct,Golf magazine,50000,DE,Sports – Golf,Golf enthusiasts,B2C,National,Print + Digital,Medium,circulation-reported,https://www.golfmagazin.com,LIKELY_OK
DE,Golf Journal,Monthly mag,Golf,Monthly,Motor Presse Stuttgart,Motor Presse Stuttgart,MPS Anzeigen,Golf magazine,30000,DE,Sports – Golf,Golf enthusiasts,B2C,National,Print + Digital,Medium,circulation-reported,https://www.golfjournal.de,LIKELY_OK
DE,Runners World Germany,Monthly mag,Running,Monthly,Motor Presse Stuttgart,Motor Presse Stuttgart,MPS Anzeigen,Running magazine,45000,DE,Sports – Running,Running enthusiasts,B2C,National,Print + Digital,Medium,circulation-reported,https://www.runnersworld.de,VERIFIED
DE,Triathlon,Monthly mag,Triathlon,Monthly,Spomedis Verlag,Spomedis Verlag,Spomedis Anzeigen,Triathlon magazine,25000,DE,Sports – Running,Triathlon enthusiasts,B2C,National,Print + Digital,Medium,circulation-reported,https://www.triathlon.de,VERIFIED
DE,Tour,Monthly mag,Cycling road,Monthly,Delius Klasing Verlag,Delius Klasing Verlag,DK Anzeigen,Road cycling,70000,DE,Sports – Cycling,Road cycling enthusiasts,B2C,National,Print + Digital,Medium,circulation-reported,https://www.tour-magazin.de,VERIFIED
DE,Mountainbike,Monthly mag,Cycling MTB,Monthly,Delius Klasing Verlag,Delius Klasing Verlag,DK Anzeigen,Mountain biking,50000,DE,Sports – Cycling,MTB enthusiasts,B2C,National,Print + Digital,Medium,circulation-reported,https://www.mountainbike-magazin.de,VERIFIED
DE,BIKE,Monthly mag,Cycling MTB,Monthly,Delius Klasing Verlag,Delius Klasing Verlag,DK Anzeigen,Mountain biking,40000,DE,Sports – Cycling,MTB enthusiasts,B2C,National,Print + Digital,Medium,circulation-reported,https://www.bike-magazin.de,VERIFIED
DE,Outdoor,Monthly mag,Outdoor sports,Monthly,Delius Klasing Verlag,Delius Klasing Verlag,DK Anzeigen,Hiking/outdoor,90000,DE,Outdoor & Adventure,Outdoor enthusiasts,B2C,National,Print + Digital,Medium,circulation-reported,https://www.outdoor-magazin.com,VERIFIED
DE,DAV Panorama,Bi-monthly,Alpine/hiking,Bi-monthly,Deutscher Alpenverein,Deutscher Alpenverein,DAV Anzeigen,Alpine club member magazine,750000,DE,Outdoor & Adventure,Alpine/hiking enthusiasts (DAV),B2C,National,Print + Digital,Medium,"circulation-reported, mass-circulation",https://www.alpenverein.de/panorama,VERIFIED
DE,Wandermagazin,Bi-monthly,Hiking,Bi-monthly,Selbstständig,Selbstständig,Wandermagazin Anzeigen,Hiking magazine,30000,DE,Outdoor & Adventure,Hiking enthusiasts,B2C,National,Print + Digital,Medium,circulation-reported,https://www.wandermagazin.de,VERIFIED
DE,Klettern,Monthly mag,Climbing,8x/year,Delius Klasing Verlag,Delius Klasing Verlag,DK Anzeigen,Climbing magazine,25000,DE,Outdoor & Adventure,Climbing enthusiasts,B2C,National,Print + Digital,Medium,circulation-reported,https://www.klettern.de,VERIFIED
DE,Yacht,Fortnightly,Sailing,Fortnightly,Delius Klasing Verlag,Delius Klasing Verlag,DK Anzeigen,Sailing magazine,60000,DE,Boating & Sailing,Sailing enthusiasts,B2C,National,Print + Digital,Medium,circulation-reported,https://www.yacht.de,VERIFIED
DE,Segeln,Monthly mag,Sailing,Monthly,Delius Klasing Verlag,Delius Klasing Verlag,DK Anzeigen,Sailing magazine,30000,DE,Boating & Sailing,Sailing enthusiasts,B2C,National,Print + Digital,Medium,circulation-reported,https://www.segelnmagazin.de,VERIFIED
DE,BOOTE,Monthly mag,Boating,Monthly,Delius Klasing Verlag,Delius Klasing Verlag,DK Anzeigen,Motor boats,40000,DE,Boating & Sailing,Boating enthusiasts,B2C,National,Print + Digital,Medium,circulation-reported,https://www.boote-magazin.de,VERIFIED
DE,Reise Aktuell,Monthly mag,Travel,Monthly,Selbstständig,Selbstständig,Reise Aktuell Anzeigen,Travel magazine,50000,DE,Travel,Travel enthusiasts,B2C,National,Print + Digital,Medium,circulation-reported,https://www.reise-aktuell.com,VERIFIED
DE,TV Spielfilm,Fortnightly,TV listings,Fortnightly,Hubert Burda Media,Hubert Burda Media,Burda Direct,Largest German TV listings,700000,DE,TV & Listings,TV viewers,B2C,National,Print + Digital,High,"circulation-reported, mass-circulation",https://www.tvspielfilm.de,LIKELY_OK
DE,Hörzu,Weekly mag,TV listings,Weekly,Funke Mediengruppe,Funke Mediengruppe,Funke Media Sales,Iconic TV/radio listings since 1946,800000,DE,TV & Listings,TV viewers (older),B2C,National,Print + Digital,High,"circulation-reported, mass-circulation, historic",https://www.hoerzu.de,LIKELY_OK
DE,TV Movie,Fortnightly,TV listings,Fortnightly,Bauer Media Group,Bauer Media Group,Bauer Advertising KG,TV listings,1100000,DE,TV & Listings,TV viewers,B2C,National,Print + Digital,High,"circulation-reported, mass-circulation",https://www.tvmovie.de,VERIFIED
DE,TV 14,Fortnightly,TV listings,Fortnightly,Bauer Media Group,Bauer Media Group,Bauer Advertising KG,TV listings,1700000,DE,TV & Listings,TV viewers,B2C,National,Print + Digital,High,"circulation-reported, mass-circulation",https://www.tv14.de,VERIFIED
DE,Funkuhr,Weekly mag,TV listings,Weekly,Axel Springer SE,Axel Springer SE,Media Impact,TV listings,500000,DE,TV & Listings,TV viewers,B2C,National,Print + Digital,High,"circulation-reported, mass-circulation",https://www.funkuhr.de,VERIFIED
DE,TV Hören und Sehen,Weekly mag,TV/radio listings,Weekly,Bauer Media Group,Bauer Media Group,Bauer Advertising KG,TV/radio listings,400000,DE,TV & Listings,TV viewers (older),B2C,National,Print + Digital,High,"circulation-reported, high-circulation",http://www.tvhoerenundsehen.de/,VERIFIED
DE,TV pur,Weekly mag,TV listings,Weekly,Bauer Media Group,Bauer Media Group,Bauer Advertising KG,TV listings,350000,DE,TV & Listings,TV viewers,B2C,National,Print + Digital,High,"circulation-reported, high-circulation",http://www.tvpur.de/,VERIFIED
DE,rtv,Weekly mag,TV listings,Weekly (insert),Funke Mediengruppe,Funke Mediengruppe,Funke Media Sales,Free TV listings insert,5000000,DE,TV & Listings,TV viewers,B2C,National,Print,Medium,"circulation-reported, mass-circulation, free-distribution",https://www.rtv.de,VERIFIED
DE,prisma,Weekly mag,TV listings,Weekly (insert),prisma-Verlag,prisma-Verlag,prisma Anzeigen,Free TV listings insert,3700000,DE,TV & Listings,TV viewers,B2C,National,Print,Medium,"circulation-reported, mass-circulation, free-distribution",https://www.prisma.de,VERIFIED
DE,Cinema,Monthly mag,Film,Monthly,Hubert Burda Media,Hubert Burda Media,Burda Direct,Film magazine,75000,DE,Film,Film enthusiasts,B2C,National,Print + Digital,Medium,circulation-reported,https://www.cinema.de,LIKELY_OK
DE,Steady Cam,Quarterly,Film,Quarterly,Selbstständig,Selbstständig,Steady Cam Anzeigen,Independent film magazine,,DE,Film,Film enthusiasts,B2C,National,Print,Low,,https://www.steadycam.de,LIKELY_OK
DE,Bravo,Fortnightly,Teen,Fortnightly,Bauer Media Group,Bauer Media Group,Bauer Advertising KG,Iconic German teen magazine since 1956,90000,DE,Youth & Teens,Teens 12-18,B2C,National,Print + Digital,High,"circulation-reported, historic",https://www.bravo.de,VERIFIED
DE,Bravo Girl,Fortnightly,Teen girls,Fortnightly,Bauer Media Group,Bauer Media Group,Bauer Advertising KG,Teen girls,50000,DE,Youth & Teens,Teen girls,B2C,National,Print + Digital,Medium,circulation-reported,https://www.bravo.de/girl,VERIFIED
DE,Mädchen,Monthly mag,Teen girls,Monthly,Bauer Media Group,Bauer Media Group,Bauer Advertising KG,Teen girls,,DE,Youth & Teens,Teen girls,B2C,National,Print + Digital,Medium,,https://www.maedchen.de,VERIFIED
DE,Spielfilm Magazin,Monthly mag,Film/TV,Monthly,Selbstständig,Selbstständig,Spielfilm Anzeigen,Film/TV,,DE,Film,Film fans,B2C,National,Print,Medium,,https://www.spielfilm.de,VERIFIED
DE,c't,Fortnightly,IT/computing,Fortnightly,Heise Medien,Heise Medien,Heise Anzeigen,Premier German computer magazine,270000,DE,Tech & Gadgets,IT professionals,B2C,National,Print + Digital,High,"circulation-reported, high-circulation",https://www.heise.de/ct,VERIFIED
DE,iX,Monthly mag,IT B2B,Monthly,Heise Medien,Heise Medien,Heise Anzeigen,Professional IT magazine,30000,DE,B2B – IT & Tech,IT professionals,B2B,National,Print + Digital,High,circulation-reported,https://www.heise.de/ix,VERIFIED
DE,Chip,Monthly mag,Consumer tech,Monthly,Hubert Burda Media,Hubert Burda Media,Burda Direct,Consumer tech magazine,130000,DE,Tech & Gadgets,Tech consumers,B2C,National,Print + Digital,High,"circulation-reported, high-circulation",https://www.chip.de,LIKELY_OK
DE,ComputerBild,Fortnightly,Consumer tech,Fortnightly,Axel Springer SE,Axel Springer SE,Media Impact,Mass market computer magazine,280000,DE,Tech & Gadgets,Mass market tech,B2C,National,Print + Digital,High,"circulation-reported, high-circulation",https://www.computerbild.de,LIKELY_OK
DE,PC Welt,Monthly mag,PC/computing,Monthly,IDG Germany,IDG Germany,IDG Anzeigen,PC magazine,80000,DE,Tech & Gadgets,PC enthusiasts,B2C,National,Print + Digital,Medium,circulation-reported,https://www.pcwelt.de,VERIFIED
DE,Computerwoche,Weekly mag,IT business,Weekly,IDG Germany,IDG Germany,IDG Anzeigen,IT business weekly,35000,DE,B2B – IT & Tech,IT decision-makers,B2B,National,Print + Digital,High,circulation-reported,https://www.computerwoche.de,VERIFIED
DE,CIO Germany,Monthly mag,IT leadership,Monthly,IDG Germany,IDG Germany,IDG Anzeigen,CIO magazine,,DE,B2B – IT & Tech,IT leadership,B2B,National,Print + Digital,High,,https://www.cio.de,VERIFIED
DE,Heise Online,Digital,Tech news,Daily (digital),Heise Medien,Heise Medien,Heise Anzeigen,Tech news digital,,DE,Tech & Gadgets,Tech professionals,B2C,National,Digital,High,digital-only,https://www.heise.de,VERIFIED
DE,t3n,Quarterly,Digital business,Quarterly,Selbstständig,Selbstständig,t3n Anzeigen,Digital business/startup,35000,DE,B2B – IT & Tech,Digital business decision-makers,B2B,National,Print + Digital,High,circulation-reported,https://t3n.de,VERIFIED
DE,GameStar,Monthly mag,PC gaming,Monthly,Webedia,Webedia,Webedia Anzeigen,PC gaming,50000,DE,Gaming,PC gamers,B2C,National,Print + Digital,High,circulation-reported,https://www.gamestar.de,VERIFIED
DE,GamePro,Monthly mag,Console gaming,Monthly,Webedia,Webedia,Webedia Anzeigen,Console gaming,35000,DE,Gaming,Console gamers,B2C,National,Print + Digital,High,circulation-reported,https://www.gamepro.de,VERIFIED
DE,M! Games,Monthly mag,Gaming,Monthly,Selbstständig,Selbstständig,M! Games Anzeigen,Gaming magazine,30000,DE,Gaming,Gamers,B2C,National,Print + Digital,Medium,circulation-reported,https://www.maniac.de,VERIFIED
DE,Rolling Stone Deutschland,Monthly mag,Music/culture,Monthly,Axel Springer SE,Axel Springer SE,Media Impact,Music magazine,50000,DE,Music,Music fans 30+,B2C,National,Print + Digital,Medium,circulation-reported,https://www.rollingstone.de,VERIFIED
DE,Musikexpress,Monthly mag,Music,Monthly,Axel Springer SE,Axel Springer SE,Media Impact,Music magazine,45000,DE,Music,Music fans,B2C,National,Print + Digital,Medium,circulation-reported,https://www.musikexpress.de,VERIFIED
DE,Eclipsed,Monthly mag,Progressive rock,Monthly,Sysyphus,Sysyphus,Eclipsed Anzeigen,Progressive rock magazine,25000,DE,Music,Prog rock fans,B2C,National,Print + Digital,Medium,circulation-reported,https://www.eclipsed.de,VERIFIED
DE,Metal Hammer Germany,Monthly mag,Metal music,Monthly,Future plc,Future plc,Future plc Germany Advertising,Metal music magazine,30000,DE,Music,Metal music fans,B2C,National,Print + Digital,Medium,circulation-reported,https://www.metal-hammer.de,VERIFIED
DE,Visions,Monthly mag,Alternative music,Monthly,Selbstständig,Selbstständig,Visions Anzeigen,Alternative music,25000,DE,Music,Alternative music fans,B2C,National,Print + Digital,Medium,circulation-reported,https://www.visions.de,VERIFIED
DE,Spex,Quarterly,Music/culture,Quarterly,Spex Verlag,Spex Verlag,Spex Anzeigen,Music/culture intellectual,,DE,Music,Music intellectuals,B2C,National,Print + Digital,Low,,https://spex.net,LIKELY_OK
DE,Audio,Monthly mag,Hi-fi,Monthly,WEKA Media Publishing,WEKA Media Publishing,WEKA Anzeigen,Hi-fi magazine,30000,DE,Music,Audio enthusiasts,B2C,National,Print + Digital,Medium,circulation-reported,https://www.audio.de,VERIFIED
DE,Stereo,Monthly mag,Hi-fi,Monthly,Pabel-Moewig,Pabel-Moewig,Pabel-Moewig Anzeigen,Hi-fi magazine,25000,DE,Music,Audio enthusiasts,B2C,National,Print + Digital,Medium,circulation-reported,https://www.stereo.de,VERIFIED
DE,Color Foto,Monthly mag,Photography,Monthly,Motor Presse Stuttgart,Motor Presse Stuttgart,MPS Anzeigen,Photography magazine,40000,DE,Photography,Photography enthusiasts,B2C,National,Print + Digital,Medium,circulation-reported,https://www.colorfoto.de,VERIFIED
DE,Foto Magazin,Monthly mag,Photography,Monthly,Hubert Burda Media,Hubert Burda Media,Burda Direct,Photography magazine,35000,DE,Photography,Photography enthusiasts,B2C,National,Print + Digital,Medium,circulation-reported,https://www.fotomagazin.de,VERIFIED
DE,ProfiFoto,Monthly mag,Pro photography,Monthly,MPS,MPS,ProfiFoto Anzeigen,Professional photography,15000,DE,B2B – Marketing & Media,Pro photographers,B2B,National,Print + Digital,Medium,circulation-reported,https://www.profifoto.de,VERIFIED
DE,Eisenbahn-Magazin,Monthly mag,Trains/railway,Monthly,Alba Publikation,Alba Publikation,Alba Anzeigen,Railway hobby,30000,DE,Hobby & Leisure,Railway enthusiasts,B2C,National,Print + Digital,Medium,circulation-reported,https://www.eisenbahn-magazin.de,VERIFIED
DE,Modellbahnwelt,Monthly mag,Model railways,Monthly,VGB Verlagsgruppe,VGB Verlagsgruppe,VGB Anzeigen,Model railways,25000,DE,Hobby & Leisure,Model railway hobbyists,B2C,National,Print + Digital,Medium,circulation-reported,https://www.modellbahnwelt.de,LIKELY_OK
DE,MEIN PFERD,Monthly mag,Horses,Monthly,Bauer Media Group,Bauer Media Group,Bauer Advertising KG,Horse magazine,75000,DE,Sports – Equestrian,Horse owners,B2C,National,Print + Digital,Medium,circulation-reported,https://www.mein-pferd.de,VERIFIED
DE,CAVALLO,Monthly mag,Horses,Monthly,Motor Presse Stuttgart,Motor Presse Stuttgart,MPS Anzeigen,Horse magazine,65000,DE,Sports – Equestrian,Equestrian enthusiasts,B2C,National,Print + Digital,Medium,circulation-reported,https://www.cavallo.de,VERIFIED
DE,Reiter Revue International,Monthly mag,Horses (pro),Monthly,Landwirtschaftsverlag,Landwirtschaftsverlag,LV Anzeigen,Equestrian sport pro,40000,DE,Sports – Equestrian,Pro/competitive riders,B2C,National,Print + Digital,Medium,circulation-reported,https://www.reiterrevue.de,LIKELY_OK
DE,Ein Herz für Tiere,Monthly mag,Pets,Monthly,Hubert Burda Media,Hubert Burda Media,Burda Direct,Pet animal magazine,200000,DE,Pets,Animal lovers,B2C,National,Print + Digital,High,"circulation-reported, high-circulation",https://www.einherzfuertiere.de,VERIFIED
DE,Hunde,Monthly mag,Dogs,Monthly,Hunde Verlag,Hunde Verlag,Hunde Anzeigen,Dog magazine,65000,DE,Pets,Dog owners,B2C,National,Print + Digital,Medium,circulation-reported,https://www.hundewelt.de,LIKELY_OK
DE,Geliebte Katze,Monthly mag,Cats,Monthly,Müller Medien,Müller Medien,Müller Anzeigen,Cat magazine,50000,DE,Pets,Cat owners,B2C,National,Print + Digital,Medium,circulation-reported,https://www.geliebte-katze.de,VERIFIED
DE,Fisch & Fang,Monthly mag,Fishing,Monthly,Paul Parey Zeitschriftenverlag,Paul Parey Zeitschriftenverlag,Paul Parey Anzeigen,Fishing magazine,60000,DE,Hunting & Fishing,Anglers,B2C,National,Print + Digital,Medium,circulation-reported,https://www.fisch-und-fang.de,LIKELY_OK
DE,Idea Spektrum,Weekly mag,Evangelical Christian,Weekly,Idea e.V.,Idea e.V.,Idea Anzeigen,Evangelical Christian weekly,32000,DE,Religion,Religious (Evangelical),B2C,National,Print + Digital,Low,circulation-reported,https://www.idea.de,VERIFIED
DE,Christ und Welt,Weekly mag,Christian/cultural,Weekly (in Die Zeit),Zeitverlag,Zeitverlag,ZEIT Verlag Anzeigen,Christian supplement in Die Zeit,,DE,Religion,Religious (Christian),B2C,National,Print + Digital,Low,,https://www.christundwelt.de,LIKELY_OK
DE,Sonntagsblatt,Weekly,Protestant,Weekly,Evangelisch-Lutherische Kirche Bayern,Evangelisch-Lutherische Kirche Bayern,Sonntagsblatt Anzeigen,Bavarian Protestant weekly,20000,DE,Religion,Religious (Protestant),B2C,Regional,Print + Digital,Low,circulation-reported,https://www.sonntagsblatt.de,VERIFIED
DE,Publik-Forum,Fortnightly,Catholic critical,Fortnightly,Publik-Forum Verlagsgesellschaft,Publik-Forum Verlagsgesellschaft,Publik-Forum Anzeigen,Catholic critical magazine,30000,DE,Religion,Religious (Catholic progressive),B2C,National,Print + Digital,Low,circulation-reported,https://www.publik-forum.de,VERIFIED
DE,Herder Korrespondenz,Monthly mag,Catholic intellectual,Monthly,Verlag Herder,Verlag Herder,Herder Anzeigen,Catholic theology monthly,15000,DE,Religion,Religious (Catholic intellectual),B2B,National,Print + Digital,Low,circulation-reported,https://www.herder.de/hk,VERIFIED
DE,Christ in der Gegenwart,Weekly,Catholic,Weekly,Verlag Herder,Verlag Herder,Herder Anzeigen,Catholic weekly,25000,DE,Religion,Religious (Catholic),B2C,National,Print + Digital,Low,circulation-reported,https://www.herder.de/cig,VERIFIED
DE,Bonifatiusbote,Weekly,Catholic diocesan,Weekly,Bistum Paderborn,Bistum Paderborn,Bonifatiusbote Anzeigen,Paderborn diocese weekly,,DE,Religion,Religious (Catholic),B2C,Regional,Print,Low,,https://www.bistum-fulda.de,VERIFIED
DE,Kirche und Leben,Weekly,Catholic diocesan,Weekly,Bistum Münster,Bistum Münster,Kirche und Leben Anzeigen,Münster diocese weekly,,DE,Religion,Religious (Catholic),B2C,Regional,Print,Low,,https://www.kirche-und-leben.de,VERIFIED
DE,Jüdische Allgemeine,Weekly,Jewish community,Weekly,Zentralrat der Juden in Deutschland,Zentralrat der Juden in Deutschland,Jüdische Allgemeine Anzeigen,Jewish community newspaper,12000,DE,Religion,Religious (Jewish),B2C,National,Print + Digital,Low,circulation-reported,https://www.juedische-allgemeine.de,VERIFIED
DE,Islamische Zeitung,Monthly mag,Muslim community,Monthly,IZ Medien,IZ Medien,IZ Anzeigen,Muslim community magazine,,DE,Religion,Religious (Muslim),B2C,National,Print + Digital,Low,,https://www.islamische-zeitung.de,VERIFIED
DE,Ärzte Zeitung,Daily (work),Medical,Daily Mon-Fri,Springer Medizin Verlag,Springer Medizin Verlag,Springer Medizin Anzeigen,Doctor's daily,50000,DE,B2B – Healthcare,Doctors,B2B,National,Print + Digital,High,circulation-reported,https://www.aerztezeitung.de,VERIFIED
DE,Deutsches Ärzteblatt,Weekly mag,Medical (BÄK),Weekly,Bundesärztekammer,Bundesärztekammer,DÄ Anzeigen,Doctor's official journal,425000,DE,B2B – Healthcare,All German doctors,B2B,National,Print + Digital,High,"circulation-reported, mass-circulation",https://www.aerzteblatt.de,VERIFIED
DE,MMW Fortschritte der Medizin,Fortnightly,Medical CME,Fortnightly,Springer Medizin,Springer Medizin,Springer Medizin Anzeigen,GP CME journal,30000,DE,B2B – Healthcare,GPs,B2B,National,Print + Digital,High,circulation-reported,https://www.springermedizin.de/mmw-fortschritte-der-medizin,VERIFIED
DE,Pharmazeutische Zeitung,Weekly mag,Pharmacy,Weekly,ABDA,ABDA,PZ Anzeigen,German pharmacy journal,50000,DE,B2B – Healthcare,Pharmacists,B2B,National,Print + Digital,High,circulation-reported,https://www.pharmazeutische-zeitung.de,VERIFIED
DE,Apotheke Adhoc,Digital,Pharmacy,Daily (digital),Selbstständig,Selbstständig,Apotheke Adhoc Anzeigen,Pharmacy digital news,,DE,B2B – Healthcare,Pharmacists,B2B,National,Digital,High,digital-only,https://www.apotheke-adhoc.de,VERIFIED
DE,Dental Magazin,Bi-monthly,Dentistry,Bi-monthly,Deutscher Ärzte-Verlag,Deutscher Ärzte-Verlag,Deutscher Ärzte-Verlag Anzeigen,Dental practice,25000,DE,B2B – Healthcare,Dentists,B2B,National,Print + Digital,Medium,circulation-reported,https://www.dental-magazin.de,LIKELY_OK
DE,Zahnärztliche Mitteilungen,Fortnightly,Dental (KZBV),Fortnightly,Bundeszahnärztekammer,Bundeszahnärztekammer,ZM Anzeigen,Official dental journal,80000,DE,B2B – Healthcare,Dentists,B2B,National,Print + Digital,High,circulation-reported,https://www.zm-online.de,VERIFIED
DE,Die Schwester Der Pfleger,Monthly mag,Nursing,Monthly,Bibliomed Verlag,Bibliomed Verlag,Bibliomed Anzeigen,Nursing professional,30000,DE,B2B – Healthcare,Nurses,B2B,National,Print + Digital,Medium,circulation-reported,https://www.bibliomed-pflege.de,VERIFIED
DE,Pflegezeitschrift,Monthly mag,Nursing,Monthly,Springer Medizin,Springer Medizin,Springer Medizin Anzeigen,Nursing pro,25000,DE,B2B – Healthcare,Nurses,B2B,National,Print + Digital,Medium,circulation-reported,https://pflegezeitschrift.de,VERIFIED
DE,Krankenhaus Umschau,Monthly mag,Hospital management,Monthly,Kohlhammer Verlag,Kohlhammer Verlag,Kohlhammer Anzeigen,Hospital management,18000,DE,B2B – Healthcare,Hospital managers,B2B,National,Print + Digital,Medium,circulation-reported,https://www.krankenhaus-umschau.de,VERIFIED
DE,Medical Tribune,Weekly mag,Medical,Weekly,Süddeutscher Verlag Hüthig Fachinformationen,Süddeutscher Verlag Hüthig Fachinformationen,MT Anzeigen,Medical weekly,35000,DE,B2B – Healthcare,Doctors,B2B,National,Print + Digital,High,circulation-reported,https://www.medical-tribune.de,VERIFIED
DE,DocCheck News,Digital,Medical digital,Daily (digital),DocCheck Medical Services,DocCheck Medical Services,DocCheck Anzeigen,Doctor digital community,,DE,B2B – Healthcare,Doctors,B2B,National,Digital,High,digital-only,https://www.doccheck.com,VERIFIED
DE,Neue Juristische Wochenschrift (NJW),Weekly mag,Legal,Weekly,C.H. Beck Verlag,C.H. Beck Verlag,Beck Anzeigen,Premier German legal weekly,40000,DE,B2B – Legal,Lawyers,B2B,National,Print + Digital,High,circulation-reported,https://beck-online.beck.de/njw,LIKELY_OK
DE,Juristische Schulung (JuS),Monthly mag,Legal education,Monthly,C.H. Beck Verlag,C.H. Beck Verlag,Beck Anzeigen,Legal student journal,25000,DE,B2B – Legal,Law students,B2B,National,Print + Digital,Medium,circulation-reported,https://beck-online.beck.de/jus,LIKELY_OK
DE,JuristenZeitung (JZ),Fortnightly,Legal academic,Fortnightly,Mohr Siebeck Verlag,Mohr Siebeck Verlag,Mohr Siebeck Anzeigen,Academic legal journal,8000,DE,B2B – Legal,Legal academics,B2B,National,Print + Digital,Medium,circulation-reported,https://www.mohrsiebeck.com,VERIFIED
DE,Anwaltsblatt,Monthly mag,Lawyers' association,Monthly,DAV Deutscher Anwaltverein,DAV Deutscher Anwaltverein,Anwaltsblatt Anzeigen,German Bar Association journal,140000,DE,B2B – Legal,Lawyers,B2B,National,Print + Digital,High,"circulation-reported, high-circulation",https://anwaltsblatt.anwaltverein.de,VERIFIED
DE,Strafverteidiger (StV),Monthly mag,Criminal law,Monthly,Verlag Dr. Otto Schmidt,Verlag Dr. Otto Schmidt,StV Anzeigen,Criminal defense lawyers,8000,DE,B2B – Legal,Criminal lawyers,B2B,National,Print + Digital,Medium,circulation-reported,https://www.dav-strafrecht.de,VERIFIED
DE,Legal Tribune Online (LTO),Digital,Legal news,Daily (digital),Wolters Kluwer Deutschland,Wolters Kluwer Deutschland,LTO Anzeigen,Legal news digital,,DE,B2B – Legal,Lawyers,B2B,National,Digital,High,digital-only,https://www.lto.de,VERIFIED
DE,AnwaltSpiegel,Monthly mag,Legal business,Monthly,FAZ Business Media,FAZ Business Media,FAZ Business Media Anzeigen,Legal business magazine,15000,DE,B2B – Legal,Law firm partners,B2B,National,Print + Digital,High,circulation-reported,https://www.deutscher-anwaltspiegel.de,VERIFIED
DE,Juve Rechtsmarkt,Quarterly,Legal market,Quarterly,JUVE Verlag,JUVE Verlag,JUVE Anzeigen,Legal market analysis,20000,DE,B2B – Legal,Law firm partners,B2B,National,Print + Digital,High,circulation-reported,https://www.juve.de,VERIFIED
DE,Bauwelt,Fortnightly,Architecture,Fortnightly,Bauverlag,Bauverlag,Bauverlag Anzeigen,Architecture weekly,12000,DE,B2B – Construction & Property,Architects,B2B,National,Print + Digital,High,circulation-reported,https://www.bauwelt.de,VERIFIED
DE,db deutsche bauzeitung,Monthly mag,Architecture,Monthly,Konradin Mediengruppe,Konradin Mediengruppe,Konradin Anzeigen,Architecture monthly,20000,DE,B2B – Construction & Property,Architects,B2B,National,Print + Digital,High,circulation-reported,https://www.db-bauzeitung.de,VERIFIED
DE,DBZ Deutsche BauZeitschrift,Monthly mag,Construction,Monthly,Bauverlag,Bauverlag,Bauverlag Anzeigen,Construction monthly,25000,DE,B2B – Construction & Property,Construction pros,B2B,National,Print + Digital,High,circulation-reported,https://www.dbz.de,VERIFIED
DE,Detail,Monthly mag,Architecture detailed,Monthly,Institut für internationale Architektur-Dokumentation,Institut für internationale Architektur-Dokumentation,Detail Anzeigen,Architecture details,40000,DE,B2B – Construction & Property,Architects,B2B,National,Print + Digital,High,circulation-reported,https://www.detail.de,LIKELY_OK
DE,AIT,Bi-monthly,Interior architecture,Bi-monthly,Verlagsanstalt Alexander Koch,Verlagsanstalt Alexander Koch,AIT Anzeigen,Interior architecture,12000,DE,B2B – Construction & Property,Interior architects,B2B,National,Print + Digital,Medium,circulation-reported,https://www.ait-online.de,VERIFIED
DE,md,Monthly mag,Interior design,Monthly,Konradin Mediengruppe,Konradin Mediengruppe,Konradin Anzeigen,Interior design B2B,15000,DE,B2B – Construction & Property,Interior designers,B2B,National,Print + Digital,Medium,circulation-reported,https://www.md-mag.com,VERIFIED
DE,Immobilien Zeitung,Weekly mag,Real estate,Weekly,Immobilien Zeitung Verlagsgesellschaft,Immobilien Zeitung Verlagsgesellschaft,IZ Anzeigen,Real estate weekly,25000,DE,B2B – Construction & Property,Real estate pros,B2B,National,Print + Digital,High,circulation-reported,https://www.iz.de,VERIFIED
DE,Bauwirtschaft,Monthly mag,Construction industry,Monthly,Bauverlag,Bauverlag,Bauverlag Anzeigen,Construction industry,20000,DE,B2B – Construction & Property,Construction industry,B2B,National,Print + Digital,Medium,circulation-reported,https://www.bauverlag.de,VERIFIED
DE,Werben & Verkaufen (W&V),Monthly mag,Marketing/advertising,Monthly,Süddeutscher Verlag,Süddeutscher Verlag,W&V Anzeigen,Premier German marketing trade,30000,DE,B2B – Marketing & Media,Marketing & media pros,B2B,National,Print + Digital,High,circulation-reported,https://www.wuv.de,VERIFIED
DE,Horizont,Weekly mag,Marketing/advertising,Weekly,dfv Mediengruppe,dfv Mediengruppe,Horizont Anzeigen,Marketing weekly,25000,DE,B2B – Marketing & Media,Marketing & media pros,B2B,National,Print + Digital,High,circulation-reported,https://www.horizont.net,VERIFIED
DE,Kress Pro,Monthly mag,Marketing/communications,Monthly,kress GmbH,kress GmbH,kress Anzeigen,Communications pro,12000,DE,B2B – Marketing & Media,PR/communications pros,B2B,National,Print + Digital,High,circulation-reported,https://kress.de,VERIFIED
DE,Page,Monthly mag,Design/creative,Monthly,Ebner Verlag,Ebner Verlag,Page Anzeigen,Design industry magazine,25000,DE,B2B – Marketing & Media,Designers/creatives,B2B,National,Print + Digital,High,circulation-reported,https://www.page-online.de,VERIFIED
DE,absatzwirtschaft,Monthly mag,Marketing strategy,Monthly,Süddeutscher Verlag,Süddeutscher Verlag,absatzwirtschaft Anzeigen,Marketing strategy monthly,18000,DE,B2B – Marketing & Media,Marketing strategists,B2B,National,Print + Digital,High,circulation-reported,https://www.absatzwirtschaft.de,VERIFIED
DE,LEAD Digital,Digital,Digital marketing,Daily (digital),dfv Mediengruppe,dfv Mediengruppe,LEAD Anzeigen,Digital marketing,,DE,B2B – Marketing & Media,Digital marketers,B2B,National,Digital,High,digital-only,https://www.lead-digital.de,VERIFIED
DE,OMR,Annual + digital,Digital marketing,Daily (digital) + events,OMR,OMR,OMR Anzeigen,Online Marketing Rockstars,,DE,B2B – Marketing & Media,Digital marketers,B2B,National,Digital,High,digital-only,https://omr.com,VERIFIED
DE,Internet World Business,Monthly mag,E-commerce,Monthly,Selbstständig,Selbstständig,IWB Anzeigen,E-commerce B2B,15000,DE,B2B – Marketing & Media,E-commerce pros,B2B,National,Print + Digital,High,circulation-reported,https://www.internetworld.de,VERIFIED
DE,PR Report,Monthly mag,PR,Monthly,Selbstständig,Selbstständig,PR Report Anzeigen,PR industry,8000,DE,B2B – Marketing & Media,PR pros,B2B,National,Print + Digital,Medium,circulation-reported,https://www.prreport.de,VERIFIED
DE,Acquisa,Monthly mag,Sales/marketing,Monthly,Haufe Group,Haufe Group,Haufe Anzeigen,Sales/marketing pro,12000,DE,B2B – Marketing & Media,Sales/marketing pros,B2B,National,Print + Digital,Medium,circulation-reported,https://www.acquisa.de,VERIFIED
DE,Personalwirtschaft,Monthly mag,HR,Monthly,Wolters Kluwer Deutschland,Wolters Kluwer Deutschland,Personalwirtschaft Anzeigen,Premier HR magazine,18000,DE,B2B – HR & Management,HR pros,B2B,National,Print + Digital,High,circulation-reported,https://www.personalwirtschaft.de,VERIFIED
DE,Personalmagazin,Monthly mag,HR,Monthly,Haufe Group,Haufe Group,Personalmagazin Anzeigen,HR magazine,50000,DE,B2B – HR & Management,HR pros,B2B,National,Print + Digital,High,circulation-reported,https://www.haufe.de/personal,VERIFIED
DE,Human Resources Manager,Bi-monthly,HR leadership,Bi-monthly,Quadriga Media Berlin,Quadriga Media Berlin,HRM Anzeigen,HR leaders,15000,DE,B2B – HR & Management,HR leadership,B2B,National,Print + Digital,High,circulation-reported,https://www.humanresourcesmanager.de,VERIFIED
DE,Wirtschaft + Weiterbildung,Monthly mag,Training & development,Monthly,Haufe Group,Haufe Group,Haufe Anzeigen,Training/development,12000,DE,B2B – HR & Management,L&D pros,B2B,National,Print + Digital,Medium,circulation-reported,https://www.haufe.de/personal,VERIFIED
DE,Harvard Business Manager,Monthly mag,Management,Monthly,manager magazin Verlagsgesellschaft,manager magazin Verlagsgesellschaft,Spiegel Verlag Anzeigen,Premium management,30000,DE,B2B – HR & Management,Senior management,B2B,National,Print + Digital,High,circulation-reported,https://www.harvardbusinessmanager.de,LIKELY_OK
DE,changeX,Digital,Management/change,Daily (digital),Selbstständig,Selbstständig,changeX Anzeigen,Management digital,,DE,B2B – HR & Management,Senior management,B2B,National,Digital,Medium,digital-only,https://www.changex.de,VERIFIED
DE,VDI Nachrichten,Weekly mag,Engineering,Weekly,VDI Verlag,VDI Verlag,VDI Anzeigen,Engineers' weekly newspaper,110000,DE,B2B – Engineering,Engineers,B2B,National,Print + Digital,High,"circulation-reported, high-circulation",https://www.vdi-nachrichten.com,VERIFIED
DE,MM Maschinenmarkt,Fortnightly,Manufacturing/engineering,Fortnightly,Vogel Communications,Vogel Communications,MM Anzeigen,Manufacturing trade,35000,DE,B2B – Engineering,Manufacturing engineers,B2B,National,Print + Digital,High,circulation-reported,https://www.maschinenmarkt.vogel.de,VERIFIED
DE,Konstruktion,Monthly mag,Construction engineering,Monthly,Springer-VDI-Verlag,Springer-VDI-Verlag,Konstruktion Anzeigen,Mechanical engineering,18000,DE,B2B – Engineering,Mechanical engineers,B2B,National,Print + Digital,Medium,circulation-reported,https://konstruktion.de,VERIFIED
DE,Konstruktionspraxis,Monthly mag,Engineering practice,Monthly,Vogel Communications,Vogel Communications,Vogel Anzeigen,Engineering practice,25000,DE,B2B – Engineering,Design engineers,B2B,National,Print + Digital,Medium,circulation-reported,https://www.konstruktionspraxis.vogel.de,VERIFIED
DE,Industrieanzeiger,Monthly mag,Industrial,Monthly,Konradin Mediengruppe,Konradin Mediengruppe,Konradin Anzeigen,Industrial supply chain,30000,DE,B2B – Engineering,Industrial pros,B2B,National,Print + Digital,Medium,circulation-reported,https://industrieanzeiger.industrie.de,VERIFIED
DE,Automatisierungstechnik,Monthly mag,Automation,Monthly,De Gruyter Oldenbourg,De Gruyter Oldenbourg,De Gruyter Anzeigen,Automation engineering,8000,DE,B2B – Engineering,Automation engineers,B2B,National,Print + Digital,Medium,circulation-reported,https://www.degruyter.com,VERIFIED
DE,top agrar,Monthly mag,Farming,Monthly,Landwirtschaftsverlag Münster,Landwirtschaftsverlag Münster,LV Anzeigen,Largest German farming magazine,100000,DE,B2B – Agriculture,Farmers,B2B,National,Print + Digital,High,"circulation-reported, high-circulation",https://www.topagrar.com,VERIFIED
DE,Landwirtschaftliches Wochenblatt,Weekly mag,Farming weekly,Weekly,Landwirtschaftsverlag Münster,Landwirtschaftsverlag Münster,LV Anzeigen,Weekly farming,50000,DE,B2B – Agriculture,Farmers,B2B,National,Print + Digital,High,circulation-reported,https://www.wochenblatt.com,VERIFIED
DE,BWagrar,Weekly mag,Farming Baden-Württemberg,Weekly,Eugen Ulmer KG,Eugen Ulmer KG,BWagrar Anzeigen,BW farming weekly,45000,DE,B2B – Agriculture,BW farmers,B2B,Regional,Print + Digital,High,circulation-reported,https://www.bwagrar.de,VERIFIED
DE,agrarheute,Digital,Farming digital,Daily (digital),Deutscher Landwirtschaftsverlag,Deutscher Landwirtschaftsverlag,DLV Anzeigen,Farming digital news,,DE,B2B – Agriculture,Farmers,B2B,National,Digital,High,digital-only,https://www.agrarheute.com,VERIFIED
DE,dlz agrarmagazin,Monthly mag,Farming,Monthly,Deutscher Landwirtschaftsverlag,Deutscher Landwirtschaftsverlag,DLV Anzeigen,Farming monthly,80000,DE,B2B – Agriculture,Farmers,B2B,National,Print + Digital,High,"circulation-reported, high-circulation",https://www.agrarheute.com/dlz,VERIFIED
DE,Bayerisches Landwirtschaftliches Wochenblatt,Weekly mag,Farming Bavaria,Weekly,Deutscher Landwirtschaftsverlag,Deutscher Landwirtschaftsverlag,DLV Anzeigen,Bavaria farming weekly,50000,DE,B2B – Agriculture,Bavarian farmers,B2B,Regional,Print + Digital,High,circulation-reported,https://www.wochenblatt-dlv.de,VERIFIED
DE,AgrarHeute Schwein,Monthly mag,Pig farming,Monthly,Deutscher Landwirtschaftsverlag,Deutscher Landwirtschaftsverlag,DLV Anzeigen,Pig farming specialist,18000,DE,B2B – Agriculture,Pig farmers,B2B,National,Print + Digital,Medium,circulation-reported,https://www.agrarheute.com,VERIFIED
DE,Forstwelt,Digital,Forestry,Daily (digital),Selbstständig,Selbstständig,Forstwelt Anzeigen,Forestry digital,,DE,B2B – Agriculture,Foresters,B2B,National,Digital,Medium,digital-only,https://www.forstpraxis.de,VERIFIED
DE,Erziehung und Wissenschaft,Monthly mag,Education union,Monthly,GEW,GEW,GEW Anzeigen,Education union magazine (GEW),280000,DE,B2B – Education,Teachers,B2B,National,Print + Digital,Medium,"circulation-reported, mass-circulation",https://www.gew.de/aktuelles/e-w,LIKELY_OK
DE,Schule heute,Monthly mag,School practice,Monthly,Verband Bildung und Erziehung,Verband Bildung und Erziehung,VBE Anzeigen,School teachers union,,DE,B2B – Education,Teachers,B2B,National,Print + Digital,Medium,,https://www.vbe.de,VERIFIED
DE,klasse!,Monthly mag,Primary teachers,Monthly,Klett Verlag,Klett Verlag,Klett Anzeigen,Primary school teachers,,DE,B2B – Education,Primary teachers,B2B,National,Print + Digital,Medium,,https://www.klett.de,VERIFIED
DE,Grundschulmagazin,Bi-monthly,Primary school,Bi-monthly,Friedrich Verlag,Friedrich Verlag,Friedrich Anzeigen,Primary school teachers,,DE,B2B – Education,Primary teachers,B2B,National,Print + Digital,Medium,,https://www.westermann.de,VERIFIED
DE,Pädagogik,Monthly mag,Education theory,Monthly,Beltz Verlag,Beltz Verlag,Beltz Anzeigen,Educational practice,15000,DE,B2B – Education,Teachers,B2B,National,Print + Digital,Medium,circulation-reported,https://www.beltz.de,VERIFIED
DE,BWK Energie-Fachmagazin,Monthly mag,Energy,Monthly,Springer-VDI-Verlag,Springer-VDI-Verlag,BWK Anzeigen,Energy industry technical,12000,DE,B2B – Energy & Utilities,Energy engineers,B2B,National,Print + Digital,High,circulation-reported,https://www.springer.com,VERIFIED
DE,Energy 2.0,Monthly mag,Energy industry,Monthly,publish-industry Verlag,publish-industry Verlag,publish-industry Anzeigen,Energy industry,15000,DE,B2B – Energy & Utilities,Energy industry,B2B,National,Print + Digital,Medium,circulation-reported,https://www.publish-industry.net,VERIFIED
DE,Erneuerbare Energien,Monthly mag,Renewable energy,Monthly,Bielefelder Verlag,Bielefelder Verlag,EE Anzeigen,Renewable energy industry,20000,DE,B2B – Energy & Utilities,Renewable energy pros,B2B,National,Print + Digital,High,circulation-reported,https://www.erneuerbareenergien.de,VERIFIED
DE,"Sonne, Wind & Wärme",Monthly mag,Renewable energy,Monthly,BVA BielefelderVerlag,BVA BielefelderVerlag,SWW Anzeigen,Solar/wind heating,15000,DE,B2B – Energy & Utilities,Renewable energy pros,B2B,National,Print + Digital,Medium,circulation-reported,https://www.sonnewindwaerme.de,VERIFIED
DE,E&M Energie & Management,Fortnightly,Energy management,Fortnightly,Energie & Management Verlagsgesellschaft,Energie & Management Verlagsgesellschaft,E&M Anzeigen,Energy industry weekly,12000,DE,B2B – Energy & Utilities,Energy industry,B2B,National,Print + Digital,High,circulation-reported,https://www.energie-und-management.de,LIKELY_OK
DE,AHGZ (Allgemeine Hotel- und Gastronomie-Zeitung),Weekly mag,Hospitality,Weekly,Matthaes Verlag,Matthaes Verlag,AHGZ Anzeigen,Premier German hospitality weekly,28000,DE,B2B – Hospitality,Hospitality pros,B2B,National,Print + Digital,High,circulation-reported,https://www.ahgz.de,VERIFIED
DE,Hogapage,Digital,Hospitality,Daily (digital),Verlag B&L MedienGesellschaft,Verlag B&L MedienGesellschaft,Hogapage Anzeigen,Hospitality digital,,DE,B2B – Hospitality,Hospitality pros,B2B,National,Digital,High,digital-only,https://www.hogapage.de,VERIFIED
DE,Hotelbau,Bi-monthly,Hotel construction,Bi-monthly,Forum Zeitschriften,Forum Zeitschriften,Hotelbau Anzeigen,Hotel industry,15000,DE,B2B – Hospitality,Hotel investors/architects,B2B,National,Print + Digital,Medium,circulation-reported,https://www.hotelbau.de,VERIFIED
DE,Top Hotel,Monthly mag,Premium hotels,Monthly,Forum Zeitschriften,Forum Zeitschriften,Top Hotel Anzeigen,Premium hotel industry,8000,DE,B2B – Hospitality,Hotel management,B2B,National,Print + Digital,Medium,circulation-reported,https://www.tophotel.de,VERIFIED
DE,Gastrotel,Monthly mag,Hospitality,Monthly,Selbstständig,Selbstständig,Gastrotel Anzeigen,Restaurant industry,12000,DE,B2B – Hospitality,Restaurant managers,B2B,National,Print + Digital,Medium,circulation-reported,https://www.gastrotel.de,VERIFIED
DE,KFZ-Betrieb,Fortnightly,Auto trade workshop,Fortnightly,Vogel Communications,Vogel Communications,KFZ-Betrieb Anzeigen,Auto workshop trade,30000,DE,B2B – Retail,Auto trade,B2B,National,Print + Digital,High,circulation-reported,https://www.kfz-betrieb.vogel.de,VERIFIED
DE,Automobilwoche,Weekly mag,Auto industry,Weekly,Crain Communications,Crain Communications,Automobilwoche Anzeigen,Auto industry weekly,18000,DE,B2B – Retail,Auto industry execs,B2B,National,Print + Digital,High,circulation-reported,https://www.automobilwoche.de,VERIFIED
DE,kfz-anzeiger,Fortnightly,Auto trade,Fortnightly,Stünings Medien,Stünings Medien,kfz-anzeiger Anzeigen,Auto dealer trade,25000,DE,B2B – Retail,Auto dealers,B2B,National,Print + Digital,Medium,circulation-reported,https://www.kfz-anzeiger.com,VERIFIED
DE,Automobil Industrie,Monthly mag,Auto industry technical,Monthly,Vogel Communications,Vogel Communications,Automobil Industrie Anzeigen,Auto industry technical,20000,DE,B2B – Engineering,Auto engineers,B2B,National,Print + Digital,High,circulation-reported,https://www.automobil-industrie.vogel.de,VERIFIED
DE,Autohaus,Fortnightly,Auto dealers,Fortnightly,Springer Fachmedien,Springer Fachmedien,Autohaus Anzeigen,Auto dealer business,22000,DE,B2B – Retail,Auto dealers,B2B,National,Print + Digital,High,circulation-reported,https://www.autohaus.de,VERIFIED
DE,Lebensmittel Zeitung,Weekly mag,Grocery trade,Weekly,dfv Mediengruppe,dfv Mediengruppe,LZ Anzeigen,Premier German grocery trade,25000,DE,B2B – Retail,Grocery trade,B2B,National,Print + Digital,High,circulation-reported,https://www.lebensmittelzeitung.net,VERIFIED
DE,Lebensmittel Praxis,Fortnightly,Grocery trade,Fortnightly,Lebensmittel Praxis Verlag,Lebensmittel Praxis Verlag,LP Anzeigen,Grocery retail trade,25000,DE,B2B – Retail,Grocery retailers,B2B,National,Print + Digital,High,circulation-reported,https://www.lebensmittelpraxis.de,VERIFIED
DE,TextilWirtschaft,Weekly mag,Fashion retail,Weekly,dfv Mediengruppe,dfv Mediengruppe,TW Anzeigen,Fashion retail weekly,18000,DE,B2B – Retail,Fashion retail,B2B,National,Print + Digital,High,circulation-reported,https://www.textilwirtschaft.de,VERIFIED
DE,Möbel Kultur,Monthly mag,Furniture retail,Monthly,Möbel Kultur Verlag,Möbel Kultur Verlag,Möbel Kultur Anzeigen,Furniture retail,20000,DE,B2B – Retail,Furniture retail,B2B,National,Print + Digital,Medium,circulation-reported,https://www.moebelkultur.de,VERIFIED
DE,Sport+Mode,Monthly mag,Sports retail,Monthly,Sport+Mode Verlag,Sport+Mode Verlag,Sport+Mode Anzeigen,Sports retail trade,12000,DE,B2B – Retail,Sports retail,B2B,National,Print + Digital,Medium,circulation-reported,https://www.sportundmode.de,LIKELY_OK
DE,Der Handel,Monthly mag,Retail trade,Monthly,dfv Mediengruppe,dfv Mediengruppe,Der Handel Anzeigen,General retail trade,18000,DE,B2B – Retail,Retail pros,B2B,National,Print + Digital,Medium,circulation-reported,https://www.derhandel.de,VERIFIED
DE,Funkschau,Fortnightly,Telecom/IT,Fortnightly,WEKA Fachmedien,WEKA Fachmedien,Funkschau Anzeigen,Telecom industry,15000,DE,B2B – IT & Tech,Telecom pros,B2B,National,Print + Digital,Medium,circulation-reported,https://www.funkschau.de,LIKELY_OK
DE,Network Computing,Monthly mag,Network IT,Monthly,CMP-WEKA Verlag,CMP-WEKA Verlag,Network Computing Anzeigen,Network/IT,20000,DE,B2B – IT & Tech,Network admins,B2B,National,Print + Digital,Medium,circulation-reported,https://network-computing.de,LIKELY_OK
DE,IT Business,Fortnightly,IT channel,Fortnightly,Vogel Communications,Vogel Communications,IT Business Anzeigen,IT reseller/channel,18000,DE,B2B – IT & Tech,IT channel,B2B,National,Print + Digital,High,circulation-reported,https://www.it-business.de,VERIFIED
DE,Industrie 4.0 Magazin,Quarterly,Industry 4.0,Quarterly,Konradin Mediengruppe,Konradin Mediengruppe,Konradin Anzeigen,Industry 4.0 / IoT,15000,DE,B2B – IT & Tech,Industrial IT,B2B,National,Print + Digital,Medium,circulation-reported,https://industriemagazin.de,UNVERIFIED
DE,LANline,Monthly mag,Network/IT,Monthly,AWi Marketing-Services,AWi Marketing-Services,LANline Anzeigen,Network admins,18000,DE,B2B – IT & Tech,Network/IT admins,B2B,National,Print + Digital,Medium,circulation-reported,https://www.lanline.de,LIKELY_OK
DE,kommunal.de,Digital,Local government,Daily (digital),Bayerischer Gemeindetag,Bayerischer Gemeindetag,kommunal Anzeigen,Local government digital,,DE,B2B – Public Sector,Local government,B2B,National,Digital,Medium,digital-only,https://kommunal.de,VERIFIED
DE,Kommunalpolitische Blätter,Monthly mag,Local politics,Monthly,Selbstständig,Selbstständig,KPB Anzeigen,Local politicians,10000,DE,B2B – Public Sector,Local politicians,B2B,National,Print + Digital,Medium,circulation-reported,https://www.kommunalpolitische-blaetter.de,LIKELY_OK
DE,Behörden Spiegel,Monthly mag,Public administration,Monthly,ProPress Verlagsgesellschaft,ProPress Verlagsgesellschaft,Behörden Spiegel Anzeigen,Public administration,100000,DE,B2B – Public Sector,Public sector workers,B2B,National,Print + Digital,High,"circulation-reported, high-circulation",https://www.behoerden-spiegel.de,VERIFIED
DE,Innovative Verwaltung,Monthly mag,Public admin,Monthly,Springer Gabler,Springer Gabler,Springer Anzeigen,Public administration innovation,8000,DE,B2B – Public Sector,Public admin,B2B,National,Print + Digital,Medium,circulation-reported,https://innovativeverwaltung.de,VERIFIED
DE,Versicherungsmagazin,Monthly mag,Insurance,Monthly,Springer Gabler,Springer Gabler,Versicherungsmagazin Anzeigen,Insurance industry,8000,DE,B2B – Finance & Insurance,Insurance pros,B2B,National,Print + Digital,High,circulation-reported,https://www.versicherungsmagazin.de,VERIFIED
DE,börse online,Weekly mag,Stock market,Weekly,Finanzen Verlag,Finanzen Verlag,börse online Anzeigen,Stock market investing,50000,DE,Business & Finance,Private investors,B2C,National,Print + Digital,High,"circulation-reported, high-circulation",https://www.boerse-online.de,VERIFIED
DE,FONDS professionell,Quarterly,Fund management,Quarterly,FONDS professionell Multimedia,FONDS professionell Multimedia,FONDS professionell Anzeigen,Fund management pros,12000,DE,B2B – Finance & Insurance,Fund managers,B2B,National,Print + Digital,High,circulation-reported,https://www.fondsprofessionell.de,VERIFIED
DE,AssCompact,Monthly mag,Insurance broker,Monthly,bbg Betriebsberatungs GmbH,bbg Betriebsberatungs GmbH,AssCompact Anzeigen,Insurance brokers,20000,DE,B2B – Finance & Insurance,Insurance brokers,B2B,National,Print + Digital,High,circulation-reported,https://www.asscompact.de,VERIFIED
DE,Versicherungswirtschaft,Monthly mag,Insurance industry,Monthly,VVW Verlag,VVW Verlag,VVW Anzeigen,Insurance industry,8000,DE,B2B – Finance & Insurance,Insurance industry,B2B,National,Print + Digital,Medium,circulation-reported,https://www.versicherungswirtschaft-heute.de,VERIFIED
DE,DAS INVESTMENT,Monthly mag,Investment,Monthly,Fonds & Co. Verlag,Fonds & Co. Verlag,DAS INVESTMENT Anzeigen,Investment advisors,15000,DE,B2B – Finance & Insurance,Investment advisors,B2B,National,Print + Digital,High,circulation-reported,https://www.dasinvestment.com,VERIFIED
DE,Schiff & Hafen,Monthly mag,Shipping,Monthly,DVV Media Group,DVV Media Group,Schiff & Hafen Anzeigen,Shipping industry,8000,DE,B2B – Maritime,Shipping industry pros,B2B,National,Print + Digital,Medium,circulation-reported,https://www.schiffundhafen.de,VERIFIED
DE,Hansa,Monthly mag,Shipping,Monthly,Schiffahrts-Verlag Hansa,Schiffahrts-Verlag Hansa,Hansa Anzeigen,Shipping industry,10000,DE,B2B – Maritime,Shipping industry pros,B2B,National,Print + Digital,Medium,circulation-reported,https://hansa-online.de,VERIFIED
DE,THB Täglicher Hafenbericht,Daily (work),Shipping daily,Daily,DVV Media Group,DVV Media Group,THB Anzeigen,Daily shipping news,5000,DE,B2B – Maritime,Shipping industry pros,B2B,National,Print + Digital,High,circulation-reported,https://www.thb.info,VERIFIED
DE,VerkehrsRundschau,Weekly mag,Transport logistics,Weekly,Springer Fachmedien,Springer Fachmedien,VR Anzeigen,Transport/logistics weekly,20000,DE,B2B – Transport & Logistics,Transport pros,B2B,National,Print + Digital,High,circulation-reported,https://www.verkehrsrundschau.de,VERIFIED
DE,Eurotransport,Monthly mag,Trucking,Monthly,ETM Verlag,ETM Verlag,Eurotransport Anzeigen,European trucking,25000,DE,B2B – Transport & Logistics,Truck operators,B2B,National,Print + Digital,High,circulation-reported,https://www.eurotransport.de,VERIFIED
DE,DVZ Deutsche Verkehrs-Zeitung,Weekly mag,Transport,Weekly,DVV Media Group,DVV Media Group,DVZ Anzeigen,Transport industry weekly,8000,DE,B2B – Transport & Logistics,Transport pros,B2B,National,Print + Digital,High,circulation-reported,https://www.dvz.de,LIKELY_OK
DE,Logistik Heute,Monthly mag,Logistics,Monthly,Huss-Verlag,Huss-Verlag,Logistik Heute Anzeigen,Logistics monthly,25000,DE,B2B – Transport & Logistics,Logistics pros,B2B,National,Print + Digital,High,circulation-reported,https://www.logistik-heute.de,LIKELY_OK
DE,Europäische Sicherheit & Technik,Monthly mag,Defense,Monthly,Mittler Report Verlag,Mittler Report Verlag,ES&T Anzeigen,European defense industry,8000,DE,B2B – Defense & Police,Defense industry,B2B,National,Print + Digital,Medium,circulation-reported,https://esut.de,VERIFIED
DE,Marineforum,Bi-monthly,Navy,Bi-monthly,Mittler Report Verlag,Mittler Report Verlag,Marineforum Anzeigen,Navy/maritime defense,5000,DE,B2B – Defense & Police,Navy,B2B,National,Print + Digital,Low,circulation-reported,https://marineforum.online,VERIFIED
DE,Strategie & Technik,Monthly mag,Defense strategy,Monthly,Mittler Report Verlag,Mittler Report Verlag,S&T Anzeigen,Defense strategy,6000,DE,B2B – Defense & Police,Defense strategy,B2B,National,Print + Digital,Low,circulation-reported,https://strategie-technik.de,LIKELY_OK
DE,ZEIT Online,Digital,Quality news digital,Daily (digital),Dieter von Holtzbrinck Medien,Dieter von Holtzbrinck Medien,ZEIT Verlag Anzeigen,ZEIT digital arm,,DE,News (National Quality),Affluent 35+ (luxury),B2C,National,Digital,High,digital-only,https://www.zeit.de,LIKELY_OK
DE,Spiegel Online,Digital,News digital,Daily (digital),Spiegel-Verlag,Spiegel-Verlag,Spiegel Verlag Anzeigen,Spiegel digital arm,,DE,News (General),Mass market consumer,B2C,National,Digital,High,digital-only,https://www.spiegel.de,LIKELY_OK
DE,Krautreporter,Digital,Quality journalism,Daily (digital),Selbstständig (Genossenschaft),Selbstständig (Genossenschaft),Krautreporter Anzeigen,Member-supported quality journalism,,DE,News (General),Quality journalism consumers,B2C,National,Digital,Medium,digital-only,https://krautreporter.de,VERIFIED
DE,Übermedien,Digital,Media criticism,Daily (digital),Selbstständig,Selbstständig,Übermedien Anzeigen,Media criticism,,DE,B2B – Marketing & Media,Media critics,B2B,National,Digital,Medium,digital-only,https://uebermedien.de,VERIFIED
DE,netzpolitik.org,Digital,Digital policy/politics,Daily (digital),netzpolitik.org e.V.,netzpolitik.org e.V.,netzpolitik Anzeigen,Digital rights and policy,,DE,Politics & Current Affairs,Politically engaged adults,B2C,National,Digital,Medium,digital-only,https://netzpolitik.org,VERIFIED
AT,Kronen Zeitung,Daily,National tabloid,Daily (Mon-Sun),Mediaprint (Krone + Funke 50/50),Mediaprint (Krone + Funke 50/50),Mediaprint,"Vienna, biggest Austrian newspaper, populist-conservative",600000,AT,News (National Tabloid),Mass market consumer,B2C,National,Print + Digital,High,"circulation-reported, mass-circulation, tabloid, populist",https://www.krone.at,LIKELY_OK
AT,Kurier,Daily,National mid-market,Daily (Mon-Sun),Kurier Medienhaus (Raiffeisen + Funke),Kurier Medienhaus (Raiffeisen + Funke),Mediaprint,"Vienna, centre-right mid-market",130000,AT,News (National Mid-market),General consumer,B2C,National,Print + Digital,High,"circulation-reported, high-circulation, centre-right",https://kurier.at,LIKELY_OK
AT,Heute,Daily,Free tabloid,Daily (Mon-Fri),AHVV Verlags GmbH,AHVV Verlags GmbH,Heute Anzeigen,Vienna free tabloid at metro,575000,AT,News (National Tabloid),Mass market consumer,B2C,National,Print + Digital,High,"circulation-reported, mass-circulation, free-distribution, tabloid",https://www.heute.at,VERIFIED
AT,Österreich/oe24,Daily,Free tabloid,Daily (Mon-Sun),Mediengruppe Österreich,Mediengruppe Österreich,oe24 Anzeigen,Vienna free + digital,480000,AT,News (National Tabloid),Mass market consumer,B2C,National,Print + Digital,High,"circulation-reported, free-distribution, tabloid",https://www.oe24.at,VERIFIED
AT,Der Standard,Daily,National quality,Daily (Mon-Sat),STANDARD Medien AG,STANDARD Medien AG,Standard Anzeigen,"Vienna, liberal-left quality",65000,AT,News (National Quality),Affluent 35+ (luxury),B2C,National,Print + Digital,High,"circulation-reported, liberal-left",https://www.derstandard.at,VERIFIED
AT,Die Presse,Daily,National quality,Daily (Mon-Sat),Styria Media Group AG,Styria Media Group AG,Styria Media Sales,"Vienna, centre-right quality",65000,AT,News (National Quality),Affluent 35+ (luxury),B2C,National,Print + Digital,High,"circulation-reported, conservative",https://www.diepresse.com,LIKELY_OK
AT,Wiener Zeitung,Weekly,Quality weekly,Weekly,Republic of Austria,Republic of Austria,Wiener Zeitung Anzeigen,"Was world's oldest daily (1703), now weekly since 2023",20000,AT,News (National Quality),Politically engaged adults,B2C,National,Print + Digital,High,"circulation-reported, historic, pre-1900-founded",https://www.wienerzeitung.at,VERIFIED
AT,Salzburger Nachrichten,Daily,Regional quality,Daily (Mon-Sat),Salzburger Nachrichten Verlag,Salzburger Nachrichten Verlag,SN Anzeigen,Salzburg quality,70000,AT,News (Regional),Salzburg/National,B2C,National,Print + Digital,High,circulation-reported,https://www.sn.at,VERIFIED
AT,Krone Bunt,Sunday mag,Sunday lifestyle,Sunday,Mediaprint,Mediaprint,Mediaprint,Krone Sunday lifestyle supplement,,AT,Affluent Lifestyle,Krone Sunday readers,B2C,National,Print,High,Sunday-edition,https://www.krone.at,LIKELY_OK
AT,Kurier am Sonntag,Sunday,Sunday edition,Sunday,Kurier Medienhaus,Kurier Medienhaus,Mediaprint,Kurier Sunday,,AT,News (National Mid-market),General consumer,B2C,National,Print + Digital,Medium,Sunday-edition,https://kurier.at,LIKELY_OK
AT,Kleine Zeitung,Daily,Regional,Daily (Mon-Sun),Styria Media Group AG,Styria Media Group AG,Styria Media Sales,Styria/Carinthia largest regional,250000,AT,News (Regional),Styria/Carinthia consumer,B2C,Regional,Print + Digital,High,"circulation-reported, high-circulation",https://www.kleinezeitung.at,LIKELY_OK
AT,Oberösterreichische Nachrichten (OÖN),Daily,Regional,Daily (Mon-Sat),Wimmer Medien,Wimmer Medien,OÖN Anzeigen,Upper Austria,105000,AT,News (Regional),Upper Austria consumer,B2C,Regional,Print + Digital,High,"circulation-reported, high-circulation",https://www.nachrichten.at,VERIFIED
AT,Tiroler Tageszeitung,Daily,Regional,Daily (Mon-Sat),Moser Holding,Moser Holding,Moser Anzeigen,Tyrol,90000,AT,News (Regional),Tyrol consumer,B2C,Regional,Print + Digital,Medium,circulation-reported,https://www.tt.com,VERIFIED
AT,Vorarlberger Nachrichten,Daily,Regional,Daily (Mon-Sat),Russmedia,Russmedia,Russmedia Anzeigen,Vorarlberg leading paper,60000,AT,News (Regional),Vorarlberg consumer,B2C,Regional,Print + Digital,Medium,circulation-reported,https://www.vn.at,VERIFIED
AT,Neue Vorarlberger Tageszeitung (NEUE),Daily,Regional,Daily (Mon-Sat),Russmedia,Russmedia,Russmedia Anzeigen,Vorarlberg second,20000,AT,News (Regional),Vorarlberg consumer,B2C,Regional,Print + Digital,Medium,circulation-reported,https://www.neue.at,VERIFIED
AT,Kärntner Tageszeitung,Daily,Regional,Daily (Mon-Sat),Kärntner Druck-Verlag,Kärntner Druck-Verlag,KTZ Anzeigen,Carinthia,25000,AT,News (Regional),Carinthia consumer,B2C,Regional,Print + Digital,Medium,circulation-reported,https://www.ktz.at,VERIFIED
AT,NÖN,Weekly,Regional,Weekly,NÖ Pressehaus,NÖ Pressehaus,NÖN Anzeigen,Lower Austria 28-edition umbrella,130000,AT,News (Regional),Lower Austria consumer,B2C,Regional,Print + Digital,Medium,"circulation-reported, high-circulation",https://www.noen.at,LIKELY_OK
AT,BVZ Burgenländische Volkszeitung,Weekly,Regional,Weekly,NÖ Pressehaus,NÖ Pressehaus,NÖN Anzeigen,Burgenland,25000,AT,News (Regional),Burgenland consumer,B2C,Regional,Print + Digital,Medium,circulation-reported,https://www.bvz.at,LIKELY_OK
AT,Wiener Bezirkszeitung,Weekly,Local,Weekly,RMA Regional Medien Austria,RMA Regional Medien Austria,RMA Anzeigen,Vienna district free weeklies,,AT,News (Local),Vienna local,B2C,Local,Print + Digital,Medium,free-distribution,https://www.meinbezirk.at,VERIFIED
AT,MeinBezirk.at,Digital,Local platform,Daily (digital),RMA Regional Medien Austria,RMA Regional Medien Austria,RMA Anzeigen,120 regional weekly editions digital,,AT,News (Local),Local consumer,B2C,Local,Digital,High,digital-only,https://www.meinbezirk.at,VERIFIED
AT,News,Weekly mag,News magazine,Weekly,VGN Medien Holding,VGN Medien Holding,VGN Anzeigen,Austrian news magazine,100000,AT,Politics & Current Affairs,Politically engaged adults,B2C,National,Print + Digital,High,"circulation-reported, high-circulation",https://www.news.at,VERIFIED
AT,profil,Weekly mag,News magazine,Weekly,Kurier Medienhaus,Kurier Medienhaus,profil Anzeigen,"News weekly, investigative",50000,AT,Politics & Current Affairs,Politically engaged adults,B2C,National,Print + Digital,High,"circulation-reported, investigative, liberal",https://www.profil.at,VERIFIED
AT,Falter,Weekly,Quality weekly,Weekly,Falter Zeitschriften,Falter Zeitschriften,Falter Anzeigen,Vienna alternative left,30000,AT,Politics & Current Affairs,Politically engaged adults,B2C,National,Print + Digital,High,"circulation-reported, left-leaning, investigative",https://falter.at,VERIFIED
AT,Trend,Monthly mag,Business,Monthly,VGN Medien Holding,VGN Medien Holding,VGN Anzeigen,Business monthly,40000,AT,Business & Finance,Business decision-makers,B2C,National,Print + Digital,High,circulation-reported,https://trend.at,VERIFIED
AT,Gewinn,Monthly mag,Personal finance,Monthly,Gewinn Verlag,Gewinn Verlag,Gewinn Anzeigen,Personal finance/investing,35000,AT,Business & Finance,Private investors,B2C,National,Print + Digital,High,circulation-reported,https://www.gewinn.com,VERIFIED
AT,Forbes Austria,Bi-monthly,Business,Bi-monthly,Forbes Media,Forbes Media,Forbes Anzeigen,Forbes AT edition,,AT,Business & Finance,Business decision-makers,B2C,National,Print + Digital,High,,https://www.forbes.at,LIKELY_OK
AT,Datum,Monthly mag,Quality long-form,10x/year,Falter,Falter,Datum Anzeigen,Long-form journalism,20000,AT,Politics & Current Affairs,Quality journalism consumers,B2C,National,Print + Digital,Medium,"circulation-reported, investigative",https://www.datum.at,VERIFIED
AT,Bühne,Monthly mag,Theatre/culture,Monthly,Bundestheater,Bundestheater,Bühne Anzeigen,Theatre/culture monthly,30000,AT,Arts & Culture,Theatre fans,B2C,National,Print + Digital,Medium,circulation-reported,https://www.bühne.at,UNVERIFIED
AT,Woman,Weekly mag,Women's lifestyle,Weekly,VGN Medien Holding,VGN Medien Holding,VGN Anzeigen,Largest Austrian women's weekly,80000,AT,Women's Lifestyle,Women 25-49,B2C,National,Print + Digital,High,"circulation-reported, high-circulation",https://www.woman.at,VERIFIED
AT,Wienerin,Monthly mag,Women's lifestyle,Monthly,Echo Medienhaus,Echo Medienhaus,Wienerin Anzeigen,Vienna women's,40000,AT,Women's Lifestyle,Vienna women 25-49,B2C,Regional,Print + Digital,Medium,circulation-reported,https://wienerin.at,VERIFIED
AT,Madonna,Weekly mag,Women's mass market,Weekly,Mediengruppe Österreich,Mediengruppe Österreich,oe24 Anzeigen,Free women's weekly with oe24,480000,AT,Women's Lifestyle,Mass market women,B2C,National,Print + Digital,Medium,"circulation-reported, mass-circulation, free-distribution",https://www.madonna.at,VERIFIED
AT,Wiener,Monthly mag,Vienna lifestyle,Monthly,Echo Medienhaus,Echo Medienhaus,Wiener Anzeigen,Vienna lifestyle premium,25000,AT,Affluent Lifestyle,Vienna affluent,B2C,Regional,Print + Digital,Medium,circulation-reported,https://www.wiener.co.at,VERIFIED
AT,Look! Magazin,Monthly mag,Women's lifestyle,Monthly,Selbstständig,Selbstständig,Look! Anzeigen,Premium women's,20000,AT,Women's Lifestyle,Affluent women,B2C,National,Print + Digital,Medium,circulation-reported,https://looklive.at,VERIFIED
AT,DIVA,Monthly mag,Women's luxury,Monthly,Selbstständig,Selbstständig,DIVA Anzeigen,Luxury women's,15000,AT,Fashion,Affluent women,B2C,National,Print + Digital,Medium,circulation-reported,https://www.diva.at,LIKELY_OK
AT,News Lust aufs Leben,Monthly mag,Lifestyle 50+,Monthly,VGN Medien Holding,VGN Medien Holding,VGN Anzeigen,Lifestyle 50+,50000,AT,Seniors 55+,Adults 50+,B2C,National,Print + Digital,Medium,circulation-reported,https://www.lust-aufs-leben.at,VERIFIED
AT,Welt der Frau,Monthly mag,Catholic women,Monthly,Welt der Frau Verlag,Welt der Frau Verlag,WdF Anzeigen,Catholic women's,60000,AT,Women's Lifestyle,Catholic women 50+,B2C,National,Print + Digital,Medium,circulation-reported,https://www.welt-der-frau.at,LIKELY_OK
AT,First,Monthly mag,Women's lifestyle,Monthly,First Magazin Verlag,First Magazin Verlag,First Anzeigen,Premium women's,,AT,Women's Lifestyle,Affluent women 30+,B2C,National,Print + Digital,Medium,,https://www.first.at,VERIFIED
AT,Maxima,Monthly mag,Women's lifestyle,Monthly,Selbstständig,Selbstständig,Maxima Anzeigen,Women's monthly,30000,AT,Women's Lifestyle,Women 30+,B2C,National,Print + Digital,Medium,circulation-reported,https://www.maxima.at,VERIFIED
AT,Servus in Stadt & Land,Monthly mag,Country lifestyle,Monthly,Red Bull Media House,Red Bull Media House,Red Bull Media Sales,Largest country lifestyle phenomenon,240000,AT,Outdoor & Adventure,Country lifestyle readers,B2C,National,Print + Digital,High,"circulation-reported, mass-circulation",https://www.servus.com,VERIFIED
AT,Servus Magazin,Monthly mag,Lifestyle,Monthly,Red Bull Media House,Red Bull Media House,Red Bull Media Sales,Servus brand extension,,AT,Outdoor & Adventure,Country lifestyle readers,B2C,National,Print + Digital,High,,https://www.servus.com,VERIFIED
AT,Bergwelten,Bi-monthly,Alpine,Bi-monthly,Red Bull Media House,Red Bull Media House,Red Bull Media Sales,Alpine outdoor magazine,70000,AT,Outdoor & Adventure,Alpine enthusiasts,B2C,National,Print + Digital,High,circulation-reported,https://www.bergwelten.com,VERIFIED
AT,Land & Berge,Monthly mag,Country lifestyle,Monthly,Selbstständig,Selbstständig,Land & Berge Anzeigen,Alpine country lifestyle,30000,AT,Outdoor & Adventure,Country lifestyle readers,B2C,National,Print + Digital,Medium,circulation-reported,https://www.landundberge.de,VERIFIED
AT,Falstaff Österreich,Bi-monthly,Wine/food,Bi-monthly,Falstaff Verlag,Falstaff Verlag,Falstaff Anzeigen,"Originated in AT, wine/food premium",50000,AT,Food & Drink,Affluent foodies,B2C,National,Print + Digital,High,"circulation-reported, high-circulation",https://www.falstaff.com,VERIFIED
AT,A la Carte,Bi-monthly,Food/restaurant,Bi-monthly,Style Verlag,Style Verlag,A la Carte Anzeigen,Restaurant guide,30000,AT,Food & Drink,Affluent foodies,B2C,National,Print + Digital,Medium,circulation-reported,https://alacarte.at,VERIFIED
AT,Living,Monthly mag,Home/interior,Monthly,RTL Deutschland (Bertelsmann),RTL Deutschland (Bertelsmann),IP Österreich,AT edition,25000,AT,Home & Interior,Home enthusiasts,B2C,National,Print + Digital,Medium,circulation-reported,https://www.living.at,VERIFIED
AT,schöner wohnen Österreich,Monthly mag,Home,Monthly,RTL Deutschland (Bertelsmann),RTL Deutschland (Bertelsmann),IP Österreich,Premium home,,AT,Home & Interior,Affluent home enthusiasts,B2C,National,Print + Digital,Medium,,https://www.schoener-wohnen.de,LIKELY_OK
AT,ÖAMTC AutoTouring,Monthly mag,Auto club,Monthly,ÖAMTC,ÖAMTC,ÖAMTC Anzeigen,ÖAMTC member magazine (Austrian ADAC),2100000,AT,Auto & Motor,ÖAMTC members,B2C,National,Print + Digital,High,"circulation-reported, mass-circulation",https://www.oeamtc.at/autotouring,VERIFIED
AT,ARBÖ Freie Fahrt,Bi-monthly,Auto club,Bi-monthly,ARBÖ,ARBÖ,ARBÖ Anzeigen,ARBÖ member magazine,,AT,Auto & Motor,ARBÖ members,B2C,National,Print + Digital,Medium,,https://www.arboe.at,VERIFIED
AT,autorevue,Monthly mag,Cars,Monthly,VGN Medien Holding,VGN Medien Holding,VGN Anzeigen,Austrian car magazine,40000,AT,Auto & Motor,Car enthusiasts,B2C,National,Print + Digital,Medium,circulation-reported,https://autorevue.at,VERIFIED
AT,Sportwoche,Weekly mag,Sports,Weekly,Mediengruppe Österreich,Mediengruppe Österreich,oe24 Anzeigen,Sports weekly,,AT,Sports,Sports fans,B2C,National,Print + Digital,Medium,,http://www.sportwoche.at/,VERIFIED
AT,Bergsteiger,Monthly mag,Mountaineering,Monthly,Bruckmann Verlag,Bruckmann Verlag,Bruckmann Anzeigen,Mountaineering magazine,35000,AT,Outdoor & Adventure,Climbing enthusiasts,B2C,National,Print + Digital,Medium,circulation-reported,https://www.bergsteiger.de,VERIFIED
AT,ÖAV Bergauf,Quarterly,Alpine,Quarterly,Alpenverein Österreich,Alpenverein Österreich,ÖAV Anzeigen,Austrian Alpine Club member mag,600000,AT,Outdoor & Adventure,Alpine club members,B2C,National,Print + Digital,Medium,"circulation-reported, mass-circulation",https://www.alpenverein.at,VERIFIED
AT,derStandard.at,Digital,Quality digital,Daily (digital),STANDARD Medien AG,STANDARD Medien AG,Standard Anzeigen,"Quality digital, large forum community",,AT,News (General),Politically engaged adults,B2C,National,Digital,High,digital-only,https://www.derstandard.at,VERIFIED
AT,oe24.at,Digital,Tabloid digital,Daily (digital),Mediengruppe Österreich,Mediengruppe Österreich,oe24 Anzeigen,Tabloid + TV channel,,AT,News (General),Mass market consumer,B2C,National,Digital,High,digital-only,https://www.oe24.at,VERIFIED
AT,ORF.at,Digital,Public broadcaster,Daily (digital),ORF (public),ORF (public),ORF Enterprise,Austrian public broadcaster,,AT,News (General),All Austrians,B2C,National,Digital,High,digital-only,https://orf.at,VERIFIED
AT,krone.at,Digital,Tabloid digital,Daily (digital),Mediaprint,Mediaprint,Mediaprint,Krone digital arm,,AT,News (General),Mass market consumer,B2C,National,Digital,High,digital-only,https://www.krone.at,LIKELY_OK
AT,kleinezeitung.at,Digital,Regional digital,Daily (digital),Styria Media Group AG,Styria Media Group AG,Styria Media Sales,Kleine Zeitung digital,,AT,News (Regional),Styria/Carinthia consumer,B2C,Regional,Digital,High,digital-only,https://www.kleinezeitung.at,LIKELY_OK
AT,Kurier.at,Digital,Mid-market digital,Daily (digital),Kurier Medienhaus,Kurier Medienhaus,Kurier Anzeigen,Kurier digital,,AT,News (General),General consumer,B2C,National,Digital,High,digital-only,https://kurier.at,LIKELY_OK
AT,dossier.at,Digital,Investigative,Weekly (digital),Verein Dossier,Verein Dossier,dossier Anzeigen,Investigative non-profit,,AT,Politics & Current Affairs,Politically engaged adults,B2C,National,Digital,Medium,"digital-only, investigative",https://www.dossier.at,VERIFIED
AT,zackzack.at,Digital,Political,Daily (digital),Selbstständig,Selbstständig,zackzack Anzeigen,Critical political,,AT,Politics & Current Affairs,Politically engaged adults,B2C,National,Digital,Low,digital-only,https://zackzack.at,VERIFIED
AT,Österreichische Ärztezeitung,Fortnightly,Medical,Fortnightly,Österreichische Ärztekammer,Österreichische Ärztekammer,Verlagshaus der Ärzte,Doctors' official journal,45000,AT,B2B – Healthcare,All Austrian doctors,B2B,National,Print + Digital,High,circulation-reported,https://www.aerztezeitung.at,VERIFIED
AT,Österreichische Apothekerzeitung,Fortnightly,Pharmacy,Fortnightly,Österreichische Apothekerkammer,Österreichische Apothekerkammer,ÖAZ Anzeigen,Pharmacy professional,6000,AT,B2B – Healthcare,Pharmacists,B2B,National,Print + Digital,High,circulation-reported,https://www.apothekerverlag.at,VERIFIED
AT,medianet medicine,Monthly mag,Medical industry,Monthly,medianet Verlag,medianet Verlag,medianet Anzeigen,Healthcare industry,,AT,B2B – Healthcare,Healthcare industry,B2B,National,Print + Digital,Medium,,https://www.medianet.at,VERIFIED
AT,Stomatologie,Monthly mag,Dental,Monthly,Springer Verlag Wien,Springer Verlag Wien,Springer Vienna Anzeigen,Dental journal,,AT,B2B – Healthcare,Dentists,B2B,National,Print + Digital,Medium,,https://stomatologie.at,VERIFIED
AT,Architektur Aktuell,Monthly mag,Architecture,Monthly,Springer Verlag Wien,Springer Verlag Wien,Springer Vienna Anzeigen,Austrian architecture,10000,AT,B2B – Construction & Property,Architects,B2B,National,Print + Digital,High,circulation-reported,https://www.architektur-aktuell.at,VERIFIED
AT,Solid,Monthly mag,Construction,Monthly,WEKA Industrie Medien,WEKA Industrie Medien,WEKA AT Anzeigen,Construction industry,18000,AT,B2B – Construction & Property,Construction pros,B2B,National,Print + Digital,High,circulation-reported,https://www.solidbau.at,VERIFIED
AT,Bau-Aktuell,Monthly mag,Construction,Monthly,WEKA Industrie Medien,WEKA Industrie Medien,WEKA AT Anzeigen,Construction trade,15000,AT,B2B – Construction & Property,Construction pros,B2B,National,Print + Digital,Medium,circulation-reported,https://bauaktuell.at,UNVERIFIED
AT,Industrie Magazin,Monthly mag,Industrial,Monthly,WEKA Industrie Medien,WEKA Industrie Medien,WEKA AT Anzeigen,Industrial monthly,20000,AT,B2B – Engineering,Industrial managers,B2B,National,Print + Digital,High,circulation-reported,https://industriemagazin.at,VERIFIED
AT,Horizont Austria,Weekly mag,Marketing/media,Weekly,dfv Mediengruppe,dfv Mediengruppe,Horizont Anzeigen,AT edition of Horizont,10000,AT,B2B – Marketing & Media,Marketing & media pros,B2B,National,Print + Digital,High,circulation-reported,https://www.horizont.at,VERIFIED
AT,Bestseller Austria,Monthly mag,Marketing,Monthly,Manstein Verlag,Manstein Verlag,Manstein Anzeigen,Marketing/sales monthly,12000,AT,B2B – Marketing & Media,Marketing pros,B2B,National,Print + Digital,High,circulation-reported,https://www.manstein.at,LIKELY_OK
AT,medianet,Weekly mag,Marketing/economy,Weekly,medianet Verlag,medianet Verlag,medianet Anzeigen,Marketing/economy weekly,20000,AT,B2B – Marketing & Media,Business/marketing pros,B2B,National,Print + Digital,High,circulation-reported,https://www.medianet.at,VERIFIED
AT,Der Österreichische Journalist,Bi-monthly,Journalism,Bi-monthly,Oberauer Verlag,Oberauer Verlag,Oberauer Anzeigen,Journalism industry,8000,AT,B2B – Marketing & Media,Journalists,B2B,National,Print + Digital,Medium,circulation-reported,https://www.oberauer.com,VERIFIED
AT,Top Agrar Österreich,Monthly mag,Farming,Monthly,Landwirtschaftsverlag Münster,Landwirtschaftsverlag Münster,LV Anzeigen,AT edition of top agrar,25000,AT,B2B – Agriculture,Farmers,B2B,National,Print + Digital,High,circulation-reported,https://www.topagrar.at,VERIFIED
AT,Bauernzeitung,Weekly mag,Farming,Weekly,Bauernzeitung Verlag,Bauernzeitung Verlag,Bauernzeitung Anzeigen,Austrian Farmers weekly,80000,AT,B2B – Agriculture,Farmers,B2B,National,Print + Digital,High,"circulation-reported, high-circulation",https://www.bauernzeitung.at,VERIFIED
AT,Blick ins Land,Monthly mag,Farming,Monthly,SPV Verlag,SPV Verlag,SPV Anzeigen,Farming monthly,40000,AT,B2B – Agriculture,Farmers,B2B,National,Print + Digital,High,circulation-reported,https://www.blickinsland.at,VERIFIED
AT,ÖGZ Österreichische Gastronomie-Zeitung,Weekly mag,Hospitality,Weekly,Manstein Verlag,Manstein Verlag,Manstein Anzeigen,Hospitality weekly,15000,AT,B2B – Hospitality,Hospitality pros,B2B,National,Print + Digital,High,circulation-reported,https://www.gast.at,VERIFIED
AT,Cash,Monthly mag,Retail/FMCG,Monthly,Manstein Verlag,Manstein Verlag,Manstein Anzeigen,Retail/FMCG trade,15000,AT,B2B – Retail,Retail pros,B2B,National,Print + Digital,High,circulation-reported,https://www.cash.at,VERIFIED
AT,Regal,Monthly mag,Retail,Monthly,Regal Verlag,Regal Verlag,Regal Anzeigen,Grocery retail trade,18000,AT,B2B – Retail,Grocery trade,B2B,National,Print + Digital,High,circulation-reported,https://www.regal.at,VERIFIED
AT,Österreichische Juristen-Zeitung (ÖJZ),Fortnightly,Legal,Fortnightly,Manz Verlag,Manz Verlag,Manz Anzeigen,Austrian legal journal,8000,AT,B2B – Legal,Lawyers,B2B,National,Print + Digital,High,circulation-reported,https://www.manz.at,VERIFIED
AT,Anwalt aktuell,Monthly mag,Lawyers,Monthly,Selbstständig,Selbstständig,Anwalt aktuell Anzeigen,Practical legal magazine,5000,AT,B2B – Legal,Lawyers,B2B,National,Print + Digital,Medium,circulation-reported,https://www.anwaltaktuell.at,VERIFIED
AT,Computerwelt,Fortnightly,IT,Fortnightly,IDG Communications Austria,IDG Communications Austria,IDG AT Anzeigen,AT edition of Computerwoche,15000,AT,B2B – IT & Tech,IT professionals,B2B,National,Print + Digital,High,circulation-reported,http://computerwelt.at/,VERIFIED
AT,monitor,Monthly mag,IT/Business,Monthly,Bohmann Verlag,Bohmann Verlag,Bohmann Anzeigen,IT/business monthly,15000,AT,B2B – IT & Tech,IT decision-makers,B2B,National,Print + Digital,Medium,circulation-reported,https://monitor.at,VERIFIED
AT,Verkehr,Weekly mag,Transport,Weekly,Bohmann Verlag,Bohmann Verlag,Bohmann Anzeigen,Transport industry,12000,AT,B2B – Transport & Logistics,Transport pros,B2B,National,Print + Digital,High,circulation-reported,https://www.verkehr.co.at,VERIFIED
AT,Versicherungsrundschau Austria,Monthly mag,Insurance,Monthly,Manz Verlag,Manz Verlag,Manz Anzeigen,Austrian insurance,6000,AT,B2B – Finance & Insurance,Insurance pros,B2B,National,Print + Digital,Medium,circulation-reported,https://www.versicherungsrundschau.at,VERIFIED
AT,TAI Tourist Austria International,Monthly mag,Tourism,Monthly,Selbstständig,Selbstständig,TAI Anzeigen,Tourism industry,,AT,B2B – Travel Trade,Travel trade pros,B2B,National,Print + Digital,Medium,,https://www.tai.at,VERIFIED
AT,Die Furche,Weekly,Catholic intellectual,Weekly,Styria Media Group AG,Styria Media Group AG,Styria Media Sales,Catholic intellectual weekly,12000,AT,Religion,Religious (Catholic intellectual),B2C,National,Print + Digital,Low,circulation-reported,https://www.furche.at,VERIFIED
AT,Sonntag (Kirche),Weekly,Catholic diocesan,Weekly,Kirchenzeitung Linz/Wien,Kirchenzeitung Linz/Wien,KZ Anzeigen,Diocesan weeklies,,AT,Religion,Religious (Catholic),B2C,Regional,Print,Low,,https://www.dersonntag.at,VERIFIED
AT,Glaube + Heimat,Weekly,Protestant,Weekly,Evangelische Kirche AT,Evangelische Kirche AT,G+H Anzeigen,Protestant weekly,,AT,Religion,Religious (Protestant),B2C,National,Print + Digital,Low,,https://www.evang.at,VERIFIED
AT,Kathpress,Digital,Catholic news,Daily (digital),Österreichische Bischofskonferenz,Österreichische Bischofskonferenz,Kathpress Anzeigen,Catholic news agency,,AT,Religion,Religious (Catholic),B2B,National,Digital,Low,digital-only,https://www.kathpress.at,VERIFIED
CH,20 Minuten,Daily,Free national tabloid,Daily (Mon-Fri),TX Group AG,TX Group AG,Goldbach (Sales partner),"Zürich, biggest free commuter daily in CH",450000,CH,News (National Tabloid),Mass market consumer,B2C,National,Print + Digital,High,"circulation-reported, mass-circulation, free-distribution",https://www.20min.ch,VERIFIED
CH,Blick,Daily,National tabloid,Daily (Mon-Sat),Ringier AG,Ringier AG,Ringier Advertising,Zürich tabloid,105000,CH,News (National Tabloid),Mass market consumer,B2C,National,Print + Digital,High,"circulation-reported, high-circulation, tabloid",https://www.blick.ch,LIKELY_OK
CH,Tages-Anzeiger,Daily,National quality,Daily (Mon-Sat),TX Group AG (Tamedia),TX Group AG (Tamedia),Goldbach,"Zürich quality, liberal",130000,CH,News (National Quality),Affluent 35+ (luxury),B2C,National,Print + Digital,High,"circulation-reported, high-circulation, liberal",https://www.tagesanzeiger.ch,VERIFIED
CH,Neue Zürcher Zeitung (NZZ),Daily,National quality,Daily (Mon-Sat),NZZ-Mediengruppe,NZZ-Mediengruppe,NZZ Anzeigen,"Zürich liberal-conservative quality, est. 1780",95000,CH,News (National Quality),Affluent 35+ (luxury),B2C,National,Print + Digital,High,"circulation-reported, historic, pre-1900-founded, liberal-conservative",https://www.nzz.ch,VERIFIED
CH,Aargauer Zeitung,Daily,Regional,Daily (Mon-Sat),CH Media (NZZ + AZ Medien JV),CH Media (NZZ + AZ Medien JV),CH Media Sales,Aargau cantonal paper,130000,CH,News (Regional),Aargau consumer,B2C,Regional,Print + Digital,Medium,"circulation-reported, high-circulation",https://www.aargauerzeitung.ch,LIKELY_OK
CH,Luzerner Zeitung,Daily,Regional,Daily (Mon-Sat),CH Media,CH Media,CH Media Sales,Lucerne central Switzerland,110000,CH,News (Regional),Central Switzerland,B2C,Regional,Print + Digital,Medium,"circulation-reported, high-circulation",https://www.luzernerzeitung.ch,LIKELY_OK
CH,St. Galler Tagblatt,Daily,Regional,Daily (Mon-Sat),CH Media,CH Media,CH Media Sales,Eastern Switzerland,110000,CH,News (Regional),Eastern Switzerland,B2C,Regional,Print + Digital,Medium,"circulation-reported, high-circulation",https://www.tagblatt.ch,LIKELY_OK
CH,Bund (Der Bund),Daily,Regional quality,Daily (Mon-Sat),TX Group AG,TX Group AG,Goldbach,Bern quality liberal,35000,CH,News (Regional),Bern consumer,B2C,Regional,Print + Digital,Medium,circulation-reported,https://www.derbund.ch,VERIFIED
CH,Berner Zeitung,Daily,Regional,Daily (Mon-Sat),TX Group AG,TX Group AG,Goldbach,Bern largest,110000,CH,News (Regional),Bern consumer,B2C,Regional,Print + Digital,Medium,"circulation-reported, high-circulation",https://www.bernerzeitung.ch,VERIFIED
CH,Basler Zeitung (BaZ),Daily,Regional,Daily (Mon-Sat),TX Group AG,TX Group AG,Goldbach,Basel main paper,50000,CH,News (Regional),Basel consumer,B2C,Regional,Print + Digital,Medium,circulation-reported,https://www.bazonline.ch,VERIFIED
CH,Bz Basel,Daily,Regional,Daily (Mon-Sat),CH Media,CH Media,CH Media Sales,Basel alternative,30000,CH,News (Regional),Basel consumer,B2C,Regional,Print + Digital,Medium,circulation-reported,https://www.bzbasel.ch,LIKELY_OK
CH,Südostschweiz,Daily,Regional,Daily (Mon-Sat),Somedia,Somedia,Somedia Anzeigen,Graubünden + Glarus regional,70000,CH,News (Regional),Graubünden/Glarus,B2C,Regional,Print + Digital,Medium,circulation-reported,https://www.suedostschweiz.ch,VERIFIED
CH,Neue Luzerner Zeitung,Daily,Regional,Daily (Mon-Sat),CH Media,CH Media,CH Media Sales,Lucerne,,CH,News (Regional),Lucerne consumer,B2C,Regional,Print + Digital,Medium,,https://www.luzernerzeitung.ch,LIKELY_OK
CH,Walliser Bote,Daily,Regional,Daily (Mon-Sat),Mengis Medien,Mengis Medien,Mengis Anzeigen,German-speaking Valais,22000,CH,News (Regional),Wallis consumer,B2C,Regional,Print + Digital,Medium,circulation-reported,https://www.walliserbote.ch,VERIFIED
CH,Liechtensteiner Vaterland,Daily,Regional (LI),Daily (Mon-Sat),Vaduzer Medienhaus,Vaduzer Medienhaus,Vaduzer Medienhaus Anzeigen,Liechtenstein-CH market,11000,CH,News (Regional),Liechtenstein/CH border,B2C,Regional,Print + Digital,Medium,circulation-reported,https://www.vaterland.li,VERIFIED
CH,20 minutes (FR),Daily,Free tabloid,Daily (Mon-Fri),TX Group AG,TX Group AG,Goldbach,Lausanne French-language free,200000,CH,News (National Tabloid),Mass market consumer,B2C,National,Print + Digital,High,"circulation-reported, free-distribution",https://www.20min.ch/fr,VERIFIED
CH,Le Temps,Daily,National quality,Daily (Mon-Sat),Ringier Axel Springer Switzerland,Ringier Axel Springer Switzerland,Ringier Advertising,Geneva quality French (Le Monde-like),35000,CH,News (National Quality),Affluent 35+ (luxury),B2C,National,Print + Digital,High,circulation-reported,https://www.letemps.ch,VERIFIED
CH,24 heures,Daily,Regional quality,Daily (Mon-Sat),TX Group AG,TX Group AG,Goldbach,Lausanne main French paper,50000,CH,News (Regional),Lausanne consumer,B2C,Regional,Print + Digital,Medium,circulation-reported,https://heures.ch,VERIFIED
CH,Tribune de Genève,Daily,Regional quality,Daily (Mon-Sat),TX Group AG,TX Group AG,Goldbach,Geneva main paper,35000,CH,News (Regional),Geneva consumer,B2C,Regional,Print + Digital,Medium,circulation-reported,https://www.tdg.ch,VERIFIED
CH,Le Matin Dimanche,Sunday,Sunday paper,Sunday,TX Group AG,TX Group AG,Goldbach,French Sunday (Le Matin daily closed 2018),130000,CH,News (National Mid-market),French CH mass market,B2C,National,Print + Digital,High,"circulation-reported, Sunday-edition, high-circulation",https://www.lematindimanche.ch,VERIFIED
CH,Le Nouvelliste,Daily,Regional,Daily (Mon-Sat),ESH Médias (Hersant),ESH Médias (Hersant),ESH Anzeigen,Valais French,40000,CH,News (Regional),French Valais consumer,B2C,Regional,Print + Digital,Medium,circulation-reported,https://www.lenouvelliste.ch,VERIFIED
CH,La Liberté,Daily,Regional,Daily (Mon-Sat),Groupe Saint-Paul,Groupe Saint-Paul,Saint-Paul Anzeigen,Fribourg main French paper,35000,CH,News (Regional),Fribourg consumer,B2C,Regional,Print + Digital,Medium,circulation-reported,https://www.laliberte.ch,VERIFIED
CH,L'Express / L'Impartial,Daily,Regional,Daily (Mon-Sat),ESH Médias,ESH Médias,ESH Anzeigen,Neuchâtel area,30000,CH,News (Regional),Neuchâtel consumer,B2C,Regional,Print + Digital,Medium,circulation-reported,https://www.arcinfo.ch,VERIFIED
CH,Le Courrier,Daily,Left-wing daily,Daily (Mon-Sat),Selbstständig (cooperative),Selbstständig (cooperative),Le Courrier Anzeigen,Geneva left-wing alternative,8000,CH,News (National Quality),Left-wing readers,B2C,National,Print + Digital,Medium,"circulation-reported, left-leaning",https://lecourrier.ch,VERIFIED
CH,ArcInfo,Daily,Regional,Daily (Mon-Sat),ESH Médias,ESH Médias,ESH Anzeigen,Neuchâtel canton,,CH,News (Regional),Neuchâtel consumer,B2C,Regional,Print + Digital,Medium,,https://www.arcinfo.ch,VERIFIED
CH,Corriere del Ticino,Daily,Regional,Daily (Mon-Sat),Corriere del Ticino SA,Corriere del Ticino SA,CdT Anzeigen,Italian Switzerland main paper,30000,CH,News (Regional),Ticino consumer,B2C,Regional,Print + Digital,Medium,circulation-reported,https://www.cdt.ch,VERIFIED
CH,La Regione,Daily,Regional,Daily (Mon-Sat),Regiopress SA,Regiopress SA,La Regione Anzeigen,Italian Switzerland alternative,25000,CH,News (Regional),Ticino consumer,B2C,Regional,Print + Digital,Medium,circulation-reported,https://www.laregione.ch,VERIFIED
CH,Il Caffè,Sunday,Italian Sunday,Sunday,Corriere del Ticino SA,Corriere del Ticino SA,CdT Anzeigen,Italian CH Sunday,50000,CH,News (Regional),Ticino consumer,B2C,Regional,Print + Digital,Medium,"circulation-reported, Sunday-edition",https://www.caffe.ch,VERIFIED
CH,NZZ am Sonntag,Sunday,National quality Sunday,Sunday,NZZ-Mediengruppe,NZZ-Mediengruppe,NZZ Anzeigen,Quality Sunday paper,100000,CH,News (National Quality),Affluent 35+ (luxury),B2C,National,Print + Digital,High,"circulation-reported, high-circulation, Sunday-edition, liberal-conservative",https://www.nzz.ch/nzzas,VERIFIED
CH,SonntagsBlick,Sunday,National tabloid Sunday,Sunday,Ringier AG,Ringier AG,Ringier Advertising,Tabloid Sunday,120000,CH,News (National Tabloid),Mass market consumer,B2C,National,Print + Digital,High,"circulation-reported, high-circulation, Sunday-edition, tabloid",https://www.blick.ch/sonntagsblick,LIKELY_OK
CH,Sonntagszeitung,Sunday,National quality Sunday,Sunday,TX Group AG,TX Group AG,Goldbach,Quality Sunday,120000,CH,News (National Quality),Affluent 35+ (luxury),B2C,National,Print + Digital,High,"circulation-reported, high-circulation, Sunday-edition, liberal",https://www.sonntagszeitung.ch,VERIFIED
CH,Schweiz am Wochenende,Saturday,Weekend regional,Saturday,CH Media,CH Media,CH Media Sales,CH Media regional weekend edition,130000,CH,News (Regional),Regional consumer,B2C,National,Print + Digital,Medium,"circulation-reported, high-circulation",https://www.aargauerzeitung.ch/schweizamwochenende,LIKELY_OK
CH,WOZ Die Wochenzeitung,Weekly,Quality left-wing weekly,Weekly,infoLink AG,infoLink AG,WOZ Anzeigen,Zurich left-wing alternative weekly,15000,CH,Politics & Current Affairs,Left-wing readers,B2C,National,Print + Digital,Medium,"circulation-reported, left-leaning, investigative",https://www.woz.ch,VERIFIED
CH,Migros Magazin,Weekly mag,Retailer member mag,Weekly,Migros (cooperative),Migros (cooperative),Migros Media Sales,Migros member magazine - HUGE,1500000,CH,Affluent Lifestyle,Migros members,B2C,National,Print + Digital,High,"circulation-reported, mass-circulation, free-distribution",https://www.migrosmagazin.ch,VERIFIED
CH,Coopzeitung,Weekly mag,Retailer member mag,Weekly,Coop Genossenschaft,Coop Genossenschaft,Coop Media Sales,Coop member magazine - HUGE,2400000,CH,Affluent Lifestyle,Coop members,B2C,National,Print + Digital,High,"circulation-reported, mass-circulation, free-distribution",https://www.coopzeitung.ch,VERIFIED
CH,Touring (TCS),Monthly mag,Auto club,Monthly,Touring Club Schweiz (TCS),Touring Club Schweiz (TCS),TCS Anzeigen,TCS member magazine (Swiss ADAC equivalent),1300000,CH,Auto & Motor,TCS members,B2C,National,Print + Digital,High,"circulation-reported, mass-circulation",https://www.tcs.ch,VERIFIED
CH,Tele 7,Weekly mag,TV listings,Weekly,TX Group AG,TX Group AG,Goldbach,Swiss TV listings,350000,CH,TV & Listings,TV viewers,B2C,National,Print + Digital,High,"circulation-reported, high-circulation",https://www.tele7.ch,VERIFIED
CH,Schweizer Illustrierte,Weekly mag,Celebrity/lifestyle,Weekly,Ringier AG,Ringier AG,Ringier Advertising,Celebrity weekly (DE-CH),100000,CH,Celebrity & Gossip,Women 30+,B2C,National,Print + Digital,High,"circulation-reported, high-circulation",https://www.schweizer-illustrierte.ch,VERIFIED
CH,L'Illustré,Weekly mag,Celebrity/lifestyle FR,Weekly,Ringier Axel Springer Switzerland,Ringier Axel Springer Switzerland,Ringier Advertising,French CH celebrity weekly,60000,CH,Celebrity & Gossip,FR-CH women 30+,B2C,National,Print + Digital,High,circulation-reported,https://www.illustre.ch,VERIFIED
CH,Annabelle,Fortnightly,Women's lifestyle,Fortnightly,TX Group AG,TX Group AG,Goldbach,Premier Swiss women's lifestyle since 1938,65000,CH,Women's Lifestyle,Women 30-49,B2C,National,Print + Digital,High,"circulation-reported, historic",https://www.annabelle.ch,VERIFIED
CH,Glamour Schweiz,Monthly mag,Fashion,Monthly,Condé Nast Germany,Condé Nast Germany,Condé Nast Anzeigen,Fashion (German Glamour with CH edition),,CH,Fashion,Women 18-34,B2C,National,Print + Digital,High,,https://www.glamour.de,LIKELY_OK
CH,Beobachter,Fortnightly,Consumer rights,Fortnightly,Ringier AG,Ringier AG,Ringier Advertising,Consumer rights/practical guidance,280000,CH,Politics & Current Affairs,Consumer rights readers,B2C,National,Print + Digital,High,"circulation-reported, mass-circulation",https://www.beobachter.ch,VERIFIED
CH,Schweizer Familie,Weekly mag,Family/lifestyle,Weekly,TX Group AG,TX Group AG,Goldbach,Family weekly,145000,CH,Family & Parenting,Swiss families,B2C,National,Print + Digital,High,"circulation-reported, high-circulation",https://www.schweizerfamilie.ch,VERIFIED
CH,Wir Eltern,Monthly mag,Parenting,Monthly,TX Group AG,TX Group AG,Goldbach,Parenting magazine,30000,CH,Family & Parenting,Parents,B2C,National,Print + Digital,Medium,circulation-reported,https://www.wireltern.ch,VERIFIED
CH,FIT for LIFE,Monthly mag,Fitness,Monthly,Galledia Fachmedien,Galledia Fachmedien,Galledia Anzeigen,Swiss fitness magazine,35000,CH,Health & Fitness,Fitness enthusiasts,B2C,National,Print + Digital,Medium,circulation-reported,https://www.fitforlife.ch,VERIFIED
CH,Schweizer LandLiebe,Monthly mag,Country lifestyle,Monthly,Ringier AG,Ringier AG,Ringier Advertising,"Country lifestyle, similar to Landlust",90000,CH,Outdoor & Adventure,Country lifestyle readers,B2C,National,Print + Digital,High,"circulation-reported, high-circulation",https://www.landliebe.ch,VERIFIED
CH,Schweizer Garten,Monthly mag,Garden,Monthly,Selbstständig,Selbstständig,Schweizer Garten Anzeigen,Garden magazine,30000,CH,Garden,Garden enthusiasts,B2C,National,Print + Digital,Medium,circulation-reported,https://www.schweizergarten.ch,VERIFIED
CH,Femina,Weekly mag,Women's lifestyle FR,Weekly,Ringier Axel Springer Switzerland,Ringier Axel Springer Switzerland,Ringier Advertising,French CH women's weekly,50000,CH,Women's Lifestyle,FR-CH women 30+,B2C,National,Print + Digital,Medium,circulation-reported,https://www.femina.ch,VERIFIED
CH,Frau und Mutter,Monthly mag,Catholic women,Monthly,SKF Schweizerischer Katholischer Frauenbund,SKF Schweizerischer Katholischer Frauenbund,SKF Anzeigen,Catholic women's,35000,CH,Women's Lifestyle,Catholic women 50+,B2C,National,Print + Digital,Medium,circulation-reported,https://www.frauenbund.ch,VERIFIED
CH,Bilanz,Monthly mag,Business,Monthly,Ringier AG,Ringier AG,Ringier Advertising,Swiss premier business monthly (DE),50000,CH,Business & Finance,Business decision-makers,B2C,National,Print + Digital,High,circulation-reported,https://www.bilanz.ch,VERIFIED
CH,Bilan,Monthly mag,Business FR,Monthly,Ringier Axel Springer Switzerland,Ringier Axel Springer Switzerland,Ringier Advertising,French CH business monthly,25000,CH,Business & Finance,FR-CH business decision-makers,B2C,National,Print + Digital,High,circulation-reported,https://www.bilan.ch,VERIFIED
CH,Handelszeitung,Weekly mag,Business weekly,Weekly,Ringier AG,Ringier AG,Ringier Advertising,Swiss business weekly,30000,CH,Business & Finance,Business decision-makers,B2C,National,Print + Digital,High,circulation-reported,https://www.handelszeitung.ch,VERIFIED
CH,Cash,Digital,Business/finance digital,Daily (digital),Ringier AG,Ringier AG,Ringier Advertising,Business/personal finance digital,,CH,Business & Finance,Investors/business readers,B2C,National,Digital,High,digital-only,https://www.cash.ch,VERIFIED
CH,Finanz und Wirtschaft,Twice weekly,Financial markets,Wed + Sat,TX Group AG,TX Group AG,Goldbach,Stock market/finance newspaper,22000,CH,Business & Finance,Investors,B2C,National,Print + Digital,High,circulation-reported,https://www.fuw.ch,VERIFIED
CH,HR Today,Bi-monthly,HR,Bi-monthly,jobindex media,jobindex media,HR Today Anzeigen,HR magazine,12000,CH,B2B – HR & Management,HR pros,B2B,National,Print + Digital,Medium,circulation-reported,https://www.hrtoday.ch,VERIFIED
CH,PME,Monthly mag,Business FR (SME),Monthly,Ringier Axel Springer Switzerland,Ringier Axel Springer Switzerland,Ringier Advertising,SME magazine French CH,15000,CH,B2B – SME,FR-CH SME owners,B2B,National,Print + Digital,Medium,circulation-reported,https://www.pme.ch,VERIFIED
CH,Le Temps Magazine,Monthly mag,Quality monthly FR,Monthly,Ringier Axel Springer Switzerland,Ringier Axel Springer Switzerland,Ringier Advertising,Le Temps Sunday mag,,CH,Affluent Lifestyle,Affluent FR-CH,B2C,National,Print + Digital,High,,https://www.letemps.ch,VERIFIED
CH,Watson,Digital,News digital,Daily (digital),AZ Medien (CH Media),AZ Medien (CH Media),CH Media Sales,Younger news digital,,CH,News (General),Younger digital news consumers,B2C,National,Digital,High,digital-only,https://www.watson.ch,VERIFIED
CH,Nau.ch,Digital,News digital,Daily (digital),Nau Media,Nau Media,Nau Anzeigen,Mass digital news,,CH,News (General),Mass market consumer,B2C,National,Digital,High,digital-only,https://www.nau.ch,VERIFIED
CH,Republik,Digital,Quality investigative,Daily (digital),Project R Genossenschaft,Project R Genossenschaft,Republik Anzeigen,Subscriber-funded investigative,,CH,News (General),Quality journalism consumers,B2C,National,Digital,Medium,"digital-only, investigative",https://www.republik.ch,VERIFIED
CH,Heidi.news,Digital,Quality investigative FR,Daily (digital),Heidi.news,Heidi.news,Heidi.news Anzeigen,French CH investigative digital,,CH,Politics & Current Affairs,Politically engaged adults,B2C,National,Digital,Medium,digital-only,https://www.heidi.news,VERIFIED
CH,Inside Paradeplatz,Digital,Financial news/critical,Daily (digital),Selbstständig,Selbstständig,Inside Paradeplatz Anzeigen,Financial journalism critical,,CH,Business & Finance,Banking insiders,B2B,National,Digital,Medium,digital-only,https://insideparadeplatz.ch,VERIFIED
CH,SRF.ch,Digital,Public broadcaster,Daily (digital),SRG SSR (public),SRG SSR (public),Admeira,Swiss public broadcaster,,CH,News (General),All Swiss,B2C,National,Digital,High,digital-only,https://www.srf.ch,VERIFIED
CH,rts.ch,Digital,Public broadcaster FR,Daily (digital),SRG SSR (public),SRG SSR (public),Admeira,French CH public broadcaster,,CH,News (General),FR-CH consumer,B2C,National,Digital,High,digital-only,https://www.rts.ch,VERIFIED
CH,rsi.ch,Digital,Public broadcaster IT,Daily (digital),SRG SSR (public),SRG SSR (public),Admeira,Italian CH public broadcaster,,CH,News (General),Ticino consumer,B2C,Regional,Digital,High,digital-only,https://www.rsi.ch,VERIFIED
CH,Schweizerische Ärztezeitung,Weekly mag,Medical,Weekly,EMH Schweizerischer Ärzteverlag,EMH Schweizerischer Ärzteverlag,EMH Anzeigen,Doctors' official journal,40000,CH,B2B – Healthcare,All Swiss doctors,B2B,National,Print + Digital,High,circulation-reported,https://www.fmh.ch,UNVERIFIED
CH,pharmaJournal,Monthly mag,Pharmacy,Monthly,PharmaSuisse,PharmaSuisse,PharmaSuisse Anzeigen,Pharmacy professional,8000,CH,B2B – Healthcare,Pharmacists,B2B,National,Print + Digital,Medium,circulation-reported,https://www.pharmasuisse.org,VERIFIED
CH,CompetenceCH (Krankenpflege Soins infirmiers),Monthly mag,Nursing,Monthly,SBK ASI,SBK ASI,SBK Anzeigen,Swiss Nurses Association mag,30000,CH,B2B – Healthcare,Nurses,B2B,National,Print + Digital,Medium,circulation-reported,https://www.sbk.ch,VERIFIED
CH,Hochparterre,Monthly mag,Architecture,Monthly,Hochparterre AG,Hochparterre AG,Hochparterre Anzeigen,Swiss architecture monthly,12000,CH,B2B – Construction & Property,Architects,B2B,National,Print + Digital,High,circulation-reported,https://www.hochparterre.ch,VERIFIED
CH,Schweizer Bauer,Weekly mag,Farming,Twice weekly,Schweizer Bauer Verlag,Schweizer Bauer Verlag,Schweizer Bauer Anzeigen,Swiss farmers weekly,50000,CH,B2B – Agriculture,Farmers,B2B,National,Print + Digital,High,circulation-reported,https://www.schweizerbauer.ch,VERIFIED
CH,Landfreund,Weekly mag,Farming,Weekly,Schweizer Bauernverband,Schweizer Bauernverband,SBV Anzeigen,Farmers magazine,45000,CH,B2B – Agriculture,Farmers,B2B,National,Print + Digital,High,circulation-reported,https://www.landfreund.ch,VERIFIED
CH,Schweizer Hotelier,Monthly mag,Hospitality,10x/year,HotellerieSuisse,HotellerieSuisse,HotellerieSuisse Anzeigen,Swiss hospitality industry,8000,CH,B2B – Hospitality,Hospitality pros,B2B,National,Print + Digital,High,circulation-reported,https://www.hotellerie-suisse.ch,LIKELY_OK
CH,GastroJournal,Weekly mag,Hospitality,Weekly,GastroSuisse,GastroSuisse,GastroSuisse Anzeigen,Hospitality trade weekly,20000,CH,B2B – Hospitality,Hospitality pros,B2B,National,Print + Digital,High,circulation-reported,https://www.gastrojournal.ch,VERIFIED
CH,Persönlich,Monthly mag,Marketing/PR,Monthly,Persönlich Verlag,Persönlich Verlag,Persönlich Anzeigen,Marketing/PR/communications industry,12000,CH,B2B – Marketing & Media,Marketing pros,B2B,National,Print + Digital,High,circulation-reported,https://www.persoenlich.com,VERIFIED
CH,Werbewoche,Monthly mag,Marketing,Monthly,Medienform AG,Medienform AG,Werbewoche Anzeigen,Advertising industry,8000,CH,B2B – Marketing & Media,Advertising pros,B2B,National,Print + Digital,Medium,circulation-reported,https://werbewoche.ch,VERIFIED
CH,Bilanz Top 100 Anwälte,Annual,Legal market,Annual,Ringier AG,Ringier AG,Ringier Advertising,Top lawyers ranking,,CH,B2B – Legal,Top lawyers,B2B,National,Print + Digital,Medium,,https://www.bilanz.ch,VERIFIED
CH,Plädoyer,Bi-monthly,Legal popular,Bi-monthly,Konsumenteninfo AG,Konsumenteninfo AG,Konsumenteninfo Anzeigen,Legal magazine for consumers/lawyers,30000,CH,B2B – Legal,Legal community + interested public,B2B,National,Print + Digital,Medium,circulation-reported,https://www.plaedoyer.ch,VERIFIED
CH,Anwaltsrevue (Revue de l'avocat),Monthly mag,Lawyers,Monthly,Helbing Lichtenhahn,Helbing Lichtenhahn,Helbing Anzeigen,Swiss Bar Association journal,8000,CH,B2B – Legal,Lawyers,B2B,National,Print + Digital,Medium,circulation-reported,https://www.sav-fsa.ch,UNVERIFIED
CH,Schweizer Versicherung,Monthly mag,Insurance,Monthly,Schweizerischer Versicherungsverband (SVV),Schweizerischer Versicherungsverband (SVV),SVV Anzeigen,Insurance industry,8000,CH,B2B – Finance & Insurance,Insurance pros,B2B,National,Print + Digital,Medium,circulation-reported,https://www.svv.ch,VERIFIED
CH,Schweizer Verkehrs Revue,Monthly mag,Transport,Monthly,VAP Verband,VAP Verband,VAP Anzeigen,Transport industry,,CH,B2B – Transport & Logistics,Transport pros,B2B,National,Print + Digital,Medium,,https://cargorail.ch,VERIFIED
CH,Auto Illustrierte,Monthly mag,Cars,Monthly,Selbstständig,Selbstständig,Auto Illustrierte Anzeigen,Swiss car magazine,30000,CH,Auto & Motor,Car enthusiasts,B2C,National,Print + Digital,Medium,circulation-reported,https://www.auto-illustrierte.ch,VERIFIED
CH,Schweizer Jäger,Monthly mag,Hunting,Monthly,Schweizer Jagdverband,Schweizer Jagdverband,Jagdverband Anzeigen,Hunting magazine,25000,CH,Hunting & Fishing,Hunters,B2C,National,Print + Digital,Medium,circulation-reported,https://www.schweizerjaeger.ch,VERIFIED
CH,Petri-Heil,Monthly mag,Fishing,Monthly,Selbstständig,Selbstständig,Petri-Heil Anzeigen,Fishing magazine,18000,CH,Hunting & Fishing,Anglers,B2C,National,Print + Digital,Medium,circulation-reported,https://petri-heil.ch,VERIFIED
CH,Berge,Quarterly,Mountaineering,Quarterly,Selbstständig,Selbstständig,Berge Anzeigen,Alpine/outdoor,,CH,Outdoor & Adventure,Climbing enthusiasts,B2C,National,Print + Digital,Medium,,https://www.bergsteiger.de,UNVERIFIED
CH,reformiert.,Monthly mag,Protestant,Monthly,Reformierte Kirche,Reformierte Kirche,reformiert Anzeigen,Protestant member newspaper,700000,CH,Religion,Religious (Protestant),B2C,National,Print + Digital,Low,"circulation-reported, mass-circulation, free-distribution",https://www.reformiert.info,VERIFIED
CH,Pfarrblatt,Weekly,Catholic diocesan,Weekly,Various Catholic dioceses,Various Catholic dioceses,Pfarrblatt Anzeigen,Catholic diocesan weeklies,800000,CH,Religion,Religious (Catholic),B2C,Regional,Print,Low,"mass-circulation, free-distribution",https://www.pfarreiforum.ch,VERIFIED
CH,Idea Schweiz,Weekly mag,Evangelical,Weekly,Idea Schweiz e.V.,Idea Schweiz e.V.,Idea Anzeigen,Evangelical Christian weekly,15000,CH,Religion,Religious (Evangelical),B2C,National,Print + Digital,Low,circulation-reported,https://www.ideaschweiz.ch,VERIFIED
CH,Cath.ch,Digital,Catholic news FR,Daily (digital),Catholic Church Switzerland,Catholic Church Switzerland,Cath.ch Anzeigen,French CH Catholic news,,CH,Religion,Religious (Catholic) FR,B2C,National,Digital,Low,digital-only,https://www.cath.ch,VERIFIED
